<?xml version="1.0" encoding="UTF-8"?>
<gpx creator="Garmin Connect" version="1.1"
  xsi:schemaLocation="http://www.topografix.com/GPX/1/1 http://www.topografix.com/GPX/11.xsd"
  xmlns:ns3="http://www.garmin.com/xmlschemas/TrackPointExtension/v1"
  xmlns="http://www.topografix.com/GPX/1/1"
  xmlns:xsi="http://www.w3.org/2001/XMLSchema-instance" xmlns:ns2="http://www.garmin.com/xmlschemas/GpxExtensions/v3">
  <metadata>
    <link href="connect.garmin.com">
      <text>Garmin Connect</text>
    </link>
    <time>2026-07-11T09:58:16.000Z</time>
  </metadata>
  <trk>
    <name>Arvika Hiking</name>
    <type>hiking</type>
    <trkseg>
      <trkpt lat="59.48093734681606292724609375" lon="12.535332329571247100830078125">
        <ele>148.1999969482421875</ele>
        <time>2026-07-11T09:58:57.000Z</time>
        <extensions>
          <ns3:TrackPointExtension>
            <ns3:atemp>30.0</ns3:atemp>
            <ns3:cad>0</ns3:cad>
          </ns3:TrackPointExtension>
        </extensions>
      </trkpt>
      <trkpt lat="59.48085260577499866485595703125" lon="12.53545294515788555145263671875">
        <ele>144.600006103515625</ele>
        <time>2026-07-11T09:58:58.000Z</time>
        <extensions>
          <ns3:TrackPointExtension>
            <ns3:atemp>30.0</ns3:atemp>
            <ns3:cad>0</ns3:cad>
          </ns3:TrackPointExtension>
        </extensions>
      </trkpt>
      <trkpt lat="59.4808669388294219970703125" lon="12.53530391491949558258056640625">
        <ele>144.600006103515625</ele>
        <time>2026-07-11T09:59:04.000Z</time>
        <extensions>
          <ns3:TrackPointExtension>
            <ns3:atemp>30.0</ns3:atemp>
            <ns3:cad>0</ns3:cad>
          </ns3:TrackPointExtension>
        </extensions>
      </trkpt>
      <trkpt lat="59.480870626866817474365234375" lon="12.5352540425956249237060546875">
        <ele>144.8000030517578125</ele>
        <time>2026-07-11T09:59:07.000Z</time>
        <extensions>
          <ns3:TrackPointExtension>
            <ns3:atemp>30.0</ns3:atemp>
            <ns3:cad>0</ns3:cad>
          </ns3:TrackPointExtension>
        </extensions>
      </trkpt>
      <trkpt lat="59.4808536954224109649658203125" lon="12.5352288968861103057861328125">
        <ele>144.8000030517578125</ele>
        <time>2026-07-11T09:59:13.000Z</time>
        <extensions>
          <ns3:TrackPointExtension>
            <ns3:atemp>30.0</ns3:atemp>
            <ns3:cad>0</ns3:cad>
          </ns3:TrackPointExtension>
        </extensions>
      </trkpt>
      <trkpt lat="59.48084958828985691070556640625" lon="12.53521288745105266571044921875">
        <ele>144.8000030517578125</ele>
        <time>2026-07-11T09:59:19.000Z</time>
        <extensions>
          <ns3:TrackPointExtension>
            <ns3:atemp>30.0</ns3:atemp>
            <ns3:cad>0</ns3:cad>
          </ns3:TrackPointExtension>
        </extensions>
      </trkpt>
      <trkpt lat="59.48084573261439800262451171875" lon="12.53520391881465911865234375">
        <ele>144.8000030517578125</ele>
        <time>2026-07-11T09:59:25.000Z</time>
        <extensions>
          <ns3:TrackPointExtension>
            <ns3:atemp>30.0</ns3:atemp>
            <ns3:cad>0</ns3:cad>
          </ns3:TrackPointExtension>
        </extensions>
      </trkpt>
      <trkpt lat="59.4808479957282543182373046875" lon="12.53522328101098537445068359375">
        <ele>145</ele>
        <time>2026-07-11T09:59:28.000Z</time>
        <extensions>
          <ns3:TrackPointExtension>
            <ns3:atemp>30.0</ns3:atemp>
            <ns3:cad>0</ns3:cad>
          </ns3:TrackPointExtension>
        </extensions>
      </trkpt>
      <trkpt lat="59.48084254749119281768798828125" lon="12.5352312438189983367919921875">
        <ele>144.600006103515625</ele>
        <time>2026-07-11T09:59:34.000Z</time>
        <extensions>
          <ns3:TrackPointExtension>
            <ns3:atemp>30.0</ns3:atemp>
            <ns3:cad>0</ns3:cad>
          </ns3:TrackPointExtension>
        </extensions>
      </trkpt>
      <trkpt lat="59.48084254749119281768798828125" lon="12.5352312438189983367919921875">
        <ele>144.600006103515625</ele>
        <time>2026-07-11T09:59:37.000Z</time>
        <extensions>
          <ns3:TrackPointExtension>
            <ns3:atemp>30.0</ns3:atemp>
            <ns3:cad>0</ns3:cad>
          </ns3:TrackPointExtension>
        </extensions>
      </trkpt>
      <trkpt lat="59.48084455914795398712158203125" lon="12.5352312438189983367919921875">
        <ele>144.8000030517578125</ele>
        <time>2026-07-11T09:59:43.000Z</time>
        <extensions>
          <ns3:TrackPointExtension>
            <ns3:atemp>30.0</ns3:atemp>
            <ns3:cad>0</ns3:cad>
          </ns3:TrackPointExtension>
        </extensions>
      </trkpt>
      <trkpt lat="59.480868615210056304931640625" lon="12.535113058984279632568359375">
        <ele>144.600006103515625</ele>
        <time>2026-07-11T09:59:49.000Z</time>
        <extensions>
          <ns3:TrackPointExtension>
            <ns3:atemp>30.0</ns3:atemp>
            <ns3:cad>0</ns3:cad>
          </ns3:TrackPointExtension>
        </extensions>
      </trkpt>
      <trkpt lat="59.48086651973426342010498046875" lon="12.5350676290690898895263671875">
        <ele>144.399993896484375</ele>
        <time>2026-07-11T09:59:51.000Z</time>
        <extensions>
          <ns3:TrackPointExtension>
            <ns3:atemp>30.0</ns3:atemp>
            <ns3:cad>44</ns3:cad>
          </ns3:TrackPointExtension>
        </extensions>
      </trkpt>
      <trkpt lat="59.48087406344711780548095703125" lon="12.53500283695757389068603515625">
        <ele>144.1999969482421875</ele>
        <time>2026-07-11T09:59:55.000Z</time>
        <extensions>
          <ns3:TrackPointExtension>
            <ns3:atemp>30.0</ns3:atemp>
            <ns3:cad>0</ns3:cad>
          </ns3:TrackPointExtension>
        </extensions>
      </trkpt>
      <trkpt lat="59.480859227478504180908203125" lon="12.53500367514789104461669921875">
        <ele>144.1999969482421875</ele>
        <time>2026-07-11T10:00:01.000Z</time>
        <extensions>
          <ns3:TrackPointExtension>
            <ns3:atemp>30.0</ns3:atemp>
            <ns3:cad>0</ns3:cad>
          </ns3:TrackPointExtension>
        </extensions>
      </trkpt>
      <trkpt lat="59.4808604009449481964111328125" lon="12.53500350750982761383056640625">
        <ele>144.1999969482421875</ele>
        <time>2026-07-11T10:00:04.000Z</time>
        <extensions>
          <ns3:TrackPointExtension>
            <ns3:atemp>30.0</ns3:atemp>
            <ns3:cad>0</ns3:cad>
          </ns3:TrackPointExtension>
        </extensions>
      </trkpt>
      <trkpt lat="59.4808604009449481964111328125" lon="12.53500350750982761383056640625">
        <ele>144.1999969482421875</ele>
        <time>2026-07-11T10:00:10.000Z</time>
        <extensions>
          <ns3:TrackPointExtension>
            <ns3:atemp>30.0</ns3:atemp>
            <ns3:cad>0</ns3:cad>
          </ns3:TrackPointExtension>
        </extensions>
      </trkpt>
      <trkpt lat="59.4808604009449481964111328125" lon="12.53500350750982761383056640625">
        <ele>144.1999969482421875</ele>
        <time>2026-07-11T10:00:16.000Z</time>
        <extensions>
          <ns3:TrackPointExtension>
            <ns3:atemp>30.0</ns3:atemp>
            <ns3:cad>0</ns3:cad>
          </ns3:TrackPointExtension>
        </extensions>
      </trkpt>
      <trkpt lat="59.48085981421172618865966796875" lon="12.53500350750982761383056640625">
        <ele>144.1999969482421875</ele>
        <time>2026-07-11T10:00:22.000Z</time>
        <extensions>
          <ns3:TrackPointExtension>
            <ns3:atemp>30.0</ns3:atemp>
            <ns3:cad>0</ns3:cad>
          </ns3:TrackPointExtension>
        </extensions>
      </trkpt>
      <trkpt lat="59.4808573834598064422607421875" lon="12.53499965183436870574951171875">
        <ele>144</ele>
        <time>2026-07-11T10:00:28.000Z</time>
        <extensions>
          <ns3:TrackPointExtension>
            <ns3:atemp>30.0</ns3:atemp>
            <ns3:cad>0</ns3:cad>
          </ns3:TrackPointExtension>
        </extensions>
      </trkpt>
      <trkpt lat="59.48082410730421543121337890625" lon="12.53489077091217041015625">
        <ele>144</ele>
        <time>2026-07-11T10:00:33.000Z</time>
        <extensions>
          <ns3:TrackPointExtension>
            <ns3:atemp>30.0</ns3:atemp>
            <ns3:cad>46</ns3:cad>
          </ns3:TrackPointExtension>
        </extensions>
      </trkpt>
      <trkpt lat="59.48077373206615447998046875" lon="12.5347259826958179473876953125">
        <ele>143.8000030517578125</ele>
        <time>2026-07-11T10:00:39.000Z</time>
        <extensions>
          <ns3:TrackPointExtension>
            <ns3:atemp>30.0</ns3:atemp>
            <ns3:cad>48</ns3:cad>
          </ns3:TrackPointExtension>
        </extensions>
      </trkpt>
      <trkpt lat="59.48076828382909297943115234375" lon="12.53463822416961193084716796875">
        <ele>144</ele>
        <time>2026-07-11T10:00:42.000Z</time>
        <extensions>
          <ns3:TrackPointExtension>
            <ns3:atemp>30.0</ns3:atemp>
            <ns3:cad>48</ns3:cad>
          </ns3:TrackPointExtension>
        </extensions>
      </trkpt>
      <trkpt lat="59.4807581417262554168701171875" lon="12.53456848673522472381591796875">
        <ele>144.1999969482421875</ele>
        <time>2026-07-11T10:00:48.000Z</time>
        <extensions>
          <ns3:TrackPointExtension>
            <ns3:atemp>30.0</ns3:atemp>
            <ns3:cad>43</ns3:cad>
          </ns3:TrackPointExtension>
        </extensions>
      </trkpt>
      <trkpt lat="59.480747245252132415771484375" lon="12.53454484976828098297119140625">
        <ele>144.399993896484375</ele>
        <time>2026-07-11T10:00:50.000Z</time>
        <extensions>
          <ns3:TrackPointExtension>
            <ns3:atemp>30.0</ns3:atemp>
            <ns3:cad>43</ns3:cad>
          </ns3:TrackPointExtension>
        </extensions>
      </trkpt>
      <trkpt lat="59.48072318919003009796142578125" lon="12.53449070267379283905029296875">
        <ele>145</ele>
        <time>2026-07-11T10:00:56.000Z</time>
        <extensions>
          <ns3:TrackPointExtension>
            <ns3:atemp>30.0</ns3:atemp>
            <ns3:cad>41</ns3:cad>
          </ns3:TrackPointExtension>
        </extensions>
      </trkpt>
      <trkpt lat="59.4807165674865245819091796875" lon="12.53448349423706531524658203125">
        <ele>145</ele>
        <time>2026-07-11T10:00:57.000Z</time>
        <extensions>
          <ns3:TrackPointExtension>
            <ns3:atemp>30.0</ns3:atemp>
            <ns3:cad>41</ns3:cad>
          </ns3:TrackPointExtension>
        </extensions>
      </trkpt>
      <trkpt lat="59.48069368489086627960205078125" lon="12.5344651378691196441650390625">
        <ele>145.1999969482421875</ele>
        <time>2026-07-11T10:01:03.000Z</time>
        <extensions>
          <ns3:TrackPointExtension>
            <ns3:atemp>29.0</ns3:atemp>
            <ns3:cad>42</ns3:cad>
          </ns3:TrackPointExtension>
        </extensions>
      </trkpt>
      <trkpt lat="59.4799040257930755615234375" lon="12.53443286754190921783447265625">
        <ele>142.399993896484375</ele>
        <time>2026-07-11T10:02:44.000Z</time>
        <extensions>
          <ns3:TrackPointExtension>
            <ns3:atemp>31.0</ns3:atemp>
            <ns3:cad>0</ns3:cad>
          </ns3:TrackPointExtension>
        </extensions>
      </trkpt>
      <trkpt lat="59.47980235330760478973388671875" lon="12.5339667499065399169921875">
        <ele>142.399993896484375</ele>
        <time>2026-07-11T10:02:47.000Z</time>
        <extensions>
          <ns3:TrackPointExtension>
            <ns3:atemp>31.0</ns3:atemp>
            <ns3:cad>0</ns3:cad>
          </ns3:TrackPointExtension>
        </extensions>
      </trkpt>
      <trkpt lat="59.47987326420843601226806640625" lon="12.533886618912220001220703125">
        <ele>142.399993896484375</ele>
        <time>2026-07-11T10:02:53.000Z</time>
        <extensions>
          <ns3:TrackPointExtension>
            <ns3:atemp>31.0</ns3:atemp>
            <ns3:cad>0</ns3:cad>
          </ns3:TrackPointExtension>
        </extensions>
      </trkpt>
      <trkpt lat="59.4798659719526767730712890625" lon="12.53386524505913257598876953125">
        <ele>142.399993896484375</ele>
        <time>2026-07-11T10:02:56.000Z</time>
        <extensions>
          <ns3:TrackPointExtension>
            <ns3:atemp>31.0</ns3:atemp>
            <ns3:cad>0</ns3:cad>
          </ns3:TrackPointExtension>
        </extensions>
      </trkpt>
      <trkpt lat="59.479841999709606170654296875" lon="12.5338663347065448760986328125">
        <ele>142.399993896484375</ele>
        <time>2026-07-11T10:03:02.000Z</time>
        <extensions>
          <ns3:TrackPointExtension>
            <ns3:atemp>31.0</ns3:atemp>
            <ns3:cad>0</ns3:cad>
          </ns3:TrackPointExtension>
        </extensions>
      </trkpt>
      <trkpt lat="59.478765763342380523681640625" lon="12.5336292944848537445068359375">
        <ele>144</ele>
        <time>2026-07-11T10:04:42.000Z</time>
        <extensions>
          <ns3:TrackPointExtension>
            <ns3:atemp>32.0</ns3:atemp>
            <ns3:cad>48</ns3:cad>
          </ns3:TrackPointExtension>
        </extensions>
      </trkpt>
      <trkpt lat="59.47868186049163341522216796875" lon="12.53372308798134326934814453125">
        <ele>144</ele>
        <time>2026-07-11T10:04:44.000Z</time>
        <extensions>
          <ns3:TrackPointExtension>
            <ns3:atemp>32.0</ns3:atemp>
            <ns3:cad>48</ns3:cad>
          </ns3:TrackPointExtension>
        </extensions>
      </trkpt>
      <trkpt lat="59.4786355085670948028564453125" lon="12.53365167416632175445556640625">
        <ele>144</ele>
        <time>2026-07-11T10:04:50.000Z</time>
        <extensions>
          <ns3:TrackPointExtension>
            <ns3:atemp>32.0</ns3:atemp>
            <ns3:cad>48</ns3:cad>
          </ns3:TrackPointExtension>
        </extensions>
      </trkpt>
      <trkpt lat="59.47856870479881763458251953125" lon="12.5335518456995487213134765625">
        <ele>144</ele>
        <time>2026-07-11T10:04:56.000Z</time>
        <extensions>
          <ns3:TrackPointExtension>
            <ns3:atemp>32.0</ns3:atemp>
            <ns3:cad>50</ns3:cad>
          </ns3:TrackPointExtension>
        </extensions>
      </trkpt>
      <trkpt lat="59.47856468148529529571533203125" lon="12.53351747989654541015625">
        <ele>144</ele>
        <time>2026-07-11T10:04:57.000Z</time>
        <extensions>
          <ns3:TrackPointExtension>
            <ns3:atemp>32.0</ns3:atemp>
            <ns3:cad>50</ns3:cad>
          </ns3:TrackPointExtension>
        </extensions>
      </trkpt>
      <trkpt lat="59.4785540364682674407958984375" lon="12.53342385403811931610107421875">
        <ele>144</ele>
        <time>2026-07-11T10:05:03.000Z</time>
        <extensions>
          <ns3:TrackPointExtension>
            <ns3:atemp>32.0</ns3:atemp>
            <ns3:cad>48</ns3:cad>
          </ns3:TrackPointExtension>
        </extensions>
      </trkpt>
      <trkpt lat="59.47759472765028476715087890625" lon="12.533493004739284515380859375">
        <ele>144</ele>
        <time>2026-07-11T10:06:42.000Z</time>
        <extensions>
          <ns3:TrackPointExtension>
            <ns3:atemp>31.0</ns3:atemp>
            <ns3:cad>41</ns3:cad>
          </ns3:TrackPointExtension>
        </extensions>
      </trkpt>
      <trkpt lat="59.47777460329234600067138671875" lon="12.5334247760474681854248046875">
        <ele>144.1999969482421875</ele>
        <time>2026-07-11T10:06:43.000Z</time>
        <extensions>
          <ns3:TrackPointExtension>
            <ns3:atemp>31.0</ns3:atemp>
            <ns3:cad>75</ns3:cad>
          </ns3:TrackPointExtension>
        </extensions>
      </trkpt>
      <trkpt lat="59.47773822583258152008056640625" lon="12.53350985236465930938720703125">
        <ele>144.600006103515625</ele>
        <time>2026-07-11T10:06:45.000Z</time>
        <extensions>
          <ns3:TrackPointExtension>
            <ns3:atemp>31.0</ns3:atemp>
            <ns3:cad>75</ns3:cad>
          </ns3:TrackPointExtension>
        </extensions>
      </trkpt>
      <trkpt lat="59.47772615589201450347900390625" lon="12.53351236693561077117919921875">
        <ele>144.600006103515625</ele>
        <time>2026-07-11T10:06:48.000Z</time>
        <extensions>
          <ns3:TrackPointExtension>
            <ns3:atemp>31.0</ns3:atemp>
            <ns3:cad>75</ns3:cad>
          </ns3:TrackPointExtension>
        </extensions>
      </trkpt>
      <trkpt lat="59.47760931216180324554443359375" lon="12.5335134565830230712890625">
        <ele>145.600006103515625</ele>
        <time>2026-07-11T10:06:54.000Z</time>
        <extensions>
          <ns3:TrackPointExtension>
            <ns3:atemp>31.0</ns3:atemp>
            <ns3:cad>43</ns3:cad>
          </ns3:TrackPointExtension>
        </extensions>
      </trkpt>
      <trkpt lat="59.47756974957883358001708984375" lon="12.5334985367953777313232421875">
        <ele>145.8000030517578125</ele>
        <time>2026-07-11T10:06:57.000Z</time>
        <extensions>
          <ns3:TrackPointExtension>
            <ns3:atemp>31.0</ns3:atemp>
            <ns3:cad>43</ns3:cad>
          </ns3:TrackPointExtension>
        </extensions>
      </trkpt>
      <trkpt lat="59.47751174680888652801513671875" lon="12.533535920083522796630859375">
        <ele>146</ele>
        <time>2026-07-11T10:07:03.000Z</time>
        <extensions>
          <ns3:TrackPointExtension>
            <ns3:atemp>31.0</ns3:atemp>
            <ns3:cad>44</ns3:cad>
          </ns3:TrackPointExtension>
        </extensions>
      </trkpt>
      <trkpt lat="59.47751174680888652801513671875" lon="12.533535920083522796630859375">
        <ele>146.1999969482421875</ele>
        <time>2026-07-11T10:07:04.000Z</time>
        <extensions>
          <ns3:TrackPointExtension>
            <ns3:atemp>31.0</ns3:atemp>
            <ns3:cad>43</ns3:cad>
          </ns3:TrackPointExtension>
        </extensions>
      </trkpt>
      <trkpt lat="59.47654799558222293853759765625" lon="12.53278582356870174407958984375">
        <ele>144.600006103515625</ele>
        <time>2026-07-11T10:08:42.000Z</time>
        <extensions>
          <ns3:TrackPointExtension>
            <ns3:atemp>31.0</ns3:atemp>
            <ns3:cad>43</ns3:cad>
          </ns3:TrackPointExtension>
        </extensions>
      </trkpt>
      <trkpt lat="59.47663600556552410125732421875" lon="12.532763443887233734130859375">
        <ele>145</ele>
        <time>2026-07-11T10:08:45.000Z</time>
        <extensions>
          <ns3:TrackPointExtension>
            <ns3:atemp>31.0</ns3:atemp>
            <ns3:cad>44</ns3:cad>
          </ns3:TrackPointExtension>
        </extensions>
      </trkpt>
      <trkpt lat="59.47663198225200176239013671875" lon="12.53267317079007625579833984375">
        <ele>145.399993896484375</ele>
        <time>2026-07-11T10:08:51.000Z</time>
        <extensions>
          <ns3:TrackPointExtension>
            <ns3:atemp>31.0</ns3:atemp>
            <ns3:cad>45</ns3:cad>
          </ns3:TrackPointExtension>
        </extensions>
      </trkpt>
      <trkpt lat="59.4766317307949066162109375" lon="12.5326727516949176788330078125">
        <ele>145</ele>
        <time>2026-07-11T10:08:54.000Z</time>
        <extensions>
          <ns3:TrackPointExtension>
            <ns3:atemp>31.0</ns3:atemp>
            <ns3:cad>48</ns3:cad>
          </ns3:TrackPointExtension>
        </extensions>
      </trkpt>
      <trkpt lat="59.4766027294099330902099609375" lon="12.53259035758674144744873046875">
        <ele>145.399993896484375</ele>
        <time>2026-07-11T10:09:00.000Z</time>
        <extensions>
          <ns3:TrackPointExtension>
            <ns3:atemp>31.0</ns3:atemp>
            <ns3:cad>47</ns3:cad>
          </ns3:TrackPointExtension>
        </extensions>
      </trkpt>
      <trkpt lat="59.4765861332416534423828125" lon="12.5325664691627025604248046875">
        <ele>145.399993896484375</ele>
        <time>2026-07-11T10:09:02.000Z</time>
        <extensions>
          <ns3:TrackPointExtension>
            <ns3:atemp>31.0</ns3:atemp>
            <ns3:cad>47</ns3:cad>
          </ns3:TrackPointExtension>
        </extensions>
      </trkpt>
      <trkpt lat="59.47560511529445648193359375" lon="12.53147833049297332763671875">
        <ele>144.1999969482421875</ele>
        <time>2026-07-11T10:10:43.000Z</time>
        <extensions>
          <ns3:TrackPointExtension>
            <ns3:atemp>31.0</ns3:atemp>
            <ns3:cad>47</ns3:cad>
          </ns3:TrackPointExtension>
        </extensions>
      </trkpt>
      <trkpt lat="59.47556555271148681640625" lon="12.53145259805023670196533203125">
        <ele>144</ele>
        <time>2026-07-11T10:10:49.000Z</time>
        <extensions>
          <ns3:TrackPointExtension>
            <ns3:atemp>31.0</ns3:atemp>
            <ns3:cad>50</ns3:cad>
          </ns3:TrackPointExtension>
        </extensions>
      </trkpt>
      <trkpt lat="59.4755486212670803070068359375" lon="12.5314396061003208160400390625">
        <ele>144</ele>
        <time>2026-07-11T10:10:50.000Z</time>
        <extensions>
          <ns3:TrackPointExtension>
            <ns3:atemp>31.0</ns3:atemp>
            <ns3:cad>50</ns3:cad>
          </ns3:TrackPointExtension>
        </extensions>
      </trkpt>
      <trkpt lat="59.47548466734588146209716796875" lon="12.53137783147394657135009765625">
        <ele>144</ele>
        <time>2026-07-11T10:10:56.000Z</time>
        <extensions>
          <ns3:TrackPointExtension>
            <ns3:atemp>31.0</ns3:atemp>
            <ns3:cad>48</ns3:cad>
          </ns3:TrackPointExtension>
        </extensions>
      </trkpt>
      <trkpt lat="59.47545080445706844329833984375" lon="12.53137598745524883270263671875">
        <ele>144</ele>
        <time>2026-07-11T10:10:59.000Z</time>
        <extensions>
          <ns3:TrackPointExtension>
            <ns3:atemp>31.0</ns3:atemp>
            <ns3:cad>47</ns3:cad>
          </ns3:TrackPointExtension>
        </extensions>
      </trkpt>
      <trkpt lat="59.47543940506875514984130859375" lon="12.53138579428195953369140625">
        <ele>144</ele>
        <time>2026-07-11T10:11:00.000Z</time>
        <extensions>
          <ns3:TrackPointExtension>
            <ns3:atemp>31.0</ns3:atemp>
            <ns3:cad>47</ns3:cad>
          </ns3:TrackPointExtension>
        </extensions>
      </trkpt>
      <trkpt lat="59.47430265136063098907470703125" lon="12.531127966940402984619140625">
        <ele>144.399993896484375</ele>
        <time>2026-07-11T10:12:44.000Z</time>
        <extensions>
          <ns3:TrackPointExtension>
            <ns3:atemp>30.0</ns3:atemp>
            <ns3:cad>0</ns3:cad>
          </ns3:TrackPointExtension>
        </extensions>
      </trkpt>
      <trkpt lat="59.47431757114827632904052734375" lon="12.53142535686492919921875">
        <ele>144.600006103515625</ele>
        <time>2026-07-11T10:12:50.000Z</time>
        <extensions>
          <ns3:TrackPointExtension>
            <ns3:atemp>31.0</ns3:atemp>
            <ns3:cad>0</ns3:cad>
          </ns3:TrackPointExtension>
        </extensions>
      </trkpt>
      <trkpt lat="59.4742725603282451629638671875" lon="12.5314255245029926300048828125">
        <ele>144.600006103515625</ele>
        <time>2026-07-11T10:12:55.000Z</time>
        <extensions>
          <ns3:TrackPointExtension>
            <ns3:atemp>30.0</ns3:atemp>
            <ns3:cad>0</ns3:cad>
          </ns3:TrackPointExtension>
        </extensions>
      </trkpt>
      <trkpt lat="59.4742215983569622039794921875" lon="12.53140834160149097442626953125">
        <ele>144.600006103515625</ele>
        <time>2026-07-11T10:13:01.000Z</time>
        <extensions>
          <ns3:TrackPointExtension>
            <ns3:atemp>30.0</ns3:atemp>
            <ns3:cad>46</ns3:cad>
          </ns3:TrackPointExtension>
        </extensions>
      </trkpt>
      <trkpt lat="59.47371549904346466064453125" lon="12.5301695801317691802978515625">
        <ele>147.600006103515625</ele>
        <time>2026-07-11T10:14:42.000Z</time>
        <extensions>
          <ns3:TrackPointExtension>
            <ns3:atemp>30.0</ns3:atemp>
            <ns3:cad>48</ns3:cad>
          </ns3:TrackPointExtension>
        </extensions>
      </trkpt>
      <trkpt lat="59.4737548939883708953857421875" lon="12.53023219294846057891845703125">
        <ele>147.8000030517578125</ele>
        <time>2026-07-11T10:14:45.000Z</time>
        <extensions>
          <ns3:TrackPointExtension>
            <ns3:atemp>30.0</ns3:atemp>
            <ns3:cad>48</ns3:cad>
          </ns3:TrackPointExtension>
        </extensions>
      </trkpt>
      <trkpt lat="59.47373821400105953216552734375" lon="12.53021157346665859222412109375">
        <ele>148.399993896484375</ele>
        <time>2026-07-11T10:14:51.000Z</time>
        <extensions>
          <ns3:TrackPointExtension>
            <ns3:atemp>30.0</ns3:atemp>
            <ns3:cad>45</ns3:cad>
          </ns3:TrackPointExtension>
        </extensions>
      </trkpt>
      <trkpt lat="59.4737351126968860626220703125" lon="12.53018173389136791229248046875">
        <ele>148.600006103515625</ele>
        <time>2026-07-11T10:14:53.000Z</time>
        <extensions>
          <ns3:TrackPointExtension>
            <ns3:atemp>30.0</ns3:atemp>
            <ns3:cad>46</ns3:cad>
          </ns3:TrackPointExtension>
        </extensions>
      </trkpt>
      <trkpt lat="59.473748691380023956298828125" lon="12.5301380641758441925048828125">
        <ele>149</ele>
        <time>2026-07-11T10:14:55.000Z</time>
        <extensions>
          <ns3:TrackPointExtension>
            <ns3:atemp>30.0</ns3:atemp>
            <ns3:cad>46</ns3:cad>
          </ns3:TrackPointExtension>
        </extensions>
      </trkpt>
      <trkpt lat="59.47375581599771976470947265625" lon="12.52998475916683673858642578125">
        <ele>149.600006103515625</ele>
        <time>2026-07-11T10:15:01.000Z</time>
        <extensions>
          <ns3:TrackPointExtension>
            <ns3:atemp>30.0</ns3:atemp>
            <ns3:cad>44</ns3:cad>
          </ns3:TrackPointExtension>
        </extensions>
      </trkpt>
      <trkpt lat="59.4737659581005573272705078125" lon="12.5299702584743499755859375">
        <ele>149.8000030517578125</ele>
        <time>2026-07-11T10:15:02.000Z</time>
        <extensions>
          <ns3:TrackPointExtension>
            <ns3:atemp>30.0</ns3:atemp>
            <ns3:cad>44</ns3:cad>
          </ns3:TrackPointExtension>
        </extensions>
      </trkpt>
      <trkpt lat="59.4734863378107547760009765625" lon="12.52781267277896404266357421875">
        <ele>152.8000030517578125</ele>
        <time>2026-07-11T10:16:43.000Z</time>
        <extensions>
          <ns3:TrackPointExtension>
            <ns3:atemp>30.0</ns3:atemp>
            <ns3:cad>45</ns3:cad>
          </ns3:TrackPointExtension>
        </extensions>
      </trkpt>
      <trkpt lat="59.47357929311692714691162109375" lon="12.52779163420200347900390625">
        <ele>153.1999969482421875</ele>
        <time>2026-07-11T10:16:44.000Z</time>
        <extensions>
          <ns3:TrackPointExtension>
            <ns3:atemp>30.0</ns3:atemp>
            <ns3:cad>45</ns3:cad>
          </ns3:TrackPointExtension>
        </extensions>
      </trkpt>
      <trkpt lat="59.47370150126516819000244140625" lon="12.527675293385982513427734375">
        <ele>153.399993896484375</ele>
        <time>2026-07-11T10:16:47.000Z</time>
        <extensions>
          <ns3:TrackPointExtension>
            <ns3:atemp>30.0</ns3:atemp>
            <ns3:cad>44</ns3:cad>
          </ns3:TrackPointExtension>
        </extensions>
      </trkpt>
      <trkpt lat="59.47362556122243404388427734375" lon="12.5275373272597789764404296875">
        <ele>154</ele>
        <time>2026-07-11T10:16:53.000Z</time>
        <extensions>
          <ns3:TrackPointExtension>
            <ns3:atemp>30.0</ns3:atemp>
            <ns3:cad>45</ns3:cad>
          </ns3:TrackPointExtension>
        </extensions>
      </trkpt>
      <trkpt lat="59.47365204803645610809326171875" lon="12.5274451263248920440673828125">
        <ele>154.1999969482421875</ele>
        <time>2026-07-11T10:16:57.000Z</time>
        <extensions>
          <ns3:TrackPointExtension>
            <ns3:atemp>30.0</ns3:atemp>
            <ns3:cad>46</ns3:cad>
          </ns3:TrackPointExtension>
        </extensions>
      </trkpt>
      <trkpt lat="59.47366378270089626312255859375" lon="12.52741402946412563323974609375">
        <ele>154.399993896484375</ele>
        <time>2026-07-11T10:16:59.000Z</time>
        <extensions>
          <ns3:TrackPointExtension>
            <ns3:atemp>30.0</ns3:atemp>
            <ns3:cad>46</ns3:cad>
          </ns3:TrackPointExtension>
        </extensions>
      </trkpt>
      <trkpt lat="59.47366948239505290985107421875" lon="12.527397684752941131591796875">
        <ele>154.399993896484375</ele>
        <time>2026-07-11T10:17:00.000Z</time>
        <extensions>
          <ns3:TrackPointExtension>
            <ns3:atemp>30.0</ns3:atemp>
            <ns3:cad>46</ns3:cad>
          </ns3:TrackPointExtension>
        </extensions>
      </trkpt>
      <trkpt lat="59.4736720807850360870361328125" lon="12.52737446688115596771240234375">
        <ele>154.399993896484375</ele>
        <time>2026-07-11T10:17:01.000Z</time>
        <extensions>
          <ns3:TrackPointExtension>
            <ns3:atemp>30.0</ns3:atemp>
            <ns3:cad>46</ns3:cad>
          </ns3:TrackPointExtension>
        </extensions>
      </trkpt>
      <trkpt lat="59.47401582263410091400146484375" lon="12.5254086591303348541259765625">
        <ele>155.8000030517578125</ele>
        <time>2026-07-11T10:18:43.000Z</time>
        <extensions>
          <ns3:TrackPointExtension>
            <ns3:atemp>30.0</ns3:atemp>
            <ns3:cad>48</ns3:cad>
          </ns3:TrackPointExtension>
        </extensions>
      </trkpt>
      <trkpt lat="59.47400308214128017425537109375" lon="12.52528485842049121856689453125">
        <ele>155.8000030517578125</ele>
        <time>2026-07-11T10:18:45.000Z</time>
        <extensions>
          <ns3:TrackPointExtension>
            <ns3:atemp>30.0</ns3:atemp>
            <ns3:cad>46</ns3:cad>
          </ns3:TrackPointExtension>
        </extensions>
      </trkpt>
      <trkpt lat="59.47411573491990566253662109375" lon="12.525376640260219573974609375">
        <ele>155.8000030517578125</ele>
        <time>2026-07-11T10:18:50.000Z</time>
        <extensions>
          <ns3:TrackPointExtension>
            <ns3:atemp>30.0</ns3:atemp>
            <ns3:cad>44</ns3:cad>
          </ns3:TrackPointExtension>
        </extensions>
      </trkpt>
      <trkpt lat="59.4741793535649776458740234375" lon="12.52533816732466220855712890625">
        <ele>156</ele>
        <time>2026-07-11T10:18:56.000Z</time>
        <extensions>
          <ns3:TrackPointExtension>
            <ns3:atemp>30.0</ns3:atemp>
            <ns3:cad>0</ns3:cad>
          </ns3:TrackPointExtension>
        </extensions>
      </trkpt>
      <trkpt lat="59.47419100441038608551025390625" lon="12.525328360497951507568359375">
        <ele>156.399993896484375</ele>
        <time>2026-07-11T10:18:58.000Z</time>
        <extensions>
          <ns3:TrackPointExtension>
            <ns3:atemp>30.0</ns3:atemp>
            <ns3:cad>0</ns3:cad>
          </ns3:TrackPointExtension>
        </extensions>
      </trkpt>
      <trkpt lat="59.47418932802975177764892578125" lon="12.52529583871364593505859375">
        <ele>156.8000030517578125</ele>
        <time>2026-07-11T10:19:04.000Z</time>
        <extensions>
          <ns3:TrackPointExtension>
            <ns3:atemp>30.0</ns3:atemp>
            <ns3:cad>42</ns3:cad>
          </ns3:TrackPointExtension>
        </extensions>
      </trkpt>
      <trkpt lat="59.47377056814730167388916015625" lon="12.524022795259952545166015625">
        <ele>161.8000030517578125</ele>
        <time>2026-07-11T10:20:45.000Z</time>
        <extensions>
          <ns3:TrackPointExtension>
            <ns3:atemp>30.0</ns3:atemp>
            <ns3:cad>42</ns3:cad>
          </ns3:TrackPointExtension>
        </extensions>
      </trkpt>
      <trkpt lat="59.47375715710222721099853515625" lon="12.52379673533141613006591796875">
        <ele>162.8000030517578125</ele>
        <time>2026-07-11T10:20:50.000Z</time>
        <extensions>
          <ns3:TrackPointExtension>
            <ns3:atemp>30.0</ns3:atemp>
            <ns3:cad>43</ns3:cad>
          </ns3:TrackPointExtension>
        </extensions>
      </trkpt>
      <trkpt lat="59.4737160019576549530029296875" lon="12.5238046981394290924072265625">
        <ele>163</ele>
        <time>2026-07-11T10:20:53.000Z</time>
        <extensions>
          <ns3:TrackPointExtension>
            <ns3:atemp>30.0</ns3:atemp>
            <ns3:cad>45</ns3:cad>
          </ns3:TrackPointExtension>
        </extensions>
      </trkpt>
      <trkpt lat="59.47368389926850795745849609375" lon="12.52374351024627685546875">
        <ele>163</ele>
        <time>2026-07-11T10:20:59.000Z</time>
        <extensions>
          <ns3:TrackPointExtension>
            <ns3:atemp>30.0</ns3:atemp>
            <ns3:cad>48</ns3:cad>
          </ns3:TrackPointExtension>
        </extensions>
      </trkpt>
      <trkpt lat="59.473666884005069732666015625" lon="12.523740492761135101318359375">
        <ele>162.8000030517578125</ele>
        <time>2026-07-11T10:21:01.000Z</time>
        <extensions>
          <ns3:TrackPointExtension>
            <ns3:atemp>30.0</ns3:atemp>
            <ns3:cad>47</ns3:cad>
          </ns3:TrackPointExtension>
        </extensions>
      </trkpt>
      <trkpt lat="59.4729217328131198883056640625" lon="12.5223492644727230072021484375">
        <ele>175.1999969482421875</ele>
        <time>2026-07-11T10:22:43.000Z</time>
        <extensions>
          <ns3:TrackPointExtension>
            <ns3:atemp>30.0</ns3:atemp>
            <ns3:cad>44</ns3:cad>
          </ns3:TrackPointExtension>
        </extensions>
      </trkpt>
      <trkpt lat="59.47285727597773075103759765625" lon="12.522162012755870819091796875">
        <ele>175.399993896484375</ele>
        <time>2026-07-11T10:22:45.000Z</time>
        <extensions>
          <ns3:TrackPointExtension>
            <ns3:atemp>30.0</ns3:atemp>
            <ns3:cad>44</ns3:cad>
          </ns3:TrackPointExtension>
        </extensions>
      </trkpt>
      <trkpt lat="59.47292500175535678863525390625" lon="12.52216972410678863525390625">
        <ele>175.8000030517578125</ele>
        <time>2026-07-11T10:22:49.000Z</time>
        <extensions>
          <ns3:TrackPointExtension>
            <ns3:atemp>30.0</ns3:atemp>
            <ns3:cad>45</ns3:cad>
          </ns3:TrackPointExtension>
        </extensions>
      </trkpt>
      <trkpt lat="59.47293539531528949737548828125" lon="12.5221444107592105865478515625">
        <ele>176.1999969482421875</ele>
        <time>2026-07-11T10:22:52.000Z</time>
        <extensions>
          <ns3:TrackPointExtension>
            <ns3:atemp>30.0</ns3:atemp>
            <ns3:cad>0</ns3:cad>
          </ns3:TrackPointExtension>
        </extensions>
      </trkpt>
      <trkpt lat="59.47296892292797565460205078125" lon="12.5221967138350009918212890625">
        <ele>176.1999969482421875</ele>
        <time>2026-07-11T10:22:58.000Z</time>
        <extensions>
          <ns3:TrackPointExtension>
            <ns3:atemp>30.0</ns3:atemp>
            <ns3:cad>0</ns3:cad>
          </ns3:TrackPointExtension>
        </extensions>
      </trkpt>
      <trkpt lat="59.47300127707421779632568359375" lon="12.5222483463585376739501953125">
        <ele>176.1999969482421875</ele>
        <time>2026-07-11T10:23:00.000Z</time>
        <extensions>
          <ns3:TrackPointExtension>
            <ns3:atemp>30.0</ns3:atemp>
            <ns3:cad>0</ns3:cad>
          </ns3:TrackPointExtension>
        </extensions>
      </trkpt>
      <trkpt lat="59.47294008918106555938720703125" lon="12.52217114903032779693603515625">
        <ele>176.1999969482421875</ele>
        <time>2026-07-11T10:23:13.000Z</time>
        <extensions>
          <ns3:TrackPointExtension>
            <ns3:atemp>30.0</ns3:atemp>
            <ns3:cad>41</ns3:cad>
          </ns3:TrackPointExtension>
        </extensions>
      </trkpt>
      <trkpt lat="59.4728811644017696380615234375" lon="12.522219009697437286376953125">
        <ele>176.399993896484375</ele>
        <time>2026-07-11T10:23:19.000Z</time>
        <extensions>
          <ns3:TrackPointExtension>
            <ns3:atemp>30.0</ns3:atemp>
            <ns3:cad>0</ns3:cad>
          </ns3:TrackPointExtension>
        </extensions>
      </trkpt>
      <trkpt lat="59.472846798598766326904296875" lon="12.52225647680461406707763671875">
        <ele>176</ele>
        <time>2026-07-11T10:23:25.000Z</time>
        <extensions>
          <ns3:TrackPointExtension>
            <ns3:atemp>30.0</ns3:atemp>
            <ns3:cad>0</ns3:cad>
          </ns3:TrackPointExtension>
        </extensions>
      </trkpt>
      <trkpt lat="59.47284319438040256500244140625" lon="12.522254884243011474609375">
        <ele>176.399993896484375</ele>
        <time>2026-07-11T10:23:31.000Z</time>
        <extensions>
          <ns3:TrackPointExtension>
            <ns3:atemp>30.0</ns3:atemp>
            <ns3:cad>0</ns3:cad>
          </ns3:TrackPointExtension>
        </extensions>
      </trkpt>
      <trkpt lat="59.47283833287656307220458984375" lon="12.522253878414630889892578125">
        <ele>176.8000030517578125</ele>
        <time>2026-07-11T10:23:35.000Z</time>
        <extensions>
          <ns3:TrackPointExtension>
            <ns3:atemp>30.0</ns3:atemp>
            <ns3:cad>0</ns3:cad>
          </ns3:TrackPointExtension>
        </extensions>
      </trkpt>
      <trkpt lat="59.47279608808457851409912109375" lon="12.52225195057690143585205078125">
        <ele>177.1999969482421875</ele>
        <time>2026-07-11T10:23:41.000Z</time>
        <extensions>
          <ns3:TrackPointExtension>
            <ns3:atemp>30.0</ns3:atemp>
            <ns3:cad>0</ns3:cad>
          </ns3:TrackPointExtension>
        </extensions>
      </trkpt>
      <trkpt lat="59.47279273532330989837646484375" lon="12.52224859781563282012939453125">
        <ele>176.1999969482421875</ele>
        <time>2026-07-11T10:23:47.000Z</time>
        <extensions>
          <ns3:TrackPointExtension>
            <ns3:atemp>30.0</ns3:atemp>
            <ns3:cad>0</ns3:cad>
          </ns3:TrackPointExtension>
        </extensions>
      </trkpt>
      <trkpt lat="59.47278301231563091278076171875" lon="12.5222372822463512420654296875">
        <ele>176</ele>
        <time>2026-07-11T10:23:53.000Z</time>
        <extensions>
          <ns3:TrackPointExtension>
            <ns3:atemp>30.0</ns3:atemp>
            <ns3:cad>44</ns3:cad>
          </ns3:TrackPointExtension>
        </extensions>
      </trkpt>
      <trkpt lat="59.4727312959730625152587890625" lon="12.5221762619912624359130859375">
        <ele>176.8000030517578125</ele>
        <time>2026-07-11T10:23:59.000Z</time>
        <extensions>
          <ns3:TrackPointExtension>
            <ns3:atemp>30.0</ns3:atemp>
            <ns3:cad>46</ns3:cad>
          </ns3:TrackPointExtension>
        </extensions>
      </trkpt>
      <trkpt lat="59.472729451954364776611328125" lon="12.52215337939560413360595703125">
        <ele>177.399993896484375</ele>
        <time>2026-07-11T10:24:05.000Z</time>
        <extensions>
          <ns3:TrackPointExtension>
            <ns3:atemp>30.0</ns3:atemp>
            <ns3:cad>47</ns3:cad>
          </ns3:TrackPointExtension>
        </extensions>
      </trkpt>
      <trkpt lat="59.47267203591763973236083984375" lon="12.5221018306910991668701171875">
        <ele>177</ele>
        <time>2026-07-11T10:24:11.000Z</time>
        <extensions>
          <ns3:TrackPointExtension>
            <ns3:atemp>30.0</ns3:atemp>
            <ns3:cad>47</ns3:cad>
          </ns3:TrackPointExtension>
        </extensions>
      </trkpt>
      <trkpt lat="59.47263599373400211334228515625" lon="12.52197652123868465423583984375">
        <ele>177</ele>
        <time>2026-07-11T10:24:17.000Z</time>
        <extensions>
          <ns3:TrackPointExtension>
            <ns3:atemp>30.0</ns3:atemp>
            <ns3:cad>41</ns3:cad>
          </ns3:TrackPointExtension>
        </extensions>
      </trkpt>
      <trkpt lat="59.472618140280246734619140625" lon="12.5218674726784229278564453125">
        <ele>177.1999969482421875</ele>
        <time>2026-07-11T10:24:23.000Z</time>
        <extensions>
          <ns3:TrackPointExtension>
            <ns3:atemp>30.0</ns3:atemp>
            <ns3:cad>0</ns3:cad>
          </ns3:TrackPointExtension>
        </extensions>
      </trkpt>
      <trkpt lat="59.47261503897607326507568359375" lon="12.52185724675655364990234375">
        <ele>177.1999969482421875</ele>
        <time>2026-07-11T10:24:29.000Z</time>
        <extensions>
          <ns3:TrackPointExtension>
            <ns3:atemp>30.0</ns3:atemp>
            <ns3:cad>0</ns3:cad>
          </ns3:TrackPointExtension>
        </extensions>
      </trkpt>
      <trkpt lat="59.47260908782482147216796875" lon="12.521850205957889556884765625">
        <ele>177.1999969482421875</ele>
        <time>2026-07-11T10:24:35.000Z</time>
        <extensions>
          <ns3:TrackPointExtension>
            <ns3:atemp>30.0</ns3:atemp>
            <ns3:cad>0</ns3:cad>
          </ns3:TrackPointExtension>
        </extensions>
      </trkpt>
      <trkpt lat="59.472619481384754180908203125" lon="12.5218946300446987152099609375">
        <ele>177.399993896484375</ele>
        <time>2026-07-11T10:24:45.000Z</time>
        <extensions>
          <ns3:TrackPointExtension>
            <ns3:atemp>30.0</ns3:atemp>
            <ns3:cad>46</ns3:cad>
          </ns3:TrackPointExtension>
        </extensions>
      </trkpt>
      <trkpt lat="59.47258628904819488525390625" lon="12.52192136831581592559814453125">
        <ele>178.1999969482421875</ele>
        <time>2026-07-11T10:24:51.000Z</time>
        <extensions>
          <ns3:TrackPointExtension>
            <ns3:atemp>30.0</ns3:atemp>
            <ns3:cad>44</ns3:cad>
          </ns3:TrackPointExtension>
        </extensions>
      </trkpt>
      <trkpt lat="59.47253708727657794952392578125" lon="12.52190728671848773956298828125">
        <ele>179</ele>
        <time>2026-07-11T10:24:55.000Z</time>
        <extensions>
          <ns3:TrackPointExtension>
            <ns3:atemp>30.0</ns3:atemp>
            <ns3:cad>45</ns3:cad>
          </ns3:TrackPointExtension>
        </extensions>
      </trkpt>
      <trkpt lat="59.47252057492733001708984375" lon="12.52190150320529937744140625">
        <ele>179.1999969482421875</ele>
        <time>2026-07-11T10:24:56.000Z</time>
        <extensions>
          <ns3:TrackPointExtension>
            <ns3:atemp>30.0</ns3:atemp>
            <ns3:cad>44</ns3:cad>
          </ns3:TrackPointExtension>
        </extensions>
      </trkpt>
      <trkpt lat="59.47246567346155643463134765625" lon="12.52186319790780544281005859375">
        <ele>180</ele>
        <time>2026-07-11T10:25:02.000Z</time>
        <extensions>
          <ns3:TrackPointExtension>
            <ns3:atemp>30.0</ns3:atemp>
            <ns3:cad>43</ns3:cad>
          </ns3:TrackPointExtension>
        </extensions>
      </trkpt>
      <trkpt lat="59.4724721275269985198974609375" lon="12.5218557380139827728271484375">
        <ele>180.1999969482421875</ele>
        <time>2026-07-11T10:25:03.000Z</time>
        <extensions>
          <ns3:TrackPointExtension>
            <ns3:atemp>30.0</ns3:atemp>
            <ns3:cad>43</ns3:cad>
          </ns3:TrackPointExtension>
        </extensions>
      </trkpt>
      <trkpt lat="59.472430050373077392578125" lon="12.5218262337148189544677734375">
        <ele>181.1999969482421875</ele>
        <time>2026-07-11T10:25:09.000Z</time>
        <extensions>
          <ns3:TrackPointExtension>
            <ns3:atemp>30.0</ns3:atemp>
            <ns3:cad>41</ns3:cad>
          </ns3:TrackPointExtension>
        </extensions>
      </trkpt>
      <trkpt lat="59.4724137894809246063232421875" lon="12.52179480157792568206787109375">
        <ele>181.8000030517578125</ele>
        <time>2026-07-11T10:25:15.000Z</time>
        <extensions>
          <ns3:TrackPointExtension>
            <ns3:atemp>30.0</ns3:atemp>
            <ns3:cad>42</ns3:cad>
          </ns3:TrackPointExtension>
        </extensions>
      </trkpt>
      <trkpt lat="59.472372718155384063720703125" lon="12.5217082165181636810302734375">
        <ele>182.1999969482421875</ele>
        <time>2026-07-11T10:25:21.000Z</time>
        <extensions>
          <ns3:TrackPointExtension>
            <ns3:atemp>30.0</ns3:atemp>
            <ns3:cad>42</ns3:cad>
          </ns3:TrackPointExtension>
        </extensions>
      </trkpt>
      <trkpt lat="59.47213224135339260101318359375" lon="12.5213823281228542327880859375">
        <ele>182.1999969482421875</ele>
        <time>2026-07-11T10:25:51.000Z</time>
        <extensions>
          <ns3:TrackPointExtension>
            <ns3:atemp>30.0</ns3:atemp>
            <ns3:cad>50</ns3:cad>
          </ns3:TrackPointExtension>
        </extensions>
      </trkpt>
      <trkpt lat="59.47212117724120616912841796875" lon="12.5213048793375492095947265625">
        <ele>181.1999969482421875</ele>
        <time>2026-07-11T10:25:55.000Z</time>
        <extensions>
          <ns3:TrackPointExtension>
            <ns3:atemp>30.0</ns3:atemp>
            <ns3:cad>45</ns3:cad>
          </ns3:TrackPointExtension>
        </extensions>
      </trkpt>
      <trkpt lat="59.47214431129395961761474609375" lon="12.521191053092479705810546875">
        <ele>180.399993896484375</ele>
        <time>2026-07-11T10:26:01.000Z</time>
        <extensions>
          <ns3:TrackPointExtension>
            <ns3:atemp>30.0</ns3:atemp>
            <ns3:cad>42</ns3:cad>
          </ns3:TrackPointExtension>
        </extensions>
      </trkpt>
      <trkpt lat="59.47231312282383441925048828125" lon="12.5208435393869876861572265625">
        <ele>177.1999969482421875</ele>
        <time>2026-07-11T10:26:42.000Z</time>
        <extensions>
          <ns3:TrackPointExtension>
            <ns3:atemp>30.0</ns3:atemp>
            <ns3:cad>41</ns3:cad>
          </ns3:TrackPointExtension>
        </extensions>
      </trkpt>
      <trkpt lat="59.4720852188766002655029296875" lon="12.5205347500741481781005859375">
        <ele>177.1999969482421875</ele>
        <time>2026-07-11T10:26:43.000Z</time>
        <extensions>
          <ns3:TrackPointExtension>
            <ns3:atemp>30.0</ns3:atemp>
            <ns3:cad>41</ns3:cad>
          </ns3:TrackPointExtension>
        </extensions>
      </trkpt>
      <trkpt lat="59.47201372124254703521728515625" lon="12.52044598571956157684326171875">
        <ele>176.8000030517578125</ele>
        <time>2026-07-11T10:26:45.000Z</time>
        <extensions>
          <ns3:TrackPointExtension>
            <ns3:atemp>30.0</ns3:atemp>
            <ns3:cad>45</ns3:cad>
          </ns3:TrackPointExtension>
        </extensions>
      </trkpt>
      <trkpt lat="59.4719655252993106842041015625" lon="12.52037339843809604644775390625">
        <ele>176.399993896484375</ele>
        <time>2026-07-11T10:26:48.000Z</time>
        <extensions>
          <ns3:TrackPointExtension>
            <ns3:atemp>30.0</ns3:atemp>
            <ns3:cad>77</ns3:cad>
          </ns3:TrackPointExtension>
        </extensions>
      </trkpt>
      <trkpt lat="59.47199041955173015594482421875" lon="12.52034489996731281280517578125">
        <ele>175.600006103515625</ele>
        <time>2026-07-11T10:26:52.000Z</time>
        <extensions>
          <ns3:TrackPointExtension>
            <ns3:atemp>30.0</ns3:atemp>
            <ns3:cad>0</ns3:cad>
          </ns3:TrackPointExtension>
        </extensions>
      </trkpt>
      <trkpt lat="59.4719997234642505645751953125" lon="12.52031707204878330230712890625">
        <ele>175</ele>
        <time>2026-07-11T10:26:56.000Z</time>
        <extensions>
          <ns3:TrackPointExtension>
            <ns3:atemp>30.0</ns3:atemp>
            <ns3:cad>45</ns3:cad>
          </ns3:TrackPointExtension>
        </extensions>
      </trkpt>
      <trkpt lat="59.47199477814137935638427734375" lon="12.52027952112257480621337890625">
        <ele>174.600006103515625</ele>
        <time>2026-07-11T10:26:58.000Z</time>
        <extensions>
          <ns3:TrackPointExtension>
            <ns3:atemp>30.0</ns3:atemp>
            <ns3:cad>47</ns3:cad>
          </ns3:TrackPointExtension>
        </extensions>
      </trkpt>
      <trkpt lat="59.47198857553303241729736328125" lon="12.5202405452728271484375">
        <ele>174.1999969482421875</ele>
        <time>2026-07-11T10:27:03.000Z</time>
        <extensions>
          <ns3:TrackPointExtension>
            <ns3:atemp>30.0</ns3:atemp>
            <ns3:cad>47</ns3:cad>
          </ns3:TrackPointExtension>
        </extensions>
      </trkpt>
      <trkpt lat="59.47148331440985202789306640625" lon="12.51893095672130584716796875">
        <ele>174</ele>
        <time>2026-07-11T10:28:42.000Z</time>
        <extensions>
          <ns3:TrackPointExtension>
            <ns3:atemp>31.0</ns3:atemp>
            <ns3:cad>0</ns3:cad>
          </ns3:TrackPointExtension>
        </extensions>
      </trkpt>
      <trkpt lat="59.47143838740885257720947265625" lon="12.51888628117740154266357421875">
        <ele>174</ele>
        <time>2026-07-11T10:28:48.000Z</time>
        <extensions>
          <ns3:TrackPointExtension>
            <ns3:atemp>31.0</ns3:atemp>
            <ns3:cad>44</ns3:cad>
          </ns3:TrackPointExtension>
        </extensions>
      </trkpt>
      <trkpt lat="59.47143428027629852294921875" lon="12.51885325647890567779541015625">
        <ele>174</ele>
        <time>2026-07-11T10:28:50.000Z</time>
        <extensions>
          <ns3:TrackPointExtension>
            <ns3:atemp>31.0</ns3:atemp>
            <ns3:cad>43</ns3:cad>
          </ns3:TrackPointExtension>
        </extensions>
      </trkpt>
      <trkpt lat="59.4714255630970001220703125" lon="12.51878385432064533233642578125">
        <ele>173.399993896484375</ele>
        <time>2026-07-11T10:28:54.000Z</time>
        <extensions>
          <ns3:TrackPointExtension>
            <ns3:atemp>31.0</ns3:atemp>
            <ns3:cad>44</ns3:cad>
          </ns3:TrackPointExtension>
        </extensions>
      </trkpt>
      <trkpt lat="59.471400417387485504150390625" lon="12.5187478959560394287109375">
        <ele>172.399993896484375</ele>
        <time>2026-07-11T10:28:58.000Z</time>
        <extensions>
          <ns3:TrackPointExtension>
            <ns3:atemp>31.0</ns3:atemp>
            <ns3:cad>52</ns3:cad>
          </ns3:TrackPointExtension>
        </extensions>
      </trkpt>
      <trkpt lat="59.4713982380926609039306640625" lon="12.51872719265520572662353515625">
        <ele>172.399993896484375</ele>
        <time>2026-07-11T10:28:59.000Z</time>
        <extensions>
          <ns3:TrackPointExtension>
            <ns3:atemp>31.0</ns3:atemp>
            <ns3:cad>48</ns3:cad>
          </ns3:TrackPointExtension>
        </extensions>
      </trkpt>
      <trkpt lat="59.47139329276978969573974609375" lon="12.51867840997874736785888671875">
        <ele>172</ele>
        <time>2026-07-11T10:29:04.000Z</time>
        <extensions>
          <ns3:TrackPointExtension>
            <ns3:atemp>31.0</ns3:atemp>
            <ns3:cad>0</ns3:cad>
          </ns3:TrackPointExtension>
        </extensions>
      </trkpt>
      <trkpt lat="59.4710321165621280670166015625" lon="12.51703203655779361724853515625">
        <ele>172.8000030517578125</ele>
        <time>2026-07-11T10:30:43.000Z</time>
        <extensions>
          <ns3:TrackPointExtension>
            <ns3:atemp>32.0</ns3:atemp>
            <ns3:cad>44</ns3:cad>
          </ns3:TrackPointExtension>
        </extensions>
      </trkpt>
      <trkpt lat="59.47093069553375244140625" lon="12.51707344315946102142333984375">
        <ele>173</ele>
        <time>2026-07-11T10:30:46.000Z</time>
        <extensions>
          <ns3:TrackPointExtension>
            <ns3:atemp>32.0</ns3:atemp>
            <ns3:cad>43</ns3:cad>
          </ns3:TrackPointExtension>
        </extensions>
      </trkpt>
      <trkpt lat="59.4709352217614650726318359375" lon="12.51705701462924480438232421875">
        <ele>173.399993896484375</ele>
        <time>2026-07-11T10:30:48.000Z</time>
        <extensions>
          <ns3:TrackPointExtension>
            <ns3:atemp>32.0</ns3:atemp>
            <ns3:cad>42</ns3:cad>
          </ns3:TrackPointExtension>
        </extensions>
      </trkpt>
      <trkpt lat="59.47094100527465343475341796875" lon="12.51701795496046543121337890625">
        <ele>173.600006103515625</ele>
        <time>2026-07-11T10:30:50.000Z</time>
        <extensions>
          <ns3:TrackPointExtension>
            <ns3:atemp>32.0</ns3:atemp>
            <ns3:cad>44</ns3:cad>
          </ns3:TrackPointExtension>
        </extensions>
      </trkpt>
      <trkpt lat="59.47094134055078029632568359375" lon="12.51701024360954761505126953125">
        <ele>173.600006103515625</ele>
        <time>2026-07-11T10:30:51.000Z</time>
        <extensions>
          <ns3:TrackPointExtension>
            <ns3:atemp>32.0</ns3:atemp>
            <ns3:cad>44</ns3:cad>
          </ns3:TrackPointExtension>
        </extensions>
      </trkpt>
      <trkpt lat="59.47094150818884372711181640625" lon="12.51692659221589565277099609375">
        <ele>174.399993896484375</ele>
        <time>2026-07-11T10:30:54.000Z</time>
        <extensions>
          <ns3:TrackPointExtension>
            <ns3:atemp>32.0</ns3:atemp>
            <ns3:cad>46</ns3:cad>
          </ns3:TrackPointExtension>
        </extensions>
      </trkpt>
      <trkpt lat="59.47098526172339916229248046875" lon="12.5168193876743316650390625">
        <ele>175</ele>
        <time>2026-07-11T10:31:00.000Z</time>
        <extensions>
          <ns3:TrackPointExtension>
            <ns3:atemp>32.0</ns3:atemp>
            <ns3:cad>43</ns3:cad>
          </ns3:TrackPointExtension>
        </extensions>
      </trkpt>
      <trkpt lat="59.47037287987768650054931640625" lon="12.51582671888172626495361328125">
        <ele>178.8000030517578125</ele>
        <time>2026-07-11T10:32:43.000Z</time>
        <extensions>
          <ns3:TrackPointExtension>
            <ns3:atemp>32.0</ns3:atemp>
            <ns3:cad>80</ns3:cad>
          </ns3:TrackPointExtension>
        </extensions>
      </trkpt>
      <trkpt lat="59.47036541998386383056640625" lon="12.51590400002896785736083984375">
        <ele>178.8000030517578125</ele>
        <time>2026-07-11T10:32:44.000Z</time>
        <extensions>
          <ns3:TrackPointExtension>
            <ns3:atemp>32.0</ns3:atemp>
            <ns3:cad>80</ns3:cad>
          </ns3:TrackPointExtension>
        </extensions>
      </trkpt>
      <trkpt lat="59.47030146606266498565673828125" lon="12.51614020206034183502197265625">
        <ele>179.600006103515625</ele>
        <time>2026-07-11T10:32:49.000Z</time>
        <extensions>
          <ns3:TrackPointExtension>
            <ns3:atemp>32.0</ns3:atemp>
            <ns3:cad>43</ns3:cad>
          </ns3:TrackPointExtension>
        </extensions>
      </trkpt>
      <trkpt lat="59.470264501869678497314453125" lon="12.51615931279957294464111328125">
        <ele>179.8000030517578125</ele>
        <time>2026-07-11T10:32:53.000Z</time>
        <extensions>
          <ns3:TrackPointExtension>
            <ns3:atemp>32.0</ns3:atemp>
            <ns3:cad>0</ns3:cad>
          </ns3:TrackPointExtension>
        </extensions>
      </trkpt>
      <trkpt lat="59.47022594511508941650390625" lon="12.51607415266335010528564453125">
        <ele>179.399993896484375</ele>
        <time>2026-07-11T10:32:59.000Z</time>
        <extensions>
          <ns3:TrackPointExtension>
            <ns3:atemp>32.0</ns3:atemp>
            <ns3:cad>44</ns3:cad>
          </ns3:TrackPointExtension>
        </extensions>
      </trkpt>
      <trkpt lat="59.47021789848804473876953125" lon="12.516062669456005096435546875">
        <ele>179.399993896484375</ele>
        <time>2026-07-11T10:33:00.000Z</time>
        <extensions>
          <ns3:TrackPointExtension>
            <ns3:atemp>32.0</ns3:atemp>
            <ns3:cad>44</ns3:cad>
          </ns3:TrackPointExtension>
        </extensions>
      </trkpt>
      <trkpt lat="59.46973417885601520538330078125" lon="12.51540259458124637603759765625">
        <ele>178.1999969482421875</ele>
        <time>2026-07-11T10:34:45.000Z</time>
        <extensions>
          <ns3:TrackPointExtension>
            <ns3:atemp>32.0</ns3:atemp>
            <ns3:cad>42</ns3:cad>
          </ns3:TrackPointExtension>
        </extensions>
      </trkpt>
      <trkpt lat="59.4697062671184539794921875" lon="12.51518332399427890777587890625">
        <ele>178.399993896484375</ele>
        <time>2026-07-11T10:34:51.000Z</time>
        <extensions>
          <ns3:TrackPointExtension>
            <ns3:atemp>32.0</ns3:atemp>
            <ns3:cad>42</ns3:cad>
          </ns3:TrackPointExtension>
        </extensions>
      </trkpt>
      <trkpt lat="59.469688832759857177734375" lon="12.51514543779194355010986328125">
        <ele>178.399993896484375</ele>
        <time>2026-07-11T10:34:54.000Z</time>
        <extensions>
          <ns3:TrackPointExtension>
            <ns3:atemp>32.0</ns3:atemp>
            <ns3:cad>43</ns3:cad>
          </ns3:TrackPointExtension>
        </extensions>
      </trkpt>
      <trkpt lat="59.46968371979892253875732421875" lon="12.51513202674686908721923828125">
        <ele>178.399993896484375</ele>
        <time>2026-07-11T10:34:55.000Z</time>
        <extensions>
          <ns3:TrackPointExtension>
            <ns3:atemp>32.0</ns3:atemp>
            <ns3:cad>43</ns3:cad>
          </ns3:TrackPointExtension>
        </extensions>
      </trkpt>
      <trkpt lat="59.4696544669568538665771484375" lon="12.51502742059528827667236328125">
        <ele>178.399993896484375</ele>
        <time>2026-07-11T10:35:01.000Z</time>
        <extensions>
          <ns3:TrackPointExtension>
            <ns3:atemp>32.0</ns3:atemp>
            <ns3:cad>40</ns3:cad>
          </ns3:TrackPointExtension>
        </extensions>
      </trkpt>
      <trkpt lat="59.46965471841394901275634765625" lon="12.51501618884503841400146484375">
        <ele>178.399993896484375</ele>
        <time>2026-07-11T10:35:02.000Z</time>
        <extensions>
          <ns3:TrackPointExtension>
            <ns3:atemp>32.0</ns3:atemp>
            <ns3:cad>40</ns3:cad>
          </ns3:TrackPointExtension>
        </extensions>
      </trkpt>
      <trkpt lat="59.46891962550580501556396484375" lon="12.51413726247847080230712890625">
        <ele>185.399993896484375</ele>
        <time>2026-07-11T10:36:46.000Z</time>
        <extensions>
          <ns3:TrackPointExtension>
            <ns3:atemp>32.0</ns3:atemp>
            <ns3:cad>42</ns3:cad>
          </ns3:TrackPointExtension>
        </extensions>
      </trkpt>
      <trkpt lat="59.46887805126607418060302734375" lon="12.51417229883372783660888671875">
        <ele>185.399993896484375</ele>
        <time>2026-07-11T10:36:51.000Z</time>
        <extensions>
          <ns3:TrackPointExtension>
            <ns3:atemp>32.0</ns3:atemp>
            <ns3:cad>44</ns3:cad>
          </ns3:TrackPointExtension>
        </extensions>
      </trkpt>
      <trkpt lat="59.46883245371282100677490234375" lon="12.51414497382938861846923828125">
        <ele>185.399993896484375</ele>
        <time>2026-07-11T10:36:57.000Z</time>
        <extensions>
          <ns3:TrackPointExtension>
            <ns3:atemp>32.0</ns3:atemp>
            <ns3:cad>41</ns3:cad>
          </ns3:TrackPointExtension>
        </extensions>
      </trkpt>
      <trkpt lat="59.468820132315158843994140625" lon="12.51413659192621707916259765625">
        <ele>185.399993896484375</ele>
        <time>2026-07-11T10:36:59.000Z</time>
        <extensions>
          <ns3:TrackPointExtension>
            <ns3:atemp>32.0</ns3:atemp>
            <ns3:cad>41</ns3:cad>
          </ns3:TrackPointExtension>
        </extensions>
      </trkpt>
      <trkpt lat="59.4681142084300518035888671875" lon="12.5128710083663463592529296875">
        <ele>182</ele>
        <time>2026-07-11T10:38:43.000Z</time>
        <extensions>
          <ns3:TrackPointExtension>
            <ns3:atemp>32.0</ns3:atemp>
            <ns3:cad>48</ns3:cad>
          </ns3:TrackPointExtension>
        </extensions>
      </trkpt>
      <trkpt lat="59.4679814390838146209716796875" lon="12.5128470361232757568359375">
        <ele>182</ele>
        <time>2026-07-11T10:38:49.000Z</time>
        <extensions>
          <ns3:TrackPointExtension>
            <ns3:atemp>32.0</ns3:atemp>
            <ns3:cad>53</ns3:cad>
          </ns3:TrackPointExtension>
        </extensions>
      </trkpt>
      <trkpt lat="59.4679633341729640960693359375" lon="12.5127788074314594268798828125">
        <ele>182</ele>
        <time>2026-07-11T10:38:52.000Z</time>
        <extensions>
          <ns3:TrackPointExtension>
            <ns3:atemp>32.0</ns3:atemp>
            <ns3:cad>45</ns3:cad>
          </ns3:TrackPointExtension>
        </extensions>
      </trkpt>
      <trkpt lat="59.46792771108448505401611328125" lon="12.51274670474231243133544921875">
        <ele>182.600006103515625</ele>
        <time>2026-07-11T10:38:58.000Z</time>
        <extensions>
          <ns3:TrackPointExtension>
            <ns3:atemp>32.0</ns3:atemp>
            <ns3:cad>43</ns3:cad>
          </ns3:TrackPointExtension>
        </extensions>
      </trkpt>
      <trkpt lat="59.4679076783359050750732421875" lon="12.51276589930057525634765625">
        <ele>182.8000030517578125</ele>
        <time>2026-07-11T10:39:03.000Z</time>
        <extensions>
          <ns3:TrackPointExtension>
            <ns3:atemp>32.0</ns3:atemp>
            <ns3:cad>41</ns3:cad>
          </ns3:TrackPointExtension>
        </extensions>
      </trkpt>
      <trkpt lat="59.467008300125598907470703125" lon="12.5113857351243495941162109375">
        <ele>180</ele>
        <time>2026-07-11T10:40:44.000Z</time>
        <extensions>
          <ns3:TrackPointExtension>
            <ns3:atemp>32.0</ns3:atemp>
            <ns3:cad>46</ns3:cad>
          </ns3:TrackPointExtension>
        </extensions>
      </trkpt>
      <trkpt lat="59.46704325266182422637939453125" lon="12.51133519224822521209716796875">
        <ele>180</ele>
        <time>2026-07-11T10:40:46.000Z</time>
        <extensions>
          <ns3:TrackPointExtension>
            <ns3:atemp>32.0</ns3:atemp>
            <ns3:cad>47</ns3:cad>
          </ns3:TrackPointExtension>
        </extensions>
      </trkpt>
      <trkpt lat="59.467023052275180816650390625" lon="12.51121197827160358428955078125">
        <ele>180</ele>
        <time>2026-07-11T10:40:52.000Z</time>
        <extensions>
          <ns3:TrackPointExtension>
            <ns3:atemp>32.0</ns3:atemp>
            <ns3:cad>48</ns3:cad>
          </ns3:TrackPointExtension>
        </extensions>
      </trkpt>
      <trkpt lat="59.46698742918670177459716796875" lon="12.51112463884055614471435546875">
        <ele>180</ele>
        <time>2026-07-11T10:40:57.000Z</time>
        <extensions>
          <ns3:TrackPointExtension>
            <ns3:atemp>32.0</ns3:atemp>
            <ns3:cad>47</ns3:cad>
          </ns3:TrackPointExtension>
        </extensions>
      </trkpt>
      <trkpt lat="59.46697150357067584991455078125" lon="12.511047609150409698486328125">
        <ele>180</ele>
        <time>2026-07-11T10:41:03.000Z</time>
        <extensions>
          <ns3:TrackPointExtension>
            <ns3:atemp>32.0</ns3:atemp>
            <ns3:cad>45</ns3:cad>
          </ns3:TrackPointExtension>
        </extensions>
      </trkpt>
      <trkpt lat="59.46624730713665485382080078125" lon="12.50953475944697856903076171875">
        <ele>182.1999969482421875</ele>
        <time>2026-07-11T10:42:42.000Z</time>
        <extensions>
          <ns3:TrackPointExtension>
            <ns3:atemp>32.0</ns3:atemp>
            <ns3:cad>46</ns3:cad>
          </ns3:TrackPointExtension>
        </extensions>
      </trkpt>
      <trkpt lat="59.46621662937104701995849609375" lon="12.50957666896283626556396484375">
        <ele>182.1999969482421875</ele>
        <time>2026-07-11T10:42:43.000Z</time>
        <extensions>
          <ns3:TrackPointExtension>
            <ns3:atemp>32.0</ns3:atemp>
            <ns3:cad>46</ns3:cad>
          </ns3:TrackPointExtension>
        </extensions>
      </trkpt>
      <trkpt lat="59.46619768626987934112548828125" lon="12.5093807838857173919677734375">
        <ele>182.600006103515625</ele>
        <time>2026-07-11T10:42:49.000Z</time>
        <extensions>
          <ns3:TrackPointExtension>
            <ns3:atemp>32.0</ns3:atemp>
            <ns3:cad>46</ns3:cad>
          </ns3:TrackPointExtension>
        </extensions>
      </trkpt>
      <trkpt lat="59.466182179749011993408203125" lon="12.509347088634967803955078125">
        <ele>182.399993896484375</ele>
        <time>2026-07-11T10:42:51.000Z</time>
        <extensions>
          <ns3:TrackPointExtension>
            <ns3:atemp>32.0</ns3:atemp>
            <ns3:cad>44</ns3:cad>
          </ns3:TrackPointExtension>
        </extensions>
      </trkpt>
      <trkpt lat="59.46617270819842815399169921875" lon="12.50933795236051082611083984375">
        <ele>182.399993896484375</ele>
        <time>2026-07-11T10:42:53.000Z</time>
        <extensions>
          <ns3:TrackPointExtension>
            <ns3:atemp>32.0</ns3:atemp>
            <ns3:cad>44</ns3:cad>
          </ns3:TrackPointExtension>
        </extensions>
      </trkpt>
      <trkpt lat="59.46615007705986499786376953125" lon="12.50924156047403812408447265625">
        <ele>182.399993896484375</ele>
        <time>2026-07-11T10:42:59.000Z</time>
        <extensions>
          <ns3:TrackPointExtension>
            <ns3:atemp>32.0</ns3:atemp>
            <ns3:cad>46</ns3:cad>
          </ns3:TrackPointExtension>
        </extensions>
      </trkpt>
      <trkpt lat="59.46613281033933162689208984375" lon="12.509219683706760406494140625">
        <ele>182.399993896484375</ele>
        <time>2026-07-11T10:43:01.000Z</time>
        <extensions>
          <ns3:TrackPointExtension>
            <ns3:atemp>32.0</ns3:atemp>
            <ns3:cad>45</ns3:cad>
          </ns3:TrackPointExtension>
        </extensions>
      </trkpt>
      <trkpt lat="59.4656212627887725830078125" lon="12.5079850293695926666259765625">
        <ele>182.8000030517578125</ele>
        <time>2026-07-11T10:44:42.000Z</time>
        <extensions>
          <ns3:TrackPointExtension>
            <ns3:atemp>32.0</ns3:atemp>
            <ns3:cad>45</ns3:cad>
          </ns3:TrackPointExtension>
        </extensions>
      </trkpt>
      <trkpt lat="59.4654786027967929840087890625" lon="12.5079437904059886932373046875">
        <ele>182.8000030517578125</ele>
        <time>2026-07-11T10:44:43.000Z</time>
        <extensions>
          <ns3:TrackPointExtension>
            <ns3:atemp>32.0</ns3:atemp>
            <ns3:cad>44</ns3:cad>
          </ns3:TrackPointExtension>
        </extensions>
      </trkpt>
      <trkpt lat="59.46541096083819866180419921875" lon="12.5079303793609142303466796875">
        <ele>183.399993896484375</ele>
        <time>2026-07-11T10:44:49.000Z</time>
        <extensions>
          <ns3:TrackPointExtension>
            <ns3:atemp>32.0</ns3:atemp>
            <ns3:cad>43</ns3:cad>
          </ns3:TrackPointExtension>
        </extensions>
      </trkpt>
      <trkpt lat="59.46537944488227367401123046875" lon="12.507883608341217041015625">
        <ele>183.1999969482421875</ele>
        <time>2026-07-11T10:44:52.000Z</time>
        <extensions>
          <ns3:TrackPointExtension>
            <ns3:atemp>32.0</ns3:atemp>
            <ns3:cad>45</ns3:cad>
          </ns3:TrackPointExtension>
        </extensions>
      </trkpt>
      <trkpt lat="59.465339966118335723876953125" lon="12.5078137032687664031982421875">
        <ele>183</ele>
        <time>2026-07-11T10:44:58.000Z</time>
        <extensions>
          <ns3:TrackPointExtension>
            <ns3:atemp>32.0</ns3:atemp>
            <ns3:cad>0</ns3:cad>
          </ns3:TrackPointExtension>
        </extensions>
      </trkpt>
      <trkpt lat="59.46533300913870334625244140625" lon="12.50778369605541229248046875">
        <ele>183</ele>
        <time>2026-07-11T10:45:00.000Z</time>
        <extensions>
          <ns3:TrackPointExtension>
            <ns3:atemp>32.0</ns3:atemp>
            <ns3:cad>0</ns3:cad>
          </ns3:TrackPointExtension>
        </extensions>
      </trkpt>
      <trkpt lat="59.46449029259383678436279296875" lon="12.5066834874451160430908203125">
        <ele>180.8000030517578125</ele>
        <time>2026-07-11T10:46:42.000Z</time>
        <extensions>
          <ns3:TrackPointExtension>
            <ns3:atemp>32.0</ns3:atemp>
            <ns3:cad>43</ns3:cad>
          </ns3:TrackPointExtension>
        </extensions>
      </trkpt>
      <trkpt lat="59.46444150991737842559814453125" lon="12.50670955516397953033447265625">
        <ele>181.1999969482421875</ele>
        <time>2026-07-11T10:46:45.000Z</time>
        <extensions>
          <ns3:TrackPointExtension>
            <ns3:atemp>32.0</ns3:atemp>
            <ns3:cad>46</ns3:cad>
          </ns3:TrackPointExtension>
        </extensions>
      </trkpt>
      <trkpt lat="59.46440949104726314544677734375" lon="12.506583742797374725341796875">
        <ele>181</ele>
        <time>2026-07-11T10:46:51.000Z</time>
        <extensions>
          <ns3:TrackPointExtension>
            <ns3:atemp>32.0</ns3:atemp>
            <ns3:cad>47</ns3:cad>
          </ns3:TrackPointExtension>
        </extensions>
      </trkpt>
      <trkpt lat="59.46439088322222232818603515625" lon="12.5065430067479610443115234375">
        <ele>180.8000030517578125</ele>
        <time>2026-07-11T10:46:54.000Z</time>
        <extensions>
          <ns3:TrackPointExtension>
            <ns3:atemp>32.0</ns3:atemp>
            <ns3:cad>48</ns3:cad>
          </ns3:TrackPointExtension>
        </extensions>
      </trkpt>
      <trkpt lat="59.4643567688763141632080078125" lon="12.5064632110297679901123046875">
        <ele>180.399993896484375</ele>
        <time>2026-07-11T10:46:59.000Z</time>
        <extensions>
          <ns3:TrackPointExtension>
            <ns3:atemp>32.0</ns3:atemp>
            <ns3:cad>47</ns3:cad>
          </ns3:TrackPointExtension>
        </extensions>
      </trkpt>
      <trkpt lat="59.4643440283834934234619140625" lon="12.50640830956399440765380859375">
        <ele>180</ele>
        <time>2026-07-11T10:47:03.000Z</time>
        <extensions>
          <ns3:TrackPointExtension>
            <ns3:atemp>32.0</ns3:atemp>
            <ns3:cad>46</ns3:cad>
          </ns3:TrackPointExtension>
        </extensions>
      </trkpt>
      <trkpt lat="59.46408946998417377471923828125" lon="12.505111880600452423095703125">
        <ele>179.600006103515625</ele>
        <time>2026-07-11T10:48:43.000Z</time>
        <extensions>
          <ns3:TrackPointExtension>
            <ns3:atemp>32.0</ns3:atemp>
            <ns3:cad>45</ns3:cad>
          </ns3:TrackPointExtension>
        </extensions>
      </trkpt>
      <trkpt lat="59.46410120464861392974853515625" lon="12.5050989724695682525634765625">
        <ele>179.399993896484375</ele>
        <time>2026-07-11T10:48:46.000Z</time>
        <extensions>
          <ns3:TrackPointExtension>
            <ns3:atemp>32.0</ns3:atemp>
            <ns3:cad>46</ns3:cad>
          </ns3:TrackPointExtension>
        </extensions>
      </trkpt>
      <trkpt lat="59.4640333950519561767578125" lon="12.5049836374819278717041015625">
        <ele>179.600006103515625</ele>
        <time>2026-07-11T10:48:52.000Z</time>
        <extensions>
          <ns3:TrackPointExtension>
            <ns3:atemp>32.0</ns3:atemp>
            <ns3:cad>46</ns3:cad>
          </ns3:TrackPointExtension>
        </extensions>
      </trkpt>
      <trkpt lat="59.464020319283008575439453125" lon="12.504920102655887603759765625">
        <ele>179.600006103515625</ele>
        <time>2026-07-11T10:48:54.000Z</time>
        <extensions>
          <ns3:TrackPointExtension>
            <ns3:atemp>32.0</ns3:atemp>
            <ns3:cad>44</ns3:cad>
          </ns3:TrackPointExtension>
        </extensions>
      </trkpt>
      <trkpt lat="59.46401587687432765960693359375" lon="12.50481423921883106231689453125">
        <ele>179.8000030517578125</ele>
        <time>2026-07-11T10:48:58.000Z</time>
        <extensions>
          <ns3:TrackPointExtension>
            <ns3:atemp>32.0</ns3:atemp>
            <ns3:cad>45</ns3:cad>
          </ns3:TrackPointExtension>
        </extensions>
      </trkpt>
      <trkpt lat="59.463988803327083587646484375" lon="12.5047103874385356903076171875">
        <ele>180</ele>
        <time>2026-07-11T10:49:01.000Z</time>
        <extensions>
          <ns3:TrackPointExtension>
            <ns3:atemp>32.0</ns3:atemp>
            <ns3:cad>44</ns3:cad>
          </ns3:TrackPointExtension>
        </extensions>
      </trkpt>
      <trkpt lat="59.46307458914816379547119140625" lon="12.50385568477213382720947265625">
        <ele>178.600006103515625</ele>
        <time>2026-07-11T10:50:46.000Z</time>
        <extensions>
          <ns3:TrackPointExtension>
            <ns3:atemp>32.0</ns3:atemp>
            <ns3:cad>41</ns3:cad>
          </ns3:TrackPointExtension>
        </extensions>
      </trkpt>
      <trkpt lat="59.463047347962856292724609375" lon="12.503873370587825775146484375">
        <ele>178.600006103515625</ele>
        <time>2026-07-11T10:50:48.000Z</time>
        <extensions>
          <ns3:TrackPointExtension>
            <ns3:atemp>32.0</ns3:atemp>
            <ns3:cad>41</ns3:cad>
          </ns3:TrackPointExtension>
        </extensions>
      </trkpt>
      <trkpt lat="59.4629915244877338409423828125" lon="12.50383548438549041748046875">
        <ele>178.399993896484375</ele>
        <time>2026-07-11T10:50:54.000Z</time>
        <extensions>
          <ns3:TrackPointExtension>
            <ns3:atemp>32.0</ns3:atemp>
            <ns3:cad>42</ns3:cad>
          </ns3:TrackPointExtension>
        </extensions>
      </trkpt>
      <trkpt lat="59.46298020891845226287841796875" lon="12.5038306228816509246826171875">
        <ele>178.399993896484375</ele>
        <time>2026-07-11T10:50:56.000Z</time>
        <extensions>
          <ns3:TrackPointExtension>
            <ns3:atemp>32.0</ns3:atemp>
            <ns3:cad>43</ns3:cad>
          </ns3:TrackPointExtension>
        </extensions>
      </trkpt>
      <trkpt lat="59.46296528913080692291259765625" lon="12.5038259290158748626708984375">
        <ele>178.1999969482421875</ele>
        <time>2026-07-11T10:50:58.000Z</time>
        <extensions>
          <ns3:TrackPointExtension>
            <ns3:atemp>32.0</ns3:atemp>
            <ns3:cad>44</ns3:cad>
          </ns3:TrackPointExtension>
        </extensions>
      </trkpt>
      <trkpt lat="59.46293544955551624298095703125" lon="12.5037964247167110443115234375">
        <ele>178.1999969482421875</ele>
        <time>2026-07-11T10:51:03.000Z</time>
        <extensions>
          <ns3:TrackPointExtension>
            <ns3:atemp>32.0</ns3:atemp>
            <ns3:cad>44</ns3:cad>
          </ns3:TrackPointExtension>
        </extensions>
      </trkpt>
      <trkpt lat="59.46285523474216461181640625" lon="12.5027565658092498779296875">
        <ele>164</ele>
        <time>2026-07-11T10:52:43.000Z</time>
        <extensions>
          <ns3:TrackPointExtension>
            <ns3:atemp>31.0</ns3:atemp>
            <ns3:cad>50</ns3:cad>
          </ns3:TrackPointExtension>
        </extensions>
      </trkpt>
      <trkpt lat="59.462601430714130401611328125" lon="12.50234828330576419830322265625">
        <ele>163.8000030517578125</ele>
        <time>2026-07-11T10:52:45.000Z</time>
        <extensions>
          <ns3:TrackPointExtension>
            <ns3:atemp>31.0</ns3:atemp>
            <ns3:cad>50</ns3:cad>
          </ns3:TrackPointExtension>
        </extensions>
      </trkpt>
      <trkpt lat="59.46273495443165302276611328125" lon="12.50241902656853199005126953125">
        <ele>163.1999969482421875</ele>
        <time>2026-07-11T10:52:48.000Z</time>
        <extensions>
          <ns3:TrackPointExtension>
            <ns3:atemp>31.0</ns3:atemp>
            <ns3:cad>47</ns3:cad>
          </ns3:TrackPointExtension>
        </extensions>
      </trkpt>
      <trkpt lat="59.46270025335252285003662109375" lon="12.50229346565902233123779296875">
        <ele>162.399993896484375</ele>
        <time>2026-07-11T10:52:53.000Z</time>
        <extensions>
          <ns3:TrackPointExtension>
            <ns3:atemp>31.0</ns3:atemp>
            <ns3:cad>49</ns3:cad>
          </ns3:TrackPointExtension>
        </extensions>
      </trkpt>
      <trkpt lat="59.46267292834818363189697265625" lon="12.50227988697588443756103515625">
        <ele>162.1999969482421875</ele>
        <time>2026-07-11T10:52:57.000Z</time>
        <extensions>
          <ns3:TrackPointExtension>
            <ns3:atemp>31.0</ns3:atemp>
            <ns3:cad>46</ns3:cad>
          </ns3:TrackPointExtension>
        </extensions>
      </trkpt>
      <trkpt lat="59.46268223226070404052734375" lon="12.50224065966904163360595703125">
        <ele>162.1999969482421875</ele>
        <time>2026-07-11T10:53:01.000Z</time>
        <extensions>
          <ns3:TrackPointExtension>
            <ns3:atemp>31.0</ns3:atemp>
            <ns3:cad>0</ns3:cad>
          </ns3:TrackPointExtension>
        </extensions>
      </trkpt>
      <trkpt lat="59.4626897759735584259033203125" lon="12.50223127193748950958251953125">
        <ele>162.1999969482421875</ele>
        <time>2026-07-11T10:53:04.000Z</time>
        <extensions>
          <ns3:TrackPointExtension>
            <ns3:atemp>31.0</ns3:atemp>
            <ns3:cad>0</ns3:cad>
          </ns3:TrackPointExtension>
        </extensions>
      </trkpt>
      <trkpt lat="59.463679678738117218017578125" lon="12.503033839166164398193359375">
        <ele>159.1999969482421875</ele>
        <time>2026-07-11T10:54:43.000Z</time>
        <extensions>
          <ns3:TrackPointExtension>
            <ns3:atemp>31.0</ns3:atemp>
            <ns3:cad>48</ns3:cad>
          </ns3:TrackPointExtension>
        </extensions>
      </trkpt>
      <trkpt lat="59.46367993019521236419677734375" lon="12.50267601571977138519287109375">
        <ele>159.1999969482421875</ele>
        <time>2026-07-11T10:54:45.000Z</time>
        <extensions>
          <ns3:TrackPointExtension>
            <ns3:atemp>31.0</ns3:atemp>
            <ns3:cad>46</ns3:cad>
          </ns3:TrackPointExtension>
        </extensions>
      </trkpt>
      <trkpt lat="59.46371614001691341400146484375" lon="12.50271893106400966644287109375">
        <ele>159</ele>
        <time>2026-07-11T10:54:46.000Z</time>
        <extensions>
          <ns3:TrackPointExtension>
            <ns3:atemp>31.0</ns3:atemp>
            <ns3:cad>45</ns3:cad>
          </ns3:TrackPointExtension>
        </extensions>
      </trkpt>
      <trkpt lat="59.46379677392542362213134765625" lon="12.5029599107801914215087890625">
        <ele>158.8000030517578125</ele>
        <time>2026-07-11T10:54:50.000Z</time>
        <extensions>
          <ns3:TrackPointExtension>
            <ns3:atemp>31.0</ns3:atemp>
            <ns3:cad>41</ns3:cad>
          </ns3:TrackPointExtension>
        </extensions>
      </trkpt>
      <trkpt lat="59.4637946784496307373046875" lon="12.5029994733631610870361328125">
        <ele>158.8000030517578125</ele>
        <time>2026-07-11T10:54:52.000Z</time>
        <extensions>
          <ns3:TrackPointExtension>
            <ns3:atemp>31.0</ns3:atemp>
            <ns3:cad>41</ns3:cad>
          </ns3:TrackPointExtension>
        </extensions>
      </trkpt>
      <trkpt lat="59.46380096487700939178466796875" lon="12.5029897503554821014404296875">
        <ele>158.600006103515625</ele>
        <time>2026-07-11T10:54:53.000Z</time>
        <extensions>
          <ns3:TrackPointExtension>
            <ns3:atemp>31.0</ns3:atemp>
            <ns3:cad>41</ns3:cad>
          </ns3:TrackPointExtension>
        </extensions>
      </trkpt>
      <trkpt lat="59.46383935399353504180908203125" lon="12.5030286423861980438232421875">
        <ele>158.600006103515625</ele>
        <time>2026-07-11T10:54:59.000Z</time>
        <extensions>
          <ns3:TrackPointExtension>
            <ns3:atemp>31.0</ns3:atemp>
            <ns3:cad>45</ns3:cad>
          </ns3:TrackPointExtension>
        </extensions>
      </trkpt>
      <trkpt lat="59.46483076550066471099853515625" lon="12.5032891519367694854736328125">
        <ele>158.399993896484375</ele>
        <time>2026-07-11T10:56:44.000Z</time>
        <extensions>
          <ns3:TrackPointExtension>
            <ns3:atemp>31.0</ns3:atemp>
            <ns3:cad>45</ns3:cad>
          </ns3:TrackPointExtension>
        </extensions>
      </trkpt>
      <trkpt lat="59.46494978852570056915283203125" lon="12.50349760986864566802978515625">
        <ele>158.1999969482421875</ele>
        <time>2026-07-11T10:56:50.000Z</time>
        <extensions>
          <ns3:TrackPointExtension>
            <ns3:atemp>31.0</ns3:atemp>
            <ns3:cad>47</ns3:cad>
          </ns3:TrackPointExtension>
        </extensions>
      </trkpt>
      <trkpt lat="59.46495431475341320037841796875" lon="12.50349794514477252960205078125">
        <ele>158.1999969482421875</ele>
        <time>2026-07-11T10:56:51.000Z</time>
        <extensions>
          <ns3:TrackPointExtension>
            <ns3:atemp>31.0</ns3:atemp>
            <ns3:cad>47</ns3:cad>
          </ns3:TrackPointExtension>
        </extensions>
      </trkpt>
      <trkpt lat="59.464993961155414581298828125" lon="12.5035332329571247100830078125">
        <ele>158.1999969482421875</ele>
        <time>2026-07-11T10:56:57.000Z</time>
        <extensions>
          <ns3:TrackPointExtension>
            <ns3:atemp>31.0</ns3:atemp>
            <ns3:cad>47</ns3:cad>
          </ns3:TrackPointExtension>
        </extensions>
      </trkpt>
      <trkpt lat="59.46500100195407867431640625" lon="12.5035464763641357421875">
        <ele>158.1999969482421875</ele>
        <time>2026-07-11T10:56:58.000Z</time>
        <extensions>
          <ns3:TrackPointExtension>
            <ns3:atemp>31.0</ns3:atemp>
            <ns3:cad>47</ns3:cad>
          </ns3:TrackPointExtension>
        </extensions>
      </trkpt>
      <trkpt lat="59.46502774022519588470458984375" lon="12.50360121019184589385986328125">
        <ele>158</ele>
        <time>2026-07-11T10:57:01.000Z</time>
        <extensions>
          <ns3:TrackPointExtension>
            <ns3:atemp>31.0</ns3:atemp>
            <ns3:cad>46</ns3:cad>
          </ns3:TrackPointExtension>
        </extensions>
      </trkpt>
      <trkpt lat="59.465422444045543670654296875" lon="12.5039063952863216400146484375">
        <ele>150.600006103515625</ele>
        <time>2026-07-11T10:58:44.000Z</time>
        <extensions>
          <ns3:TrackPointExtension>
            <ns3:atemp>30.0</ns3:atemp>
            <ns3:cad>43</ns3:cad>
          </ns3:TrackPointExtension>
        </extensions>
      </trkpt>
      <trkpt lat="59.4657339155673980712890625" lon="12.5041893683373928070068359375">
        <ele>150.8000030517578125</ele>
        <time>2026-07-11T10:58:50.000Z</time>
        <extensions>
          <ns3:TrackPointExtension>
            <ns3:atemp>30.0</ns3:atemp>
            <ns3:cad>41</ns3:cad>
          </ns3:TrackPointExtension>
        </extensions>
      </trkpt>
      <trkpt lat="59.46575646288692951202392578125" lon="12.50419967807829380035400390625">
        <ele>150.8000030517578125</ele>
        <time>2026-07-11T10:58:53.000Z</time>
        <extensions>
          <ns3:TrackPointExtension>
            <ns3:atemp>30.0</ns3:atemp>
            <ns3:cad>45</ns3:cad>
          </ns3:TrackPointExtension>
        </extensions>
      </trkpt>
      <trkpt lat="59.4657930918037891387939453125" lon="12.5041779689490795135498046875">
        <ele>150.399993896484375</ele>
        <time>2026-07-11T10:58:57.000Z</time>
        <extensions>
          <ns3:TrackPointExtension>
            <ns3:atemp>30.0</ns3:atemp>
            <ns3:cad>45</ns3:cad>
          </ns3:TrackPointExtension>
        </extensions>
      </trkpt>
      <trkpt lat="59.46580440737307071685791015625" lon="12.50416497699916362762451171875">
        <ele>150</ele>
        <time>2026-07-11T10:58:58.000Z</time>
        <extensions>
          <ns3:TrackPointExtension>
            <ns3:atemp>30.0</ns3:atemp>
            <ns3:cad>45</ns3:cad>
          </ns3:TrackPointExtension>
        </extensions>
      </trkpt>
      <trkpt lat="59.46583575569093227386474609375" lon="12.5041808187961578369140625">
        <ele>149</ele>
        <time>2026-07-11T10:59:02.000Z</time>
        <extensions>
          <ns3:TrackPointExtension>
            <ns3:atemp>30.0</ns3:atemp>
            <ns3:cad>0</ns3:cad>
          </ns3:TrackPointExtension>
        </extensions>
      </trkpt>
      <trkpt lat="59.46646858938038349151611328125" lon="12.50360137782990932464599609375">
        <ele>156.399993896484375</ele>
        <time>2026-07-11T11:00:43.000Z</time>
        <extensions>
          <ns3:TrackPointExtension>
            <ns3:atemp>30.0</ns3:atemp>
            <ns3:cad>41</ns3:cad>
          </ns3:TrackPointExtension>
        </extensions>
      </trkpt>
      <trkpt lat="59.4665970839560031890869140625" lon="12.5036552734673023223876953125">
        <ele>157.399993896484375</ele>
        <time>2026-07-11T11:00:49.000Z</time>
        <extensions>
          <ns3:TrackPointExtension>
            <ns3:atemp>30.0</ns3:atemp>
            <ns3:cad>42</ns3:cad>
          </ns3:TrackPointExtension>
        </extensions>
      </trkpt>
      <trkpt lat="59.46664678864181041717529296875" lon="12.50364244915544986724853515625">
        <ele>157.8000030517578125</ele>
        <time>2026-07-11T11:00:52.000Z</time>
        <extensions>
          <ns3:TrackPointExtension>
            <ns3:atemp>30.0</ns3:atemp>
            <ns3:cad>43</ns3:cad>
          </ns3:TrackPointExtension>
        </extensions>
      </trkpt>
      <trkpt lat="59.466677047312259674072265625" lon="12.50361663289368152618408203125">
        <ele>158.8000030517578125</ele>
        <time>2026-07-11T11:00:58.000Z</time>
        <extensions>
          <ns3:TrackPointExtension>
            <ns3:atemp>30.0</ns3:atemp>
            <ns3:cad>42</ns3:cad>
          </ns3:TrackPointExtension>
        </extensions>
      </trkpt>
      <trkpt lat="59.46668618358671665191650390625" lon="12.503605149686336517333984375">
        <ele>159</ele>
        <time>2026-07-11T11:00:59.000Z</time>
        <extensions>
          <ns3:TrackPointExtension>
            <ns3:atemp>30.0</ns3:atemp>
            <ns3:cad>42</ns3:cad>
          </ns3:TrackPointExtension>
        </extensions>
      </trkpt>
      <trkpt lat="59.46672960184514522552490234375" lon="12.50358729623258113861083984375">
        <ele>159.600006103515625</ele>
        <time>2026-07-11T11:01:02.000Z</time>
        <extensions>
          <ns3:TrackPointExtension>
            <ns3:atemp>30.0</ns3:atemp>
            <ns3:cad>77</ns3:cad>
          </ns3:TrackPointExtension>
        </extensions>
      </trkpt>
      <trkpt lat="59.46774465031921863555908203125" lon="12.50311086885631084442138671875">
        <ele>163.8000030517578125</ele>
        <time>2026-07-11T11:02:43.000Z</time>
        <extensions>
          <ns3:TrackPointExtension>
            <ns3:atemp>30.0</ns3:atemp>
            <ns3:cad>47</ns3:cad>
          </ns3:TrackPointExtension>
        </extensions>
      </trkpt>
      <trkpt lat="59.46759260259568691253662109375" lon="12.50302772037684917449951171875">
        <ele>163.8000030517578125</ele>
        <time>2026-07-11T11:02:45.000Z</time>
        <extensions>
          <ns3:TrackPointExtension>
            <ns3:atemp>30.0</ns3:atemp>
            <ns3:cad>47</ns3:cad>
          </ns3:TrackPointExtension>
        </extensions>
      </trkpt>
      <trkpt lat="59.46772956289350986480712890625" lon="12.50302813947200775146484375">
        <ele>163.399993896484375</ele>
        <time>2026-07-11T11:02:50.000Z</time>
        <extensions>
          <ns3:TrackPointExtension>
            <ns3:atemp>30.0</ns3:atemp>
            <ns3:cad>48</ns3:cad>
          </ns3:TrackPointExtension>
        </extensions>
      </trkpt>
      <trkpt lat="59.4677467457950115203857421875" lon="12.50303476117551326751708984375">
        <ele>163.1999969482421875</ele>
        <time>2026-07-11T11:02:51.000Z</time>
        <extensions>
          <ns3:TrackPointExtension>
            <ns3:atemp>30.0</ns3:atemp>
            <ns3:cad>47</ns3:cad>
          </ns3:TrackPointExtension>
        </extensions>
      </trkpt>
      <trkpt lat="59.467806927859783172607421875" lon="12.50303727574646472930908203125">
        <ele>162.8000030517578125</ele>
        <time>2026-07-11T11:02:57.000Z</time>
        <extensions>
          <ns3:TrackPointExtension>
            <ns3:atemp>30.0</ns3:atemp>
            <ns3:cad>49</ns3:cad>
          </ns3:TrackPointExtension>
        </extensions>
      </trkpt>
      <trkpt lat="59.467851184308528900146484375" lon="12.50305940397083759307861328125">
        <ele>162.399993896484375</ele>
        <time>2026-07-11T11:03:01.000Z</time>
        <extensions>
          <ns3:TrackPointExtension>
            <ns3:atemp>30.0</ns3:atemp>
            <ns3:cad>49</ns3:cad>
          </ns3:TrackPointExtension>
        </extensions>
      </trkpt>
      <trkpt lat="59.46785981766879558563232421875" lon="12.50306300818920135498046875">
        <ele>162.1999969482421875</ele>
        <time>2026-07-11T11:03:04.000Z</time>
        <extensions>
          <ns3:TrackPointExtension>
            <ns3:atemp>30.0</ns3:atemp>
            <ns3:cad>43</ns3:cad>
          </ns3:TrackPointExtension>
        </extensions>
      </trkpt>
      <trkpt lat="59.46877696551382541656494140625" lon="12.50324933789670467376708984375">
        <ele>166.600006103515625</ele>
        <time>2026-07-11T11:04:43.000Z</time>
        <extensions>
          <ns3:TrackPointExtension>
            <ns3:atemp>30.0</ns3:atemp>
            <ns3:cad>44</ns3:cad>
          </ns3:TrackPointExtension>
        </extensions>
      </trkpt>
      <trkpt lat="59.46885039098560810089111328125" lon="12.50334170646965503692626953125">
        <ele>166.600006103515625</ele>
        <time>2026-07-11T11:04:48.000Z</time>
        <extensions>
          <ns3:TrackPointExtension>
            <ns3:atemp>30.0</ns3:atemp>
            <ns3:cad>46</ns3:cad>
          </ns3:TrackPointExtension>
        </extensions>
      </trkpt>
      <trkpt lat="59.4689031131565570831298828125" lon="12.50344295985996723175048828125">
        <ele>166.399993896484375</ele>
        <time>2026-07-11T11:04:54.000Z</time>
        <extensions>
          <ns3:TrackPointExtension>
            <ns3:atemp>30.0</ns3:atemp>
            <ns3:cad>47</ns3:cad>
          </ns3:TrackPointExtension>
        </extensions>
      </trkpt>
      <trkpt lat="59.46892465464770793914794921875" lon="12.50345787964761257171630859375">
        <ele>166.399993896484375</ele>
        <time>2026-07-11T11:04:57.000Z</time>
        <extensions>
          <ns3:TrackPointExtension>
            <ns3:atemp>30.0</ns3:atemp>
            <ns3:cad>46</ns3:cad>
          </ns3:TrackPointExtension>
        </extensions>
      </trkpt>
      <trkpt lat="59.46897293440997600555419921875" lon="12.503475733101367950439453125">
        <ele>166.399993896484375</ele>
        <time>2026-07-11T11:05:03.000Z</time>
        <extensions>
          <ns3:TrackPointExtension>
            <ns3:atemp>30.0</ns3:atemp>
            <ns3:cad>45</ns3:cad>
          </ns3:TrackPointExtension>
        </extensions>
      </trkpt>
      <trkpt lat="59.46897293440997600555419921875" lon="12.503475733101367950439453125">
        <ele>166.1999969482421875</ele>
        <time>2026-07-11T11:05:04.000Z</time>
        <extensions>
          <ns3:TrackPointExtension>
            <ns3:atemp>30.0</ns3:atemp>
            <ns3:cad>45</ns3:cad>
          </ns3:TrackPointExtension>
        </extensions>
      </trkpt>
      <trkpt lat="59.46979050524532794952392578125" lon="12.504627406597137451171875">
        <ele>160.1999969482421875</ele>
        <time>2026-07-11T11:06:49.000Z</time>
        <extensions>
          <ns3:TrackPointExtension>
            <ns3:atemp>31.0</ns3:atemp>
            <ns3:cad>48</ns3:cad>
          </ns3:TrackPointExtension>
        </extensions>
      </trkpt>
      <trkpt lat="59.46978178806602954864501953125" lon="12.50459547154605388641357421875">
        <ele>160.1999969482421875</ele>
        <time>2026-07-11T11:06:50.000Z</time>
        <extensions>
          <ns3:TrackPointExtension>
            <ns3:atemp>31.0</ns3:atemp>
            <ns3:cad>47</ns3:cad>
          </ns3:TrackPointExtension>
        </extensions>
      </trkpt>
      <trkpt lat="59.46980324573814868927001953125" lon="12.50455423258244991302490234375">
        <ele>160.8000030517578125</ele>
        <time>2026-07-11T11:06:56.000Z</time>
        <extensions>
          <ns3:TrackPointExtension>
            <ns3:atemp>31.0</ns3:atemp>
            <ns3:cad>45</ns3:cad>
          </ns3:TrackPointExtension>
        </extensions>
      </trkpt>
      <trkpt lat="59.46982503868639469146728515625" lon="12.50456395559012889862060546875">
        <ele>160.8000030517578125</ele>
        <time>2026-07-11T11:06:58.000Z</time>
        <extensions>
          <ns3:TrackPointExtension>
            <ns3:atemp>31.0</ns3:atemp>
            <ns3:cad>44</ns3:cad>
          </ns3:TrackPointExtension>
        </extensions>
      </trkpt>
      <trkpt lat="59.4698834605515003204345703125" lon="12.5045886822044849395751953125">
        <ele>159.8000030517578125</ele>
        <time>2026-07-11T11:07:04.000Z</time>
        <extensions>
          <ns3:TrackPointExtension>
            <ns3:atemp>31.0</ns3:atemp>
            <ns3:cad>50</ns3:cad>
          </ns3:TrackPointExtension>
        </extensions>
      </trkpt>
      <trkpt lat="59.47047027759253978729248046875" lon="12.5054228492081165313720703125">
        <ele>151.8000030517578125</ele>
        <time>2026-07-11T11:08:43.000Z</time>
        <extensions>
          <ns3:TrackPointExtension>
            <ns3:atemp>30.0</ns3:atemp>
            <ns3:cad>43</ns3:cad>
          </ns3:TrackPointExtension>
        </extensions>
      </trkpt>
      <trkpt lat="59.47067596949636936187744140625" lon="12.5054533593356609344482421875">
        <ele>151.8000030517578125</ele>
        <time>2026-07-11T11:08:47.000Z</time>
        <extensions>
          <ns3:TrackPointExtension>
            <ns3:atemp>30.0</ns3:atemp>
            <ns3:cad>45</ns3:cad>
          </ns3:TrackPointExtension>
        </extensions>
      </trkpt>
      <trkpt lat="59.4707434438169002532958984375" lon="12.5054982863366603851318359375">
        <ele>152.1999969482421875</ele>
        <time>2026-07-11T11:08:53.000Z</time>
        <extensions>
          <ns3:TrackPointExtension>
            <ns3:atemp>30.0</ns3:atemp>
            <ns3:cad>43</ns3:cad>
          </ns3:TrackPointExtension>
        </extensions>
      </trkpt>
      <trkpt lat="59.47073883377015590667724609375" lon="12.50548546202480792999267578125">
        <ele>152.1999969482421875</ele>
        <time>2026-07-11T11:08:55.000Z</time>
        <extensions>
          <ns3:TrackPointExtension>
            <ns3:atemp>30.0</ns3:atemp>
            <ns3:cad>43</ns3:cad>
          </ns3:TrackPointExtension>
        </extensions>
      </trkpt>
      <trkpt lat="59.4707226566970348358154296875" lon="12.5054253637790679931640625">
        <ele>152.399993896484375</ele>
        <time>2026-07-11T11:09:00.000Z</time>
        <extensions>
          <ns3:TrackPointExtension>
            <ns3:atemp>30.0</ns3:atemp>
            <ns3:cad>0</ns3:cad>
          </ns3:TrackPointExtension>
        </extensions>
      </trkpt>
      <trkpt lat="59.47153813205659389495849609375" lon="12.5053350068628787994384765625">
        <ele>152.600006103515625</ele>
        <time>2026-07-11T11:10:44.000Z</time>
        <extensions>
          <ns3:TrackPointExtension>
            <ns3:atemp>30.0</ns3:atemp>
            <ns3:cad>0</ns3:cad>
          </ns3:TrackPointExtension>
        </extensions>
      </trkpt>
      <trkpt lat="59.471528492867946624755859375" lon="12.5052885711193084716796875">
        <ele>152.1999969482421875</ele>
        <time>2026-07-11T11:10:45.000Z</time>
        <extensions>
          <ns3:TrackPointExtension>
            <ns3:atemp>30.0</ns3:atemp>
            <ns3:cad>0</ns3:cad>
          </ns3:TrackPointExtension>
        </extensions>
      </trkpt>
      <trkpt lat="59.47156847454607486724853515625" lon="12.5053018145263195037841796875">
        <ele>151.600006103515625</ele>
        <time>2026-07-11T11:10:50.000Z</time>
        <extensions>
          <ns3:TrackPointExtension>
            <ns3:atemp>30.0</ns3:atemp>
            <ns3:cad>0</ns3:cad>
          </ns3:TrackPointExtension>
        </extensions>
      </trkpt>
      <trkpt lat="59.4715658761560916900634765625" lon="12.5052877329289913177490234375">
        <ele>151.399993896484375</ele>
        <time>2026-07-11T11:10:56.000Z</time>
        <extensions>
          <ns3:TrackPointExtension>
            <ns3:atemp>30.0</ns3:atemp>
            <ns3:cad>0</ns3:cad>
          </ns3:TrackPointExtension>
        </extensions>
      </trkpt>
      <trkpt lat="59.4715645350515842437744140625" lon="12.50528915785253047943115234375">
        <ele>151.399993896484375</ele>
        <time>2026-07-11T11:10:57.000Z</time>
        <extensions>
          <ns3:TrackPointExtension>
            <ns3:atemp>30.0</ns3:atemp>
            <ns3:cad>0</ns3:cad>
          </ns3:TrackPointExtension>
        </extensions>
      </trkpt>
      <trkpt lat="59.47155623696744441986083984375" lon="12.50534431077539920806884765625">
        <ele>151.600006103515625</ele>
        <time>2026-07-11T11:11:03.000Z</time>
        <extensions>
          <ns3:TrackPointExtension>
            <ns3:atemp>30.0</ns3:atemp>
            <ns3:cad>0</ns3:cad>
          </ns3:TrackPointExtension>
        </extensions>
      </trkpt>
      <trkpt lat="59.47103672660887241363525390625" lon="12.505343221127986907958984375">
        <ele>153.600006103515625</ele>
        <time>2026-07-11T11:12:46.000Z</time>
        <extensions>
          <ns3:TrackPointExtension>
            <ns3:atemp>31.0</ns3:atemp>
            <ns3:cad>48</ns3:cad>
          </ns3:TrackPointExtension>
        </extensions>
      </trkpt>
      <trkpt lat="59.4711045362055301666259765625" lon="12.50545009039342403411865234375">
        <ele>153.399993896484375</ele>
        <time>2026-07-11T11:12:52.000Z</time>
        <extensions>
          <ns3:TrackPointExtension>
            <ns3:atemp>31.0</ns3:atemp>
            <ns3:cad>47</ns3:cad>
          </ns3:TrackPointExtension>
        </extensions>
      </trkpt>
      <trkpt lat="59.47113797999918460845947265625" lon="12.5054982863366603851318359375">
        <ele>153.1999969482421875</ele>
        <time>2026-07-11T11:12:56.000Z</time>
        <extensions>
          <ns3:TrackPointExtension>
            <ns3:atemp>31.0</ns3:atemp>
            <ns3:cad>46</ns3:cad>
          </ns3:TrackPointExtension>
        </extensions>
      </trkpt>
      <trkpt lat="59.471194557845592498779296875" lon="12.50550038181245326995849609375">
        <ele>153.1999969482421875</ele>
        <time>2026-07-11T11:13:02.000Z</time>
        <extensions>
          <ns3:TrackPointExtension>
            <ns3:atemp>31.0</ns3:atemp>
            <ns3:cad>48</ns3:cad>
          </ns3:TrackPointExtension>
        </extensions>
      </trkpt>
      <trkpt lat="59.47124183177947998046875" lon="12.50506368465721607208251953125">
        <ele>156.600006103515625</ele>
        <time>2026-07-11T11:14:42.000Z</time>
        <extensions>
          <ns3:TrackPointExtension>
            <ns3:atemp>31.0</ns3:atemp>
            <ns3:cad>45</ns3:cad>
          </ns3:TrackPointExtension>
        </extensions>
      </trkpt>
      <trkpt lat="59.47121299803256988525390625" lon="12.50507307238876819610595703125">
        <ele>157.399993896484375</ele>
        <time>2026-07-11T11:14:46.000Z</time>
        <extensions>
          <ns3:TrackPointExtension>
            <ns3:atemp>31.0</ns3:atemp>
            <ns3:cad>42</ns3:cad>
          </ns3:TrackPointExtension>
        </extensions>
      </trkpt>
      <trkpt lat="59.47119824588298797607421875" lon="12.505077011883258819580078125">
        <ele>158.1999969482421875</ele>
        <time>2026-07-11T11:14:50.000Z</time>
        <extensions>
          <ns3:TrackPointExtension>
            <ns3:atemp>31.0</ns3:atemp>
            <ns3:cad>43</ns3:cad>
          </ns3:TrackPointExtension>
        </extensions>
      </trkpt>
      <trkpt lat="59.4711699150502681732177734375" lon="12.5050630979239940643310546875">
        <ele>158.399993896484375</ele>
        <time>2026-07-11T11:14:53.000Z</time>
        <extensions>
          <ns3:TrackPointExtension>
            <ns3:atemp>31.0</ns3:atemp>
            <ns3:cad>44</ns3:cad>
          </ns3:TrackPointExtension>
        </extensions>
      </trkpt>
      <trkpt lat="59.4711015187203884124755859375" lon="12.5050272233784198760986328125">
        <ele>159</ele>
        <time>2026-07-11T11:14:59.000Z</time>
        <extensions>
          <ns3:TrackPointExtension>
            <ns3:atemp>31.0</ns3:atemp>
            <ns3:cad>45</ns3:cad>
          </ns3:TrackPointExtension>
        </extensions>
      </trkpt>
      <trkpt lat="59.47106958366930484771728515625" lon="12.50502898357808589935302734375">
        <ele>159.399993896484375</ele>
        <time>2026-07-11T11:15:02.000Z</time>
        <extensions>
          <ns3:TrackPointExtension>
            <ns3:atemp>31.0</ns3:atemp>
            <ns3:cad>46</ns3:cad>
          </ns3:TrackPointExtension>
        </extensions>
      </trkpt>
      <trkpt lat="59.4711099006235599517822265625" lon="12.50404528342187404632568359375">
        <ele>151.8000030517578125</ele>
        <time>2026-07-11T11:16:46.000Z</time>
        <extensions>
          <ns3:TrackPointExtension>
            <ns3:atemp>31.0</ns3:atemp>
            <ns3:cad>42</ns3:cad>
          </ns3:TrackPointExtension>
        </extensions>
      </trkpt>
      <trkpt lat="59.471113421022891998291015625" lon="12.50401225872337818145751953125">
        <ele>152</ele>
        <time>2026-07-11T11:16:48.000Z</time>
        <extensions>
          <ns3:TrackPointExtension>
            <ns3:atemp>31.0</ns3:atemp>
            <ns3:cad>43</ns3:cad>
          </ns3:TrackPointExtension>
        </extensions>
      </trkpt>
      <trkpt lat="59.471164047718048095703125" lon="12.503961883485317230224609375">
        <ele>152</ele>
        <time>2026-07-11T11:16:52.000Z</time>
        <extensions>
          <ns3:TrackPointExtension>
            <ns3:atemp>31.0</ns3:atemp>
            <ns3:cad>40</ns3:cad>
          </ns3:TrackPointExtension>
        </extensions>
      </trkpt>
      <trkpt lat="59.47119288146495819091796875" lon="12.5039167888462543487548828125">
        <ele>152</ele>
        <time>2026-07-11T11:16:57.000Z</time>
        <extensions>
          <ns3:TrackPointExtension>
            <ns3:atemp>31.0</ns3:atemp>
            <ns3:cad>43</ns3:cad>
          </ns3:TrackPointExtension>
        </extensions>
      </trkpt>
      <trkpt lat="59.47123671881854534149169921875" lon="12.5038782320916652679443359375">
        <ele>151.8000030517578125</ele>
        <time>2026-07-11T11:17:03.000Z</time>
        <extensions>
          <ns3:TrackPointExtension>
            <ns3:atemp>31.0</ns3:atemp>
            <ns3:cad>79</ns3:cad>
          </ns3:TrackPointExtension>
        </extensions>
      </trkpt>
      <trkpt lat="59.471727646887302398681640625" lon="12.50465095974504947662353515625">
        <ele>149</ele>
        <time>2026-07-11T11:18:44.000Z</time>
        <extensions>
          <ns3:TrackPointExtension>
            <ns3:atemp>30.0</ns3:atemp>
            <ns3:cad>53</ns3:cad>
          </ns3:TrackPointExtension>
        </extensions>
      </trkpt>
      <trkpt lat="59.47176477871835231781005859375" lon="12.5043915398418903350830078125">
        <ele>149</ele>
        <time>2026-07-11T11:18:50.000Z</time>
        <extensions>
          <ns3:TrackPointExtension>
            <ns3:atemp>30.0</ns3:atemp>
            <ns3:cad>0</ns3:cad>
          </ns3:TrackPointExtension>
        </extensions>
      </trkpt>
      <trkpt lat="59.471761174499988555908203125" lon="12.50436949543654918670654296875">
        <ele>149</ele>
        <time>2026-07-11T11:18:52.000Z</time>
        <extensions>
          <ns3:TrackPointExtension>
            <ns3:atemp>30.0</ns3:atemp>
            <ns3:cad>0</ns3:cad>
          </ns3:TrackPointExtension>
        </extensions>
      </trkpt>
      <trkpt lat="59.4717636890709400177001953125" lon="12.50432423315942287445068359375">
        <ele>148.8000030517578125</ele>
        <time>2026-07-11T11:18:58.000Z</time>
        <extensions>
          <ns3:TrackPointExtension>
            <ns3:atemp>30.0</ns3:atemp>
            <ns3:cad>0</ns3:cad>
          </ns3:TrackPointExtension>
        </extensions>
      </trkpt>
      <trkpt lat="59.47177165187895298004150390625" lon="12.5043122470378875732421875">
        <ele>148.8000030517578125</ele>
        <time>2026-07-11T11:19:00.000Z</time>
        <extensions>
          <ns3:TrackPointExtension>
            <ns3:atemp>30.0</ns3:atemp>
            <ns3:cad>0</ns3:cad>
          </ns3:TrackPointExtension>
        </extensions>
      </trkpt>
      <trkpt lat="59.4718615896999835968017578125" lon="12.503467686474323272705078125">
        <ele>147.600006103515625</ele>
        <time>2026-07-11T11:20:45.000Z</time>
        <extensions>
          <ns3:TrackPointExtension>
            <ns3:atemp>30.0</ns3:atemp>
            <ns3:cad>0</ns3:cad>
          </ns3:TrackPointExtension>
        </extensions>
      </trkpt>
      <trkpt lat="59.4718595780432224273681640625" lon="12.50345687381923198699951171875">
        <ele>147.600006103515625</ele>
        <time>2026-07-11T11:20:51.000Z</time>
        <extensions>
          <ns3:TrackPointExtension>
            <ns3:atemp>31.0</ns3:atemp>
            <ns3:cad>0</ns3:cad>
          </ns3:TrackPointExtension>
        </extensions>
      </trkpt>
      <trkpt lat="59.471857734024524688720703125" lon="12.5034319795668125152587890625">
        <ele>147.600006103515625</ele>
        <time>2026-07-11T11:20:56.000Z</time>
        <extensions>
          <ns3:TrackPointExtension>
            <ns3:atemp>31.0</ns3:atemp>
            <ns3:cad>0</ns3:cad>
          </ns3:TrackPointExtension>
        </extensions>
      </trkpt>
      <trkpt lat="59.47186821140348911285400390625" lon="12.50344865955412387847900390625">
        <ele>147.8000030517578125</ele>
        <time>2026-07-11T11:21:02.000Z</time>
        <extensions>
          <ns3:TrackPointExtension>
            <ns3:atemp>31.0</ns3:atemp>
            <ns3:cad>0</ns3:cad>
          </ns3:TrackPointExtension>
        </extensions>
      </trkpt>
      <trkpt lat="59.471665285527706146240234375" lon="12.5041984207928180694580078125">
        <ele>149.8000030517578125</ele>
        <time>2026-07-11T11:22:44.000Z</time>
        <extensions>
          <ns3:TrackPointExtension>
            <ns3:atemp>31.0</ns3:atemp>
            <ns3:cad>0</ns3:cad>
          </ns3:TrackPointExtension>
        </extensions>
      </trkpt>
      <trkpt lat="59.47169068269431591033935546875" lon="12.50427125953137874603271484375">
        <ele>149.8000030517578125</ele>
        <time>2026-07-11T11:22:50.000Z</time>
        <extensions>
          <ns3:TrackPointExtension>
            <ns3:atemp>31.0</ns3:atemp>
            <ns3:cad>0</ns3:cad>
          </ns3:TrackPointExtension>
        </extensions>
      </trkpt>
      <trkpt lat="59.4717308320105075836181640625" lon="12.50426405109465122222900390625">
        <ele>149.600006103515625</ele>
        <time>2026-07-11T11:22:56.000Z</time>
        <extensions>
          <ns3:TrackPointExtension>
            <ns3:atemp>31.0</ns3:atemp>
            <ns3:cad>0</ns3:cad>
          </ns3:TrackPointExtension>
        </extensions>
      </trkpt>
      <trkpt lat="59.4717392139136791229248046875" lon="12.504266984760761260986328125">
        <ele>149.600006103515625</ele>
        <time>2026-07-11T11:22:58.000Z</time>
        <extensions>
          <ns3:TrackPointExtension>
            <ns3:atemp>31.0</ns3:atemp>
            <ns3:cad>0</ns3:cad>
          </ns3:TrackPointExtension>
        </extensions>
      </trkpt>
      <trkpt lat="59.47172806598246097564697265625" lon="12.5043010152876377105712890625">
        <ele>149.1999969482421875</ele>
        <time>2026-07-11T11:23:04.000Z</time>
        <extensions>
          <ns3:TrackPointExtension>
            <ns3:atemp>31.0</ns3:atemp>
            <ns3:cad>0</ns3:cad>
          </ns3:TrackPointExtension>
        </extensions>
      </trkpt>
      <trkpt lat="59.47178606875240802764892578125" lon="12.50424318015575408935546875">
        <ele>149.399993896484375</ele>
        <time>2026-07-11T11:24:43.000Z</time>
        <extensions>
          <ns3:TrackPointExtension>
            <ns3:atemp>31.0</ns3:atemp>
            <ns3:cad>0</ns3:cad>
          </ns3:TrackPointExtension>
        </extensions>
      </trkpt>
      <trkpt lat="59.47176746092736721038818359375" lon="12.5043680705130100250244140625">
        <ele>149.399993896484375</ele>
        <time>2026-07-11T11:24:46.000Z</time>
        <extensions>
          <ns3:TrackPointExtension>
            <ns3:atemp>31.0</ns3:atemp>
            <ns3:cad>0</ns3:cad>
          </ns3:TrackPointExtension>
        </extensions>
      </trkpt>
      <trkpt lat="59.4717687182128429412841796875" lon="12.5043935514986515045166015625">
        <ele>149.399993896484375</ele>
        <time>2026-07-11T11:24:52.000Z</time>
        <extensions>
          <ns3:TrackPointExtension>
            <ns3:atemp>31.0</ns3:atemp>
            <ns3:cad>0</ns3:cad>
          </ns3:TrackPointExtension>
        </extensions>
      </trkpt>
      <trkpt lat="59.47175622917711734771728515625" lon="12.50440771691501140594482421875">
        <ele>149.600006103515625</ele>
        <time>2026-07-11T11:24:55.000Z</time>
        <extensions>
          <ns3:TrackPointExtension>
            <ns3:atemp>31.0</ns3:atemp>
            <ns3:cad>0</ns3:cad>
          </ns3:TrackPointExtension>
        </extensions>
      </trkpt>
      <trkpt lat="59.47175421752035617828369140625" lon="12.50437050126492977142333984375">
        <ele>150</ele>
        <time>2026-07-11T11:25:01.000Z</time>
        <extensions>
          <ns3:TrackPointExtension>
            <ns3:atemp>31.0</ns3:atemp>
            <ns3:cad>0</ns3:cad>
          </ns3:TrackPointExtension>
        </extensions>
      </trkpt>
      <trkpt lat="59.4710331223905086517333984375" lon="12.5044758617877960205078125">
        <ele>147.399993896484375</ele>
        <time>2026-07-12T04:41:16.000Z</time>
        <extensions>
          <ns3:TrackPointExtension>
            <ns3:atemp>26.0</ns3:atemp>
            <ns3:cad>0</ns3:cad>
          </ns3:TrackPointExtension>
        </extensions>
      </trkpt>
      <trkpt lat="59.47132757864892482757568359375" lon="12.5041940622031688690185546875">
        <ele>147.399993896484375</ele>
        <time>2026-07-12T04:41:19.000Z</time>
        <extensions>
          <ns3:TrackPointExtension>
            <ns3:atemp>26.0</ns3:atemp>
            <ns3:cad>0</ns3:cad>
          </ns3:TrackPointExtension>
        </extensions>
      </trkpt>
      <trkpt lat="59.47159412316977977752685546875" lon="12.504294477403163909912109375">
        <ele>147.600006103515625</ele>
        <time>2026-07-12T04:41:20.000Z</time>
        <extensions>
          <ns3:TrackPointExtension>
            <ns3:atemp>26.0</ns3:atemp>
            <ns3:cad>0</ns3:cad>
          </ns3:TrackPointExtension>
        </extensions>
      </trkpt>
      <trkpt lat="59.47161792777478694915771484375" lon="12.504350803792476654052734375">
        <ele>147.600006103515625</ele>
        <time>2026-07-12T04:41:22.000Z</time>
        <extensions>
          <ns3:TrackPointExtension>
            <ns3:atemp>26.0</ns3:atemp>
            <ns3:cad>0</ns3:cad>
          </ns3:TrackPointExtension>
        </extensions>
      </trkpt>
      <trkpt lat="59.47166235186159610748291015625" lon="12.504412829875946044921875">
        <ele>147.8000030517578125</ele>
        <time>2026-07-12T04:41:28.000Z</time>
        <extensions>
          <ns3:TrackPointExtension>
            <ns3:atemp>26.0</ns3:atemp>
            <ns3:cad>0</ns3:cad>
          </ns3:TrackPointExtension>
        </extensions>
      </trkpt>
      <trkpt lat="59.4716731645166873931884765625" lon="12.50437871553003787994384765625">
        <ele>147.8000030517578125</ele>
        <time>2026-07-12T04:41:31.000Z</time>
        <extensions>
          <ns3:TrackPointExtension>
            <ns3:atemp>26.0</ns3:atemp>
            <ns3:cad>0</ns3:cad>
          </ns3:TrackPointExtension>
        </extensions>
      </trkpt>
      <trkpt lat="59.471643157303333282470703125" lon="12.5044160149991512298583984375">
        <ele>148</ele>
        <time>2026-07-12T04:41:37.000Z</time>
        <extensions>
          <ns3:TrackPointExtension>
            <ns3:atemp>26.0</ns3:atemp>
            <ns3:cad>0</ns3:cad>
          </ns3:TrackPointExtension>
        </extensions>
      </trkpt>
      <trkpt lat="59.47163033299148082733154296875" lon="12.50441106967628002166748046875">
        <ele>148.1999969482421875</ele>
        <time>2026-07-12T04:41:38.000Z</time>
        <extensions>
          <ns3:TrackPointExtension>
            <ns3:atemp>26.0</ns3:atemp>
            <ns3:cad>40</ns3:cad>
          </ns3:TrackPointExtension>
        </extensions>
      </trkpt>
      <trkpt lat="59.47162010706961154937744140625" lon="12.50439950264990329742431640625">
        <ele>148.399993896484375</ele>
        <time>2026-07-12T04:41:39.000Z</time>
        <extensions>
          <ns3:TrackPointExtension>
            <ns3:atemp>26.0</ns3:atemp>
            <ns3:cad>42</ns3:cad>
          </ns3:TrackPointExtension>
        </extensions>
      </trkpt>
      <trkpt lat="59.4716037623584270477294921875" lon="12.5044019334018230438232421875">
        <ele>148.399993896484375</ele>
        <time>2026-07-12T04:41:41.000Z</time>
        <extensions>
          <ns3:TrackPointExtension>
            <ns3:atemp>26.0</ns3:atemp>
            <ns3:cad>44</ns3:cad>
          </ns3:TrackPointExtension>
        </extensions>
      </trkpt>
      <trkpt lat="59.4715682230889797210693359375" lon="12.5044217146933078765869140625">
        <ele>149</ele>
        <time>2026-07-12T04:41:45.000Z</time>
        <extensions>
          <ns3:TrackPointExtension>
            <ns3:atemp>26.0</ns3:atemp>
            <ns3:cad>46</ns3:cad>
          </ns3:TrackPointExtension>
        </extensions>
      </trkpt>
      <trkpt lat="59.47151667438447475433349609375" lon="12.50442950986325740814208984375">
        <ele>149</ele>
        <time>2026-07-12T04:41:51.000Z</time>
        <extensions>
          <ns3:TrackPointExtension>
            <ns3:atemp>26.0</ns3:atemp>
            <ns3:cad>47</ns3:cad>
          </ns3:TrackPointExtension>
        </extensions>
      </trkpt>
      <trkpt lat="59.47148616425693035125732421875" lon="12.5044193677604198455810546875">
        <ele>149</ele>
        <time>2026-07-12T04:41:55.000Z</time>
        <extensions>
          <ns3:TrackPointExtension>
            <ns3:atemp>26.0</ns3:atemp>
            <ns3:cad>42</ns3:cad>
          </ns3:TrackPointExtension>
        </extensions>
      </trkpt>
      <trkpt lat="59.47145883925259113311767578125" lon="12.50439464114606380462646484375">
        <ele>149.399993896484375</ele>
        <time>2026-07-12T04:41:59.000Z</time>
        <extensions>
          <ns3:TrackPointExtension>
            <ns3:atemp>26.0</ns3:atemp>
            <ns3:cad>44</ns3:cad>
          </ns3:TrackPointExtension>
        </extensions>
      </trkpt>
      <trkpt lat="59.47139966301620006561279296875" lon="12.50441274605691432952880859375">
        <ele>149.8000030517578125</ele>
        <time>2026-07-12T04:42:04.000Z</time>
        <extensions>
          <ns3:TrackPointExtension>
            <ns3:atemp>26.0</ns3:atemp>
            <ns3:cad>42</ns3:cad>
          </ns3:TrackPointExtension>
        </extensions>
      </trkpt>
      <trkpt lat="59.47138792835175991058349609375" lon="12.5043389014899730682373046875">
        <ele>150</ele>
        <time>2026-07-12T04:42:09.000Z</time>
        <extensions>
          <ns3:TrackPointExtension>
            <ns3:atemp>26.0</ns3:atemp>
            <ns3:cad>0</ns3:cad>
          </ns3:TrackPointExtension>
        </extensions>
      </trkpt>
      <trkpt lat="59.47138130664825439453125" lon="12.50431668944656848907470703125">
        <ele>150.1999969482421875</ele>
        <time>2026-07-12T04:42:15.000Z</time>
        <extensions>
          <ns3:TrackPointExtension>
            <ns3:atemp>26.0</ns3:atemp>
            <ns3:cad>0</ns3:cad>
          </ns3:TrackPointExtension>
        </extensions>
      </trkpt>
      <trkpt lat="59.4713757745921611785888671875" lon="12.5043201260268688201904296875">
        <ele>150.1999969482421875</ele>
        <time>2026-07-12T04:42:16.000Z</time>
        <extensions>
          <ns3:TrackPointExtension>
            <ns3:atemp>26.0</ns3:atemp>
            <ns3:cad>0</ns3:cad>
          </ns3:TrackPointExtension>
        </extensions>
      </trkpt>
      <trkpt lat="59.4713251478970050811767578125" lon="12.5042988359928131103515625">
        <ele>150.1999969482421875</ele>
        <time>2026-07-12T04:42:21.000Z</time>
        <extensions>
          <ns3:TrackPointExtension>
            <ns3:atemp>26.0</ns3:atemp>
            <ns3:cad>45</ns3:cad>
          </ns3:TrackPointExtension>
        </extensions>
      </trkpt>
      <trkpt lat="59.4713124074041843414306640625" lon="12.50428140163421630859375">
        <ele>150.1999969482421875</ele>
        <time>2026-07-12T04:42:23.000Z</time>
        <extensions>
          <ns3:TrackPointExtension>
            <ns3:atemp>26.0</ns3:atemp>
            <ns3:cad>45</ns3:cad>
          </ns3:TrackPointExtension>
        </extensions>
      </trkpt>
      <trkpt lat="59.4712973199784755706787109375" lon="12.50426639802753925323486328125">
        <ele>150.1999969482421875</ele>
        <time>2026-07-12T04:42:25.000Z</time>
        <extensions>
          <ns3:TrackPointExtension>
            <ns3:atemp>26.0</ns3:atemp>
            <ns3:cad>45</ns3:cad>
          </ns3:TrackPointExtension>
        </extensions>
      </trkpt>
      <trkpt lat="59.471279717981815338134765625" lon="12.50426304526627063751220703125">
        <ele>150.399993896484375</ele>
        <time>2026-07-12T04:42:27.000Z</time>
        <extensions>
          <ns3:TrackPointExtension>
            <ns3:atemp>26.0</ns3:atemp>
            <ns3:cad>44</ns3:cad>
          </ns3:TrackPointExtension>
        </extensions>
      </trkpt>
      <trkpt lat="59.47125599719583988189697265625" lon="12.50425701029598712921142578125">
        <ele>150.600006103515625</ele>
        <time>2026-07-12T04:42:31.000Z</time>
        <extensions>
          <ns3:TrackPointExtension>
            <ns3:atemp>26.0</ns3:atemp>
            <ns3:cad>43</ns3:cad>
          </ns3:TrackPointExtension>
        </extensions>
      </trkpt>
      <trkpt lat="59.471241496503353118896484375" lon="12.50425114296376705169677734375">
        <ele>150.8000030517578125</ele>
        <time>2026-07-12T04:42:33.000Z</time>
        <extensions>
          <ns3:TrackPointExtension>
            <ns3:atemp>26.0</ns3:atemp>
            <ns3:cad>40</ns3:cad>
          </ns3:TrackPointExtension>
        </extensions>
      </trkpt>
      <trkpt lat="59.47120302356779575347900390625" lon="12.50419716350734233856201171875">
        <ele>151.1999969482421875</ele>
        <time>2026-07-12T04:42:39.000Z</time>
        <extensions>
          <ns3:TrackPointExtension>
            <ns3:atemp>26.0</ns3:atemp>
            <ns3:cad>42</ns3:cad>
          </ns3:TrackPointExtension>
        </extensions>
      </trkpt>
      <trkpt lat="59.4711761176586151123046875" lon="12.504175789654254913330078125">
        <ele>151.1999969482421875</ele>
        <time>2026-07-12T04:42:45.000Z</time>
        <extensions>
          <ns3:TrackPointExtension>
            <ns3:atemp>26.0</ns3:atemp>
            <ns3:cad>45</ns3:cad>
          </ns3:TrackPointExtension>
        </extensions>
      </trkpt>
      <trkpt lat="59.47117745876312255859375" lon="12.50417687930166721343994140625">
        <ele>151.1999969482421875</ele>
        <time>2026-07-12T04:42:46.000Z</time>
        <extensions>
          <ns3:TrackPointExtension>
            <ns3:atemp>26.0</ns3:atemp>
            <ns3:cad>0</ns3:cad>
          </ns3:TrackPointExtension>
        </extensions>
      </trkpt>
      <trkpt lat="59.471232108771800994873046875" lon="12.5041727721691131591796875">
        <ele>151.399993896484375</ele>
        <time>2026-07-12T04:42:52.000Z</time>
        <extensions>
          <ns3:TrackPointExtension>
            <ns3:atemp>26.0</ns3:atemp>
            <ns3:cad>0</ns3:cad>
          </ns3:TrackPointExtension>
        </extensions>
      </trkpt>
      <trkpt lat="59.471264965832233428955078125" lon="12.50416061840951442718505859375">
        <ele>151.1999969482421875</ele>
        <time>2026-07-12T04:42:55.000Z</time>
        <extensions>
          <ns3:TrackPointExtension>
            <ns3:atemp>26.0</ns3:atemp>
            <ns3:cad>46</ns3:cad>
          </ns3:TrackPointExtension>
        </extensions>
      </trkpt>
      <trkpt lat="59.47128684259951114654541015625" lon="12.50416061840951442718505859375">
        <ele>151.1999969482421875</ele>
        <time>2026-07-12T04:42:58.000Z</time>
        <extensions>
          <ns3:TrackPointExtension>
            <ns3:atemp>26.0</ns3:atemp>
            <ns3:cad>47</ns3:cad>
          </ns3:TrackPointExtension>
        </extensions>
      </trkpt>
      <trkpt lat="59.47129270993173122406005859375" lon="12.5041756220161914825439453125">
        <ele>151</ele>
        <time>2026-07-12T04:42:59.000Z</time>
        <extensions>
          <ns3:TrackPointExtension>
            <ns3:atemp>26.0</ns3:atemp>
            <ns3:cad>45</ns3:cad>
          </ns3:TrackPointExtension>
        </extensions>
      </trkpt>
      <trkpt lat="59.47130980901420116424560546875" lon="12.5042425096035003662109375">
        <ele>150.1999969482421875</ele>
        <time>2026-07-12T04:43:04.000Z</time>
        <extensions>
          <ns3:TrackPointExtension>
            <ns3:atemp>26.0</ns3:atemp>
            <ns3:cad>45</ns3:cad>
          </ns3:TrackPointExtension>
        </extensions>
      </trkpt>
      <trkpt lat="59.47128516621887683868408203125" lon="12.50433362089097499847412109375">
        <ele>150</ele>
        <time>2026-07-12T04:43:10.000Z</time>
        <extensions>
          <ns3:TrackPointExtension>
            <ns3:atemp>26.0</ns3:atemp>
            <ns3:cad>0</ns3:cad>
          </ns3:TrackPointExtension>
        </extensions>
      </trkpt>
      <trkpt lat="59.4712780416011810302734375" lon="12.50433512963354587554931640625">
        <ele>150</ele>
        <time>2026-07-12T04:43:11.000Z</time>
        <extensions>
          <ns3:TrackPointExtension>
            <ns3:atemp>26.0</ns3:atemp>
            <ns3:cad>71</ns3:cad>
          </ns3:TrackPointExtension>
        </extensions>
      </trkpt>
      <trkpt lat="59.47121593169867992401123046875" lon="12.5043442659080028533935546875">
        <ele>150</ele>
        <time>2026-07-12T04:43:17.000Z</time>
        <extensions>
          <ns3:TrackPointExtension>
            <ns3:atemp>26.0</ns3:atemp>
            <ns3:cad>0</ns3:cad>
          </ns3:TrackPointExtension>
        </extensions>
      </trkpt>
      <trkpt lat="59.4711957313120365142822265625" lon="12.50436245463788509368896484375">
        <ele>150</ele>
        <time>2026-07-12T04:43:19.000Z</time>
        <extensions>
          <ns3:TrackPointExtension>
            <ns3:atemp>26.0</ns3:atemp>
            <ns3:cad>71</ns3:cad>
          </ns3:TrackPointExtension>
        </extensions>
      </trkpt>
      <trkpt lat="59.47117653675377368927001953125" lon="12.5044334493577480316162109375">
        <ele>150.1999969482421875</ele>
        <time>2026-07-12T04:43:25.000Z</time>
        <extensions>
          <ns3:TrackPointExtension>
            <ns3:atemp>26.0</ns3:atemp>
            <ns3:cad>71</ns3:cad>
          </ns3:TrackPointExtension>
        </extensions>
      </trkpt>
      <trkpt lat="59.47116664610803127288818359375" lon="12.50446789897978305816650390625">
        <ele>149.399993896484375</ele>
        <time>2026-07-12T04:43:30.000Z</time>
        <extensions>
          <ns3:TrackPointExtension>
            <ns3:atemp>26.0</ns3:atemp>
            <ns3:cad>71</ns3:cad>
          </ns3:TrackPointExtension>
        </extensions>
      </trkpt>
      <trkpt lat="59.47116530500352382659912109375" lon="12.50447292812168598175048828125">
        <ele>149.1999969482421875</ele>
        <time>2026-07-12T04:43:32.000Z</time>
        <extensions>
          <ns3:TrackPointExtension>
            <ns3:atemp>26.0</ns3:atemp>
            <ns3:cad>0</ns3:cad>
          </ns3:TrackPointExtension>
        </extensions>
      </trkpt>
      <trkpt lat="59.4712010957300662994384765625" lon="12.5047127343714237213134765625">
        <ele>152.8000030517578125</ele>
        <time>2026-07-12T04:44:11.000Z</time>
        <extensions>
          <ns3:TrackPointExtension>
            <ns3:atemp>25.0</ns3:atemp>
            <ns3:cad>0</ns3:cad>
          </ns3:TrackPointExtension>
        </extensions>
      </trkpt>
      <trkpt lat="59.471416510641574859619140625" lon="12.5050285644829273223876953125">
        <ele>155.600006103515625</ele>
        <time>2026-07-12T04:44:44.000Z</time>
        <extensions>
          <ns3:TrackPointExtension>
            <ns3:atemp>25.0</ns3:atemp>
            <ns3:cad>0</ns3:cad>
          </ns3:TrackPointExtension>
        </extensions>
      </trkpt>
      <trkpt lat="59.4715906865894794464111328125" lon="12.504527829587459564208984375">
        <ele>155.600006103515625</ele>
        <time>2026-07-12T04:44:45.000Z</time>
        <extensions>
          <ns3:TrackPointExtension>
            <ns3:atemp>25.0</ns3:atemp>
            <ns3:cad>0</ns3:cad>
          </ns3:TrackPointExtension>
        </extensions>
      </trkpt>
      <trkpt lat="59.4714317657053470611572265625" lon="12.50483301468193531036376953125">
        <ele>155</ele>
        <time>2026-07-12T04:44:49.000Z</time>
        <extensions>
          <ns3:TrackPointExtension>
            <ns3:atemp>25.0</ns3:atemp>
            <ns3:cad>43</ns3:cad>
          </ns3:TrackPointExtension>
        </extensions>
      </trkpt>
      <trkpt lat="59.47147853672504425048828125" lon="12.50490057282149791717529296875">
        <ele>153.8000030517578125</ele>
        <time>2026-07-12T04:44:55.000Z</time>
        <extensions>
          <ns3:TrackPointExtension>
            <ns3:atemp>25.0</ns3:atemp>
            <ns3:cad>46</ns3:cad>
          </ns3:TrackPointExtension>
        </extensions>
      </trkpt>
      <trkpt lat="59.47152606211602687835693359375" lon="12.504934854805469512939453125">
        <ele>152.8000030517578125</ele>
        <time>2026-07-12T04:45:00.000Z</time>
        <extensions>
          <ns3:TrackPointExtension>
            <ns3:atemp>25.0</ns3:atemp>
            <ns3:cad>45</ns3:cad>
          </ns3:TrackPointExtension>
        </extensions>
      </trkpt>
      <trkpt lat="59.4708467088639736175537109375" lon="12.505771704018115997314453125">
        <ele>151.600006103515625</ele>
        <time>2026-07-12T04:46:43.000Z</time>
        <extensions>
          <ns3:TrackPointExtension>
            <ns3:atemp>25.0</ns3:atemp>
            <ns3:cad>45</ns3:cad>
          </ns3:TrackPointExtension>
        </extensions>
      </trkpt>
      <trkpt lat="59.47084897197782993316650390625" lon="12.50569853000342845916748046875">
        <ele>151.600006103515625</ele>
        <time>2026-07-12T04:46:45.000Z</time>
        <extensions>
          <ns3:TrackPointExtension>
            <ns3:atemp>25.0</ns3:atemp>
            <ns3:cad>45</ns3:cad>
          </ns3:TrackPointExtension>
        </extensions>
      </trkpt>
      <trkpt lat="59.47082818485796451568603515625" lon="12.50557229854166507720947265625">
        <ele>151.8000030517578125</ele>
        <time>2026-07-12T04:46:48.000Z</time>
        <extensions>
          <ns3:TrackPointExtension>
            <ns3:atemp>25.0</ns3:atemp>
            <ns3:cad>44</ns3:cad>
          </ns3:TrackPointExtension>
        </extensions>
      </trkpt>
      <trkpt lat="59.470790214836597442626953125" lon="12.505584619939327239990234375">
        <ele>152</ele>
        <time>2026-07-12T04:46:53.000Z</time>
        <extensions>
          <ns3:TrackPointExtension>
            <ns3:atemp>25.0</ns3:atemp>
            <ns3:cad>41</ns3:cad>
          </ns3:TrackPointExtension>
        </extensions>
      </trkpt>
      <trkpt lat="59.470739252865314483642578125" lon="12.50557447783648967742919921875">
        <ele>152.1999969482421875</ele>
        <time>2026-07-12T04:46:59.000Z</time>
        <extensions>
          <ns3:TrackPointExtension>
            <ns3:atemp>25.0</ns3:atemp>
            <ns3:cad>42</ns3:cad>
          </ns3:TrackPointExtension>
        </extensions>
      </trkpt>
      <trkpt lat="59.47088903747498989105224609375" lon="12.50646731816232204437255859375">
        <ele>149.600006103515625</ele>
        <time>2026-07-12T04:48:44.000Z</time>
        <extensions>
          <ns3:TrackPointExtension>
            <ns3:atemp>24.0</ns3:atemp>
            <ns3:cad>77</ns3:cad>
          </ns3:TrackPointExtension>
        </extensions>
      </trkpt>
      <trkpt lat="59.4709791429340839385986328125" lon="12.5065279193222522735595703125">
        <ele>150.1999969482421875</ele>
        <time>2026-07-12T04:48:47.000Z</time>
        <extensions>
          <ns3:TrackPointExtension>
            <ns3:atemp>24.0</ns3:atemp>
            <ns3:cad>42</ns3:cad>
          </ns3:TrackPointExtension>
        </extensions>
      </trkpt>
      <trkpt lat="59.4710002653300762176513671875" lon="12.5066043622791767120361328125">
        <ele>150.399993896484375</ele>
        <time>2026-07-12T04:48:50.000Z</time>
        <extensions>
          <ns3:TrackPointExtension>
            <ns3:atemp>25.0</ns3:atemp>
            <ns3:cad>41</ns3:cad>
          </ns3:TrackPointExtension>
        </extensions>
      </trkpt>
      <trkpt lat="59.471015520393848419189453125" lon="12.5066660530865192413330078125">
        <ele>150.399993896484375</ele>
        <time>2026-07-12T04:48:55.000Z</time>
        <extensions>
          <ns3:TrackPointExtension>
            <ns3:atemp>24.0</ns3:atemp>
            <ns3:cad>41</ns3:cad>
          </ns3:TrackPointExtension>
        </extensions>
      </trkpt>
      <trkpt lat="59.471047036349773406982421875" lon="12.50673084519803524017333984375">
        <ele>150.399993896484375</ele>
        <time>2026-07-12T04:49:01.000Z</time>
        <extensions>
          <ns3:TrackPointExtension>
            <ns3:atemp>24.0</ns3:atemp>
            <ns3:cad>47</ns3:cad>
          </ns3:TrackPointExtension>
        </extensions>
      </trkpt>
      <trkpt lat="59.47043591178953647613525390625" lon="12.50614411197602748870849609375">
        <ele>148.1999969482421875</ele>
        <time>2026-07-12T04:50:43.000Z</time>
        <extensions>
          <ns3:TrackPointExtension>
            <ns3:atemp>24.0</ns3:atemp>
            <ns3:cad>41</ns3:cad>
          </ns3:TrackPointExtension>
        </extensions>
      </trkpt>
      <trkpt lat="59.4702485762536525726318359375" lon="12.506122402846813201904296875">
        <ele>148.1999969482421875</ele>
        <time>2026-07-12T04:50:44.000Z</time>
        <extensions>
          <ns3:TrackPointExtension>
            <ns3:atemp>24.0</ns3:atemp>
            <ns3:cad>44</ns3:cad>
          </ns3:TrackPointExtension>
        </extensions>
      </trkpt>
      <trkpt lat="59.47054269723594188690185546875" lon="12.506252489984035491943359375">
        <ele>147.399993896484375</ele>
        <time>2026-07-12T04:50:49.000Z</time>
        <extensions>
          <ns3:TrackPointExtension>
            <ns3:atemp>24.0</ns3:atemp>
            <ns3:cad>48</ns3:cad>
          </ns3:TrackPointExtension>
        </extensions>
      </trkpt>
      <trkpt lat="59.47056901641190052032470703125" lon="12.50621653161942958831787109375">
        <ele>147</ele>
        <time>2026-07-12T04:50:51.000Z</time>
        <extensions>
          <ns3:TrackPointExtension>
            <ns3:atemp>24.0</ns3:atemp>
            <ns3:cad>47</ns3:cad>
          </ns3:TrackPointExtension>
        </extensions>
      </trkpt>
      <trkpt lat="59.4705583713948726654052734375" lon="12.50612650997936725616455078125">
        <ele>146.600006103515625</ele>
        <time>2026-07-12T04:50:57.000Z</time>
        <extensions>
          <ns3:TrackPointExtension>
            <ns3:atemp>24.0</ns3:atemp>
            <ns3:cad>50</ns3:cad>
          </ns3:TrackPointExtension>
        </extensions>
      </trkpt>
      <trkpt lat="59.4705483131110668182373046875" lon="12.5061071477830410003662109375">
        <ele>146.8000030517578125</ele>
        <time>2026-07-12T04:51:00.000Z</time>
        <extensions>
          <ns3:TrackPointExtension>
            <ns3:atemp>24.0</ns3:atemp>
            <ns3:cad>44</ns3:cad>
          </ns3:TrackPointExtension>
        </extensions>
      </trkpt>
      <trkpt lat="59.46991388686001300811767578125" lon="12.5051281414926052093505859375">
        <ele>157.399993896484375</ele>
        <time>2026-07-12T04:52:43.000Z</time>
        <extensions>
          <ns3:TrackPointExtension>
            <ns3:atemp>24.0</ns3:atemp>
            <ns3:cad>47</ns3:cad>
          </ns3:TrackPointExtension>
        </extensions>
      </trkpt>
      <trkpt lat="59.46977491490542888641357421875" lon="12.5049450807273387908935546875">
        <ele>158</ele>
        <time>2026-07-12T04:52:45.000Z</time>
        <extensions>
          <ns3:TrackPointExtension>
            <ns3:atemp>24.0</ns3:atemp>
            <ns3:cad>47</ns3:cad>
          </ns3:TrackPointExtension>
        </extensions>
      </trkpt>
      <trkpt lat="59.469766952097415924072265625" lon="12.5049477629363536834716796875">
        <ele>158.1999969482421875</ele>
        <time>2026-07-12T04:52:46.000Z</time>
        <extensions>
          <ns3:TrackPointExtension>
            <ns3:atemp>24.0</ns3:atemp>
            <ns3:cad>46</ns3:cad>
          </ns3:TrackPointExtension>
        </extensions>
      </trkpt>
      <trkpt lat="59.4697258807718753814697265625" lon="12.505032755434513092041015625">
        <ele>159</ele>
        <time>2026-07-12T04:52:52.000Z</time>
        <extensions>
          <ns3:TrackPointExtension>
            <ns3:atemp>24.0</ns3:atemp>
            <ns3:cad>42</ns3:cad>
          </ns3:TrackPointExtension>
        </extensions>
      </trkpt>
      <trkpt lat="59.46971657685935497283935546875" lon="12.50499126501381397247314453125">
        <ele>158.8000030517578125</ele>
        <time>2026-07-12T04:52:58.000Z</time>
        <extensions>
          <ns3:TrackPointExtension>
            <ns3:atemp>24.0</ns3:atemp>
            <ns3:cad>48</ns3:cad>
          </ns3:TrackPointExtension>
        </extensions>
      </trkpt>
      <trkpt lat="59.469685815274715423583984375" lon="12.50498472712934017181396484375">
        <ele>158.8000030517578125</ele>
        <time>2026-07-12T04:53:00.000Z</time>
        <extensions>
          <ns3:TrackPointExtension>
            <ns3:atemp>24.0</ns3:atemp>
            <ns3:cad>48</ns3:cad>
          </ns3:TrackPointExtension>
        </extensions>
      </trkpt>
      <trkpt lat="59.46905650198459625244140625" lon="12.503578662872314453125">
        <ele>164.600006103515625</ele>
        <time>2026-07-12T04:54:48.000Z</time>
        <extensions>
          <ns3:TrackPointExtension>
            <ns3:atemp>24.0</ns3:atemp>
            <ns3:cad>45</ns3:cad>
          </ns3:TrackPointExtension>
        </extensions>
      </trkpt>
      <trkpt lat="59.468869753181934356689453125" lon="12.50367161817848682403564453125">
        <ele>164.600006103515625</ele>
        <time>2026-07-12T04:54:49.000Z</time>
        <extensions>
          <ns3:TrackPointExtension>
            <ns3:atemp>24.0</ns3:atemp>
            <ns3:cad>45</ns3:cad>
          </ns3:TrackPointExtension>
        </extensions>
      </trkpt>
      <trkpt lat="59.46875165216624736785888671875" lon="12.5037639029324054718017578125">
        <ele>164.8000030517578125</ele>
        <time>2026-07-12T04:54:55.000Z</time>
        <extensions>
          <ns3:TrackPointExtension>
            <ns3:atemp>24.0</ns3:atemp>
            <ns3:cad>46</ns3:cad>
          </ns3:TrackPointExtension>
        </extensions>
      </trkpt>
      <trkpt lat="59.46875517256557941436767578125" lon="12.5036800839006900787353515625">
        <ele>164.8000030517578125</ele>
        <time>2026-07-12T04:54:58.000Z</time>
        <extensions>
          <ns3:TrackPointExtension>
            <ns3:atemp>24.0</ns3:atemp>
            <ns3:cad>42</ns3:cad>
          </ns3:TrackPointExtension>
        </extensions>
      </trkpt>
      <trkpt lat="59.46775873191654682159423828125" lon="12.50330700539052486419677734375">
        <ele>160.399993896484375</ele>
        <time>2026-07-12T04:56:44.000Z</time>
        <extensions>
          <ns3:TrackPointExtension>
            <ns3:atemp>23.0</ns3:atemp>
            <ns3:cad>47</ns3:cad>
          </ns3:TrackPointExtension>
        </extensions>
      </trkpt>
      <trkpt lat="59.46775965392589569091796875" lon="12.5033813528716564178466796875">
        <ele>160.8000030517578125</ele>
        <time>2026-07-12T04:56:50.000Z</time>
        <extensions>
          <ns3:TrackPointExtension>
            <ns3:atemp>23.0</ns3:atemp>
            <ns3:cad>45</ns3:cad>
          </ns3:TrackPointExtension>
        </extensions>
      </trkpt>
      <trkpt lat="59.46770542301237583160400390625" lon="12.50340088270604610443115234375">
        <ele>161.1999969482421875</ele>
        <time>2026-07-12T04:56:55.000Z</time>
        <extensions>
          <ns3:TrackPointExtension>
            <ns3:atemp>23.0</ns3:atemp>
            <ns3:cad>43</ns3:cad>
          </ns3:TrackPointExtension>
        </extensions>
      </trkpt>
      <trkpt lat="59.46768983267247676849365234375" lon="12.50339317135512828826904296875">
        <ele>161.399993896484375</ele>
        <time>2026-07-12T04:56:56.000Z</time>
        <extensions>
          <ns3:TrackPointExtension>
            <ns3:atemp>23.0</ns3:atemp>
            <ns3:cad>43</ns3:cad>
          </ns3:TrackPointExtension>
        </extensions>
      </trkpt>
      <trkpt lat="59.46767139248549938201904296875" lon="12.50338378362357616424560546875">
        <ele>161.600006103515625</ele>
        <time>2026-07-12T04:56:58.000Z</time>
        <extensions>
          <ns3:TrackPointExtension>
            <ns3:atemp>23.0</ns3:atemp>
            <ns3:cad>43</ns3:cad>
          </ns3:TrackPointExtension>
        </extensions>
      </trkpt>
      <trkpt lat="59.466636143624782562255859375" lon="12.50364479608833789825439453125">
        <ele>158.8000030517578125</ele>
        <time>2026-07-12T04:58:43.000Z</time>
        <extensions>
          <ns3:TrackPointExtension>
            <ns3:atemp>23.0</ns3:atemp>
            <ns3:cad>44</ns3:cad>
          </ns3:TrackPointExtension>
        </extensions>
      </trkpt>
      <trkpt lat="59.46678936481475830078125" lon="12.503903210163116455078125">
        <ele>158.399993896484375</ele>
        <time>2026-07-12T04:58:49.000Z</time>
        <extensions>
          <ns3:TrackPointExtension>
            <ns3:atemp>23.0</ns3:atemp>
            <ns3:cad>44</ns3:cad>
          </ns3:TrackPointExtension>
        </extensions>
      </trkpt>
      <trkpt lat="59.46678341366350650787353515625" lon="12.50391854904592037200927734375">
        <ele>158.399993896484375</ele>
        <time>2026-07-12T04:58:50.000Z</time>
        <extensions>
          <ns3:TrackPointExtension>
            <ns3:atemp>23.0</ns3:atemp>
            <ns3:cad>43</ns3:cad>
          </ns3:TrackPointExtension>
        </extensions>
      </trkpt>
      <trkpt lat="59.4667801447212696075439453125" lon="12.50394704751670360565185546875">
        <ele>158.1999969482421875</ele>
        <time>2026-07-12T04:58:51.000Z</time>
        <extensions>
          <ns3:TrackPointExtension>
            <ns3:atemp>23.0</ns3:atemp>
            <ns3:cad>43</ns3:cad>
          </ns3:TrackPointExtension>
        </extensions>
      </trkpt>
      <trkpt lat="59.46671183221042156219482421875" lon="12.50401175580918788909912109375">
        <ele>157.1999969482421875</ele>
        <time>2026-07-12T04:58:56.000Z</time>
        <extensions>
          <ns3:TrackPointExtension>
            <ns3:atemp>23.0</ns3:atemp>
            <ns3:cad>48</ns3:cad>
          </ns3:TrackPointExtension>
        </extensions>
      </trkpt>
      <trkpt lat="59.46669942699372768402099609375" lon="12.50401225872337818145751953125">
        <ele>157.1999969482421875</ele>
        <time>2026-07-12T04:58:57.000Z</time>
        <extensions>
          <ns3:TrackPointExtension>
            <ns3:atemp>23.0</ns3:atemp>
            <ns3:cad>48</ns3:cad>
          </ns3:TrackPointExtension>
        </extensions>
      </trkpt>
      <trkpt lat="59.46666874922811985015869140625" lon="12.5040306150913238525390625">
        <ele>156.8000030517578125</ele>
        <time>2026-07-12T04:59:00.000Z</time>
        <extensions>
          <ns3:TrackPointExtension>
            <ns3:atemp>23.0</ns3:atemp>
            <ns3:cad>46</ns3:cad>
          </ns3:TrackPointExtension>
        </extensions>
      </trkpt>
      <trkpt lat="59.46598193608224391937255859375" lon="12.50437653623521327972412109375">
        <ele>147.1999969482421875</ele>
        <time>2026-07-12T05:00:45.000Z</time>
        <extensions>
          <ns3:TrackPointExtension>
            <ns3:atemp>23.0</ns3:atemp>
            <ns3:cad>0</ns3:cad>
          </ns3:TrackPointExtension>
        </extensions>
      </trkpt>
      <trkpt lat="59.46598269045352935791015625" lon="12.50423303805291652679443359375">
        <ele>147.399993896484375</ele>
        <time>2026-07-12T05:00:51.000Z</time>
        <extensions>
          <ns3:TrackPointExtension>
            <ns3:atemp>23.0</ns3:atemp>
            <ns3:cad>0</ns3:cad>
          </ns3:TrackPointExtension>
        </extensions>
      </trkpt>
      <trkpt lat="59.46594379842281341552734375" lon="12.50427058897912502288818359375">
        <ele>147.600006103515625</ele>
        <time>2026-07-12T05:00:54.000Z</time>
        <extensions>
          <ns3:TrackPointExtension>
            <ns3:atemp>23.0</ns3:atemp>
            <ns3:cad>0</ns3:cad>
          </ns3:TrackPointExtension>
        </extensions>
      </trkpt>
      <trkpt lat="59.4659241847693920135498046875" lon="12.50436865724623203277587890625">
        <ele>147.8000030517578125</ele>
        <time>2026-07-12T05:01:00.000Z</time>
        <extensions>
          <ns3:TrackPointExtension>
            <ns3:atemp>23.0</ns3:atemp>
            <ns3:cad>46</ns3:cad>
          </ns3:TrackPointExtension>
        </extensions>
      </trkpt>
      <trkpt lat="59.4659149646759033203125" lon="12.50437754206359386444091796875">
        <ele>148</ele>
        <time>2026-07-12T05:01:01.000Z</time>
        <extensions>
          <ns3:TrackPointExtension>
            <ns3:atemp>23.0</ns3:atemp>
            <ns3:cad>46</ns3:cad>
          </ns3:TrackPointExtension>
        </extensions>
      </trkpt>
      <trkpt lat="59.4659149646759033203125" lon="12.50437754206359386444091796875">
        <ele>148.1999969482421875</ele>
        <time>2026-07-12T05:01:02.000Z</time>
        <extensions>
          <ns3:TrackPointExtension>
            <ns3:atemp>23.0</ns3:atemp>
            <ns3:cad>46</ns3:cad>
          </ns3:TrackPointExtension>
        </extensions>
      </trkpt>
      <trkpt lat="59.4649555720388889312744140625" lon="12.50404830090701580047607421875">
        <ele>155</ele>
        <time>2026-07-12T05:02:45.000Z</time>
        <extensions>
          <ns3:TrackPointExtension>
            <ns3:atemp>23.0</ns3:atemp>
            <ns3:cad>43</ns3:cad>
          </ns3:TrackPointExtension>
        </extensions>
      </trkpt>
      <trkpt lat="59.464801512658596038818359375" lon="12.5039513222873210906982421875">
        <ele>155.399993896484375</ele>
        <time>2026-07-12T05:02:47.000Z</time>
        <extensions>
          <ns3:TrackPointExtension>
            <ns3:atemp>23.0</ns3:atemp>
            <ns3:cad>43</ns3:cad>
          </ns3:TrackPointExtension>
        </extensions>
      </trkpt>
      <trkpt lat="59.46486630477011203765869140625" lon="12.50394813716411590576171875">
        <ele>156</ele>
        <time>2026-07-12T05:02:49.000Z</time>
        <extensions>
          <ns3:TrackPointExtension>
            <ns3:atemp>23.0</ns3:atemp>
            <ns3:cad>43</ns3:cad>
          </ns3:TrackPointExtension>
        </extensions>
      </trkpt>
      <trkpt lat="59.4648509658873081207275390625" lon="12.50380891375243663787841796875">
        <ele>156.600006103515625</ele>
        <time>2026-07-12T05:02:54.000Z</time>
        <extensions>
          <ns3:TrackPointExtension>
            <ns3:atemp>23.0</ns3:atemp>
            <ns3:cad>44</ns3:cad>
          </ns3:TrackPointExtension>
        </extensions>
      </trkpt>
      <trkpt lat="59.46486379019916057586669921875" lon="12.50376038253307342529296875">
        <ele>157.1999969482421875</ele>
        <time>2026-07-12T05:02:56.000Z</time>
        <extensions>
          <ns3:TrackPointExtension>
            <ns3:atemp>22.0</ns3:atemp>
            <ns3:cad>42</ns3:cad>
          </ns3:TrackPointExtension>
        </extensions>
      </trkpt>
      <trkpt lat="59.4648392312228679656982421875" lon="12.50368905253708362579345703125">
        <ele>158</ele>
        <time>2026-07-12T05:03:02.000Z</time>
        <extensions>
          <ns3:TrackPointExtension>
            <ns3:atemp>22.0</ns3:atemp>
            <ns3:cad>43</ns3:cad>
          </ns3:TrackPointExtension>
        </extensions>
      </trkpt>
      <trkpt lat="59.46389215998351573944091796875" lon="12.503355033695697784423828125">
        <ele>157.399993896484375</ele>
        <time>2026-07-12T05:04:47.000Z</time>
        <extensions>
          <ns3:TrackPointExtension>
            <ns3:atemp>22.0</ns3:atemp>
            <ns3:cad>47</ns3:cad>
          </ns3:TrackPointExtension>
        </extensions>
      </trkpt>
      <trkpt lat="59.4637651741504669189453125" lon="12.503382526338100433349609375">
        <ele>157.600006103515625</ele>
        <time>2026-07-12T05:04:51.000Z</time>
        <extensions>
          <ns3:TrackPointExtension>
            <ns3:atemp>22.0</ns3:atemp>
            <ns3:cad>48</ns3:cad>
          </ns3:TrackPointExtension>
        </extensions>
      </trkpt>
      <trkpt lat="59.46372418664395809173583984375" lon="12.50331245362758636474609375">
        <ele>158</ele>
        <time>2026-07-12T05:04:57.000Z</time>
        <extensions>
          <ns3:TrackPointExtension>
            <ns3:atemp>22.0</ns3:atemp>
            <ns3:cad>45</ns3:cad>
          </ns3:TrackPointExtension>
        </extensions>
      </trkpt>
      <trkpt lat="59.463711194694042205810546875" lon="12.50329476781189441680908203125">
        <ele>158</ele>
        <time>2026-07-12T05:04:58.000Z</time>
        <extensions>
          <ns3:TrackPointExtension>
            <ns3:atemp>22.0</ns3:atemp>
            <ns3:cad>45</ns3:cad>
          </ns3:TrackPointExtension>
        </extensions>
      </trkpt>
      <trkpt lat="59.463689066469669342041015625" lon="12.50327699817717075347900390625">
        <ele>158.1999969482421875</ele>
        <time>2026-07-12T05:05:00.000Z</time>
        <extensions>
          <ns3:TrackPointExtension>
            <ns3:atemp>22.0</ns3:atemp>
            <ns3:cad>45</ns3:cad>
          </ns3:TrackPointExtension>
        </extensions>
      </trkpt>
      <trkpt lat="59.462944082915782928466796875" lon="12.502708621323108673095703125">
        <ele>162.1999969482421875</ele>
        <time>2026-07-12T05:06:49.000Z</time>
        <extensions>
          <ns3:TrackPointExtension>
            <ns3:atemp>22.0</ns3:atemp>
            <ns3:cad>46</ns3:cad>
          </ns3:TrackPointExtension>
        </extensions>
      </trkpt>
      <trkpt lat="59.4629248045384883880615234375" lon="12.50272965990006923675537109375">
        <ele>162.1999969482421875</ele>
        <time>2026-07-12T05:06:50.000Z</time>
        <extensions>
          <ns3:TrackPointExtension>
            <ns3:atemp>22.0</ns3:atemp>
            <ns3:cad>46</ns3:cad>
          </ns3:TrackPointExtension>
        </extensions>
      </trkpt>
      <trkpt lat="59.46299680508673191070556640625" lon="12.50281356275081634521484375">
        <ele>162.399993896484375</ele>
        <time>2026-07-12T05:06:51.000Z</time>
        <extensions>
          <ns3:TrackPointExtension>
            <ns3:atemp>22.0</ns3:atemp>
            <ns3:cad>45</ns3:cad>
          </ns3:TrackPointExtension>
        </extensions>
      </trkpt>
      <trkpt lat="59.4628309272229671478271484375" lon="12.50285605899989604949951171875">
        <ele>163.399993896484375</ele>
        <time>2026-07-12T05:06:56.000Z</time>
        <extensions>
          <ns3:TrackPointExtension>
            <ns3:atemp>22.0</ns3:atemp>
            <ns3:cad>42</ns3:cad>
          </ns3:TrackPointExtension>
        </extensions>
      </trkpt>
      <trkpt lat="59.46282313205301761627197265625" lon="12.50284398905932903289794921875">
        <ele>163.600006103515625</ele>
        <time>2026-07-12T05:06:57.000Z</time>
        <extensions>
          <ns3:TrackPointExtension>
            <ns3:atemp>22.0</ns3:atemp>
            <ns3:cad>42</ns3:cad>
          </ns3:TrackPointExtension>
        </extensions>
      </trkpt>
      <trkpt lat="59.4628711603581905364990234375" lon="12.502872906625270843505859375">
        <ele>164.399993896484375</ele>
        <time>2026-07-12T05:07:01.000Z</time>
        <extensions>
          <ns3:TrackPointExtension>
            <ns3:atemp>22.0</ns3:atemp>
            <ns3:cad>42</ns3:cad>
          </ns3:TrackPointExtension>
        </extensions>
      </trkpt>
      <trkpt lat="59.4633467495441436767578125" lon="12.50347699038684368133544921875">
        <ele>178.8000030517578125</ele>
        <time>2026-07-12T05:08:42.000Z</time>
        <extensions>
          <ns3:TrackPointExtension>
            <ns3:atemp>22.0</ns3:atemp>
            <ns3:cad>76</ns3:cad>
          </ns3:TrackPointExtension>
        </extensions>
      </trkpt>
      <trkpt lat="59.46316637098789215087890625" lon="12.50347648747265338897705078125">
        <ele>178.8000030517578125</ele>
        <time>2026-07-12T05:08:44.000Z</time>
        <extensions>
          <ns3:TrackPointExtension>
            <ns3:atemp>22.0</ns3:atemp>
            <ns3:cad>41</ns3:cad>
          </ns3:TrackPointExtension>
        </extensions>
      </trkpt>
      <trkpt lat="59.46318875066936016082763671875" lon="12.5036046467721462249755859375">
        <ele>178.8000030517578125</ele>
        <time>2026-07-12T05:08:50.000Z</time>
        <extensions>
          <ns3:TrackPointExtension>
            <ns3:atemp>22.0</ns3:atemp>
            <ns3:cad>43</ns3:cad>
          </ns3:TrackPointExtension>
        </extensions>
      </trkpt>
      <trkpt lat="59.463174082338809967041015625" lon="12.5036623142659664154052734375">
        <ele>178.8000030517578125</ele>
        <time>2026-07-12T05:08:55.000Z</time>
        <extensions>
          <ns3:TrackPointExtension>
            <ns3:atemp>22.0</ns3:atemp>
            <ns3:cad>44</ns3:cad>
          </ns3:TrackPointExtension>
        </extensions>
      </trkpt>
      <trkpt lat="59.463172070682048797607421875" lon="12.50367966480553150177001953125">
        <ele>178.8000030517578125</ele>
        <time>2026-07-12T05:09:01.000Z</time>
        <extensions>
          <ns3:TrackPointExtension>
            <ns3:atemp>22.0</ns3:atemp>
            <ns3:cad>42</ns3:cad>
          </ns3:TrackPointExtension>
        </extensions>
      </trkpt>
      <trkpt lat="59.4641093350946903228759765625" lon="12.504590861499309539794921875">
        <ele>179.8000030517578125</ele>
        <time>2026-07-12T05:10:44.000Z</time>
        <extensions>
          <ns3:TrackPointExtension>
            <ns3:atemp>23.0</ns3:atemp>
            <ns3:cad>47</ns3:cad>
          </ns3:TrackPointExtension>
        </extensions>
      </trkpt>
      <trkpt lat="59.46413674391806125640869140625" lon="12.50472086481750011444091796875">
        <ele>179.600006103515625</ele>
        <time>2026-07-12T05:10:50.000Z</time>
        <extensions>
          <ns3:TrackPointExtension>
            <ns3:atemp>23.0</ns3:atemp>
            <ns3:cad>46</ns3:cad>
          </ns3:TrackPointExtension>
        </extensions>
      </trkpt>
      <trkpt lat="59.46414940059185028076171875" lon="12.50476310960948467254638671875">
        <ele>179.600006103515625</ele>
        <time>2026-07-12T05:10:52.000Z</time>
        <extensions>
          <ns3:TrackPointExtension>
            <ns3:atemp>23.0</ns3:atemp>
            <ns3:cad>46</ns3:cad>
          </ns3:TrackPointExtension>
        </extensions>
      </trkpt>
      <trkpt lat="59.46417530067265033721923828125" lon="12.50482396222651004791259765625">
        <ele>179.600006103515625</ele>
        <time>2026-07-12T05:10:56.000Z</time>
        <extensions>
          <ns3:TrackPointExtension>
            <ns3:atemp>23.0</ns3:atemp>
            <ns3:cad>45</ns3:cad>
          </ns3:TrackPointExtension>
        </extensions>
      </trkpt>
      <trkpt lat="59.46420279331505298614501953125" lon="12.504874505102634429931640625">
        <ele>179.8000030517578125</ele>
        <time>2026-07-12T05:11:02.000Z</time>
        <extensions>
          <ns3:TrackPointExtension>
            <ns3:atemp>23.0</ns3:atemp>
            <ns3:cad>45</ns3:cad>
          </ns3:TrackPointExtension>
        </extensions>
      </trkpt>
      <trkpt lat="59.46462557651102542877197265625" lon="12.5066958926618099212646484375">
        <ele>180.1999969482421875</ele>
        <time>2026-07-12T05:12:43.000Z</time>
        <extensions>
          <ns3:TrackPointExtension>
            <ns3:atemp>23.0</ns3:atemp>
            <ns3:cad>46</ns3:cad>
          </ns3:TrackPointExtension>
        </extensions>
      </trkpt>
      <trkpt lat="59.46451476775109767913818359375" lon="12.50656253658235073089599609375">
        <ele>180.600006103515625</ele>
        <time>2026-07-12T05:12:46.000Z</time>
        <extensions>
          <ns3:TrackPointExtension>
            <ns3:atemp>23.0</ns3:atemp>
            <ns3:cad>45</ns3:cad>
          </ns3:TrackPointExtension>
        </extensions>
      </trkpt>
      <trkpt lat="59.46451711468398571014404296875" lon="12.50660327263176441192626953125">
        <ele>180.600006103515625</ele>
        <time>2026-07-12T05:12:47.000Z</time>
        <extensions>
          <ns3:TrackPointExtension>
            <ns3:atemp>23.0</ns3:atemp>
            <ns3:cad>42</ns3:cad>
          </ns3:TrackPointExtension>
        </extensions>
      </trkpt>
      <trkpt lat="59.46454913355410099029541015625" lon="12.5066224671900272369384765625">
        <ele>180.8000030517578125</ele>
        <time>2026-07-12T05:12:53.000Z</time>
        <extensions>
          <ns3:TrackPointExtension>
            <ns3:atemp>23.0</ns3:atemp>
            <ns3:cad>46</ns3:cad>
          </ns3:TrackPointExtension>
        </extensions>
      </trkpt>
      <trkpt lat="59.46457050740718841552734375" lon="12.50665850937366485595703125">
        <ele>180.399993896484375</ele>
        <time>2026-07-12T05:12:57.000Z</time>
        <extensions>
          <ns3:TrackPointExtension>
            <ns3:atemp>23.0</ns3:atemp>
            <ns3:cad>48</ns3:cad>
          </ns3:TrackPointExtension>
        </extensions>
      </trkpt>
      <trkpt lat="59.46461115963757038116455078125" lon="12.50670067034661769866943359375">
        <ele>180.8000030517578125</ele>
        <time>2026-07-12T05:13:03.000Z</time>
        <extensions>
          <ns3:TrackPointExtension>
            <ns3:atemp>23.0</ns3:atemp>
            <ns3:cad>44</ns3:cad>
          </ns3:TrackPointExtension>
        </extensions>
      </trkpt>
      <trkpt lat="59.46541431359946727752685546875" lon="12.5077486597001552581787109375">
        <ele>182.8000030517578125</ele>
        <time>2026-07-12T05:14:43.000Z</time>
        <extensions>
          <ns3:TrackPointExtension>
            <ns3:atemp>23.0</ns3:atemp>
            <ns3:cad>44</ns3:cad>
          </ns3:TrackPointExtension>
        </extensions>
      </trkpt>
      <trkpt lat="59.46541749872267246246337890625" lon="12.5077473185956478118896484375">
        <ele>183</ele>
        <time>2026-07-12T05:14:46.000Z</time>
        <extensions>
          <ns3:TrackPointExtension>
            <ns3:atemp>23.0</ns3:atemp>
            <ns3:cad>45</ns3:cad>
          </ns3:TrackPointExtension>
        </extensions>
      </trkpt>
      <trkpt lat="59.46548153646290302276611328125" lon="12.50770549289882183074951171875">
        <ele>182.8000030517578125</ele>
        <time>2026-07-12T05:14:52.000Z</time>
        <extensions>
          <ns3:TrackPointExtension>
            <ns3:atemp>23.0</ns3:atemp>
            <ns3:cad>46</ns3:cad>
          </ns3:TrackPointExtension>
        </extensions>
      </trkpt>
      <trkpt lat="59.465510286390781402587890625" lon="12.50772795639932155609130859375">
        <ele>182.399993896484375</ele>
        <time>2026-07-12T05:14:54.000Z</time>
        <extensions>
          <ns3:TrackPointExtension>
            <ns3:atemp>23.0</ns3:atemp>
            <ns3:cad>49</ns3:cad>
          </ns3:TrackPointExtension>
        </extensions>
      </trkpt>
      <trkpt lat="59.4655863940715789794921875" lon="12.50786148011684417724609375">
        <ele>182</ele>
        <time>2026-07-12T05:15:00.000Z</time>
        <extensions>
          <ns3:TrackPointExtension>
            <ns3:atemp>23.0</ns3:atemp>
            <ns3:cad>46</ns3:cad>
          </ns3:TrackPointExtension>
        </extensions>
      </trkpt>
      <trkpt lat="59.4655939377844333648681640625" lon="12.50788536854088306427001953125">
        <ele>182</ele>
        <time>2026-07-12T05:15:01.000Z</time>
        <extensions>
          <ns3:TrackPointExtension>
            <ns3:atemp>23.0</ns3:atemp>
            <ns3:cad>48</ns3:cad>
          </ns3:TrackPointExtension>
        </extensions>
      </trkpt>
      <trkpt lat="59.4655939377844333648681640625" lon="12.50788536854088306427001953125">
        <ele>181.8000030517578125</ele>
        <time>2026-07-12T05:15:03.000Z</time>
        <extensions>
          <ns3:TrackPointExtension>
            <ns3:atemp>23.0</ns3:atemp>
            <ns3:cad>47</ns3:cad>
          </ns3:TrackPointExtension>
        </extensions>
      </trkpt>
      <trkpt lat="59.46603071875870227813720703125" lon="12.50906134955585002899169921875">
        <ele>181.8000030517578125</ele>
        <time>2026-07-12T05:16:42.000Z</time>
        <extensions>
          <ns3:TrackPointExtension>
            <ns3:atemp>23.0</ns3:atemp>
            <ns3:cad>46</ns3:cad>
          </ns3:TrackPointExtension>
        </extensions>
      </trkpt>
      <trkpt lat="59.46617756970226764678955078125" lon="12.50923451967537403106689453125">
        <ele>181.600006103515625</ele>
        <time>2026-07-12T05:16:45.000Z</time>
        <extensions>
          <ns3:TrackPointExtension>
            <ns3:atemp>23.0</ns3:atemp>
            <ns3:cad>45</ns3:cad>
          </ns3:TrackPointExtension>
        </extensions>
      </trkpt>
      <trkpt lat="59.466154016554355621337890625" lon="12.50928497873246669769287109375">
        <ele>181.600006103515625</ele>
        <time>2026-07-12T05:16:47.000Z</time>
        <extensions>
          <ns3:TrackPointExtension>
            <ns3:atemp>23.0</ns3:atemp>
            <ns3:cad>48</ns3:cad>
          </ns3:TrackPointExtension>
        </extensions>
      </trkpt>
      <trkpt lat="59.46622048504650592803955078125" lon="12.509404085576534271240234375">
        <ele>181.399993896484375</ele>
        <time>2026-07-12T05:16:52.000Z</time>
        <extensions>
          <ns3:TrackPointExtension>
            <ns3:atemp>23.0</ns3:atemp>
            <ns3:cad>48</ns3:cad>
          </ns3:TrackPointExtension>
        </extensions>
      </trkpt>
      <trkpt lat="59.4662577845156192779541015625" lon="12.509459070861339569091796875">
        <ele>181.600006103515625</ele>
        <time>2026-07-12T05:16:58.000Z</time>
        <extensions>
          <ns3:TrackPointExtension>
            <ns3:atemp>23.0</ns3:atemp>
            <ns3:cad>43</ns3:cad>
          </ns3:TrackPointExtension>
        </extensions>
      </trkpt>
      <trkpt lat="59.4662829302251338958740234375" lon="12.50946854241192340850830078125">
        <ele>181.399993896484375</ele>
        <time>2026-07-12T05:17:02.000Z</time>
        <extensions>
          <ns3:TrackPointExtension>
            <ns3:atemp>23.0</ns3:atemp>
            <ns3:cad>47</ns3:cad>
          </ns3:TrackPointExtension>
        </extensions>
      </trkpt>
      <trkpt lat="59.4670399837195873260498046875" lon="12.51107602380216121673583984375">
        <ele>178.600006103515625</ele>
        <time>2026-07-12T05:18:45.000Z</time>
        <extensions>
          <ns3:TrackPointExtension>
            <ns3:atemp>23.0</ns3:atemp>
            <ns3:cad>44</ns3:cad>
          </ns3:TrackPointExtension>
        </extensions>
      </trkpt>
      <trkpt lat="59.467049539089202880859375" lon="12.511116676032543182373046875">
        <ele>178.8000030517578125</ele>
        <time>2026-07-12T05:18:47.000Z</time>
        <extensions>
          <ns3:TrackPointExtension>
            <ns3:atemp>23.0</ns3:atemp>
            <ns3:cad>44</ns3:cad>
          </ns3:TrackPointExtension>
        </extensions>
      </trkpt>
      <trkpt lat="59.46706269867718219757080078125" lon="12.51110284589231014251708984375">
        <ele>178.600006103515625</ele>
        <time>2026-07-12T05:18:49.000Z</time>
        <extensions>
          <ns3:TrackPointExtension>
            <ns3:atemp>23.0</ns3:atemp>
            <ns3:cad>44</ns3:cad>
          </ns3:TrackPointExtension>
        </extensions>
      </trkpt>
      <trkpt lat="59.4670896045863628387451171875" lon="12.51117727719247341156005859375">
        <ele>178.600006103515625</ele>
        <time>2026-07-12T05:18:55.000Z</time>
        <extensions>
          <ns3:TrackPointExtension>
            <ns3:atemp>23.0</ns3:atemp>
            <ns3:cad>47</ns3:cad>
          </ns3:TrackPointExtension>
        </extensions>
      </trkpt>
      <trkpt lat="59.46713075973093509674072265625" lon="12.5112596713006496429443359375">
        <ele>178.600006103515625</ele>
        <time>2026-07-12T05:19:01.000Z</time>
        <extensions>
          <ns3:TrackPointExtension>
            <ns3:atemp>23.0</ns3:atemp>
            <ns3:cad>47</ns3:cad>
          </ns3:TrackPointExtension>
        </extensions>
      </trkpt>
      <trkpt lat="59.46713075973093509674072265625" lon="12.5112596713006496429443359375">
        <ele>178.600006103515625</ele>
        <time>2026-07-12T05:19:03.000Z</time>
        <extensions>
          <ns3:TrackPointExtension>
            <ns3:atemp>23.0</ns3:atemp>
            <ns3:cad>48</ns3:cad>
          </ns3:TrackPointExtension>
        </extensions>
      </trkpt>
      <trkpt lat="59.468112699687480926513671875" lon="12.51274167560040950775146484375">
        <ele>181.8000030517578125</ele>
        <time>2026-07-12T05:20:44.000Z</time>
        <extensions>
          <ns3:TrackPointExtension>
            <ns3:atemp>23.0</ns3:atemp>
            <ns3:cad>43</ns3:cad>
          </ns3:TrackPointExtension>
        </extensions>
      </trkpt>
      <trkpt lat="59.46790449321269989013671875" lon="12.51255341805517673492431640625">
        <ele>181.8000030517578125</ele>
        <time>2026-07-12T05:20:46.000Z</time>
        <extensions>
          <ns3:TrackPointExtension>
            <ns3:atemp>23.0</ns3:atemp>
            <ns3:cad>43</ns3:cad>
          </ns3:TrackPointExtension>
        </extensions>
      </trkpt>
      <trkpt lat="59.468014128506183624267578125" lon="12.512604296207427978515625">
        <ele>181.8000030517578125</ele>
        <time>2026-07-12T05:20:52.000Z</time>
        <extensions>
          <ns3:TrackPointExtension>
            <ns3:atemp>23.0</ns3:atemp>
            <ns3:cad>44</ns3:cad>
          </ns3:TrackPointExtension>
        </extensions>
      </trkpt>
      <trkpt lat="59.46799702942371368408203125" lon="12.5126215629279613494873046875">
        <ele>181.8000030517578125</ele>
        <time>2026-07-12T05:20:54.000Z</time>
        <extensions>
          <ns3:TrackPointExtension>
            <ns3:atemp>23.0</ns3:atemp>
            <ns3:cad>47</ns3:cad>
          </ns3:TrackPointExtension>
        </extensions>
      </trkpt>
      <trkpt lat="59.46803650818765163421630859375" lon="12.51267512328922748565673828125">
        <ele>181.600006103515625</ele>
        <time>2026-07-12T05:21:00.000Z</time>
        <extensions>
          <ns3:TrackPointExtension>
            <ns3:atemp>23.0</ns3:atemp>
            <ns3:cad>45</ns3:cad>
          </ns3:TrackPointExtension>
        </extensions>
      </trkpt>
      <trkpt lat="59.4688323698937892913818359375" lon="12.51385353505611419677734375">
        <ele>184.8000030517578125</ele>
        <time>2026-07-12T05:22:42.000Z</time>
        <extensions>
          <ns3:TrackPointExtension>
            <ns3:atemp>23.0</ns3:atemp>
            <ns3:cad>44</ns3:cad>
          </ns3:TrackPointExtension>
        </extensions>
      </trkpt>
      <trkpt lat="59.468898586928844451904296875" lon="12.5139167346060276031494140625">
        <ele>184.600006103515625</ele>
        <time>2026-07-12T05:22:46.000Z</time>
        <extensions>
          <ns3:TrackPointExtension>
            <ns3:atemp>23.0</ns3:atemp>
            <ns3:cad>47</ns3:cad>
          </ns3:TrackPointExtension>
        </extensions>
      </trkpt>
      <trkpt lat="59.4689292646944522857666015625" lon="12.51397951506078243255615234375">
        <ele>184.600006103515625</ele>
        <time>2026-07-12T05:22:52.000Z</time>
        <extensions>
          <ns3:TrackPointExtension>
            <ns3:atemp>23.0</ns3:atemp>
            <ns3:cad>43</ns3:cad>
          </ns3:TrackPointExtension>
        </extensions>
      </trkpt>
      <trkpt lat="59.4689577631652355194091796875" lon="12.5140461511909961700439453125">
        <ele>184.399993896484375</ele>
        <time>2026-07-12T05:22:58.000Z</time>
        <extensions>
          <ns3:TrackPointExtension>
            <ns3:atemp>23.0</ns3:atemp>
            <ns3:cad>41</ns3:cad>
          </ns3:TrackPointExtension>
        </extensions>
      </trkpt>
      <trkpt lat="59.46977692656219005584716796875" lon="12.51496128737926483154296875">
        <ele>177.399993896484375</ele>
        <time>2026-07-12T05:24:44.000Z</time>
        <extensions>
          <ns3:TrackPointExtension>
            <ns3:atemp>23.0</ns3:atemp>
            <ns3:cad>44</ns3:cad>
          </ns3:TrackPointExtension>
        </extensions>
      </trkpt>
      <trkpt lat="59.46977801620960235595703125" lon="12.5151170231401920318603515625">
        <ele>177.399993896484375</ele>
        <time>2026-07-12T05:24:50.000Z</time>
        <extensions>
          <ns3:TrackPointExtension>
            <ns3:atemp>23.0</ns3:atemp>
            <ns3:cad>45</ns3:cad>
          </ns3:TrackPointExtension>
        </extensions>
      </trkpt>
      <trkpt lat="59.4697919301688671112060546875" lon="12.51516379415988922119140625">
        <ele>177.399993896484375</ele>
        <time>2026-07-12T05:24:53.000Z</time>
        <extensions>
          <ns3:TrackPointExtension>
            <ns3:atemp>23.0</ns3:atemp>
            <ns3:cad>44</ns3:cad>
          </ns3:TrackPointExtension>
        </extensions>
      </trkpt>
      <trkpt lat="59.469842724502086639404296875" lon="12.51524350605905055999755859375">
        <ele>177.1999969482421875</ele>
        <time>2026-07-12T05:24:59.000Z</time>
        <extensions>
          <ns3:TrackPointExtension>
            <ns3:atemp>23.0</ns3:atemp>
            <ns3:cad>44</ns3:cad>
          </ns3:TrackPointExtension>
        </extensions>
      </trkpt>
      <trkpt lat="59.46985714137554168701171875" lon="12.51525172032415866851806640625">
        <ele>177.1999969482421875</ele>
        <time>2026-07-12T05:25:00.000Z</time>
        <extensions>
          <ns3:TrackPointExtension>
            <ns3:atemp>23.0</ns3:atemp>
            <ns3:cad>44</ns3:cad>
          </ns3:TrackPointExtension>
        </extensions>
      </trkpt>
      <trkpt lat="59.470698349177837371826171875" lon="12.51617976464331150054931640625">
        <ele>176.1999969482421875</ele>
        <time>2026-07-12T05:26:44.000Z</time>
        <extensions>
          <ns3:TrackPointExtension>
            <ns3:atemp>23.0</ns3:atemp>
            <ns3:cad>49</ns3:cad>
          </ns3:TrackPointExtension>
        </extensions>
      </trkpt>
      <trkpt lat="59.47071402333676815032958984375" lon="12.5161402858793735504150390625">
        <ele>175.600006103515625</ele>
        <time>2026-07-12T05:26:50.000Z</time>
        <extensions>
          <ns3:TrackPointExtension>
            <ns3:atemp>23.0</ns3:atemp>
            <ns3:cad>48</ns3:cad>
          </ns3:TrackPointExtension>
        </extensions>
      </trkpt>
      <trkpt lat="59.47072156704962253570556640625" lon="12.51612360589206218719482421875">
        <ele>175.600006103515625</ele>
        <time>2026-07-12T05:26:52.000Z</time>
        <extensions>
          <ns3:TrackPointExtension>
            <ns3:atemp>23.0</ns3:atemp>
            <ns3:cad>48</ns3:cad>
          </ns3:TrackPointExtension>
        </extensions>
      </trkpt>
      <trkpt lat="59.470760039985179901123046875" lon="12.516106925904750823974609375">
        <ele>176</ele>
        <time>2026-07-12T05:26:58.000Z</time>
        <extensions>
          <ns3:TrackPointExtension>
            <ns3:atemp>23.0</ns3:atemp>
            <ns3:cad>46</ns3:cad>
          </ns3:TrackPointExtension>
        </extensions>
      </trkpt>
      <trkpt lat="59.470786191523075103759765625" lon="12.51612394116818904876708984375">
        <ele>176</ele>
        <time>2026-07-12T05:27:00.000Z</time>
        <extensions>
          <ns3:TrackPointExtension>
            <ns3:atemp>23.0</ns3:atemp>
            <ns3:cad>46</ns3:cad>
          </ns3:TrackPointExtension>
        </extensions>
      </trkpt>
      <trkpt lat="59.470804631710052490234375" lon="12.51614682376384735107421875">
        <ele>175.8000030517578125</ele>
        <time>2026-07-12T05:27:03.000Z</time>
        <extensions>
          <ns3:TrackPointExtension>
            <ns3:atemp>23.0</ns3:atemp>
            <ns3:cad>47</ns3:cad>
          </ns3:TrackPointExtension>
        </extensions>
      </trkpt>
      <trkpt lat="59.4711682386696338653564453125" lon="12.518040128052234649658203125">
        <ele>171</ele>
        <time>2026-07-12T05:28:43.000Z</time>
        <extensions>
          <ns3:TrackPointExtension>
            <ns3:atemp>23.0</ns3:atemp>
            <ns3:cad>46</ns3:cad>
          </ns3:TrackPointExtension>
        </extensions>
      </trkpt>
      <trkpt lat="59.47105784900486469268798828125" lon="12.51811514608561992645263671875">
        <ele>170.8000030517578125</ele>
        <time>2026-07-12T05:28:45.000Z</time>
        <extensions>
          <ns3:TrackPointExtension>
            <ns3:atemp>23.0</ns3:atemp>
            <ns3:cad>49</ns3:cad>
          </ns3:TrackPointExtension>
        </extensions>
      </trkpt>
      <trkpt lat="59.47103253565728664398193359375" lon="12.5181455723941326141357421875">
        <ele>170.8000030517578125</ele>
        <time>2026-07-12T05:28:46.000Z</time>
        <extensions>
          <ns3:TrackPointExtension>
            <ns3:atemp>23.0</ns3:atemp>
            <ns3:cad>48</ns3:cad>
          </ns3:TrackPointExtension>
        </extensions>
      </trkpt>
      <trkpt lat="59.4710527360439300537109375" lon="12.51816811971366405487060546875">
        <ele>170.8000030517578125</ele>
        <time>2026-07-12T05:28:47.000Z</time>
        <extensions>
          <ns3:TrackPointExtension>
            <ns3:atemp>23.0</ns3:atemp>
            <ns3:cad>47</ns3:cad>
          </ns3:TrackPointExtension>
        </extensions>
      </trkpt>
      <trkpt lat="59.471132196485996246337890625" lon="12.5182350911200046539306640625">
        <ele>171.1999969482421875</ele>
        <time>2026-07-12T05:28:53.000Z</time>
        <extensions>
          <ns3:TrackPointExtension>
            <ns3:atemp>23.0</ns3:atemp>
            <ns3:cad>42</ns3:cad>
          </ns3:TrackPointExtension>
        </extensions>
      </trkpt>
      <trkpt lat="59.471137560904026031494140625" lon="12.5182468257844448089599609375">
        <ele>171.399993896484375</ele>
        <time>2026-07-12T05:28:54.000Z</time>
        <extensions>
          <ns3:TrackPointExtension>
            <ns3:atemp>23.0</ns3:atemp>
            <ns3:cad>41</ns3:cad>
          </ns3:TrackPointExtension>
        </extensions>
      </trkpt>
      <trkpt lat="59.4711658917367458343505859375" lon="12.51831966452300548553466796875">
        <ele>171.8000030517578125</ele>
        <time>2026-07-12T05:29:00.000Z</time>
        <extensions>
          <ns3:TrackPointExtension>
            <ns3:atemp>23.0</ns3:atemp>
            <ns3:cad>40</ns3:cad>
          </ns3:TrackPointExtension>
        </extensions>
      </trkpt>
      <trkpt lat="59.4711618684232234954833984375" lon="12.51834087073802947998046875">
        <ele>172.600006103515625</ele>
        <time>2026-07-12T05:29:03.000Z</time>
        <extensions>
          <ns3:TrackPointExtension>
            <ns3:atemp>23.0</ns3:atemp>
            <ns3:cad>40</ns3:cad>
          </ns3:TrackPointExtension>
        </extensions>
      </trkpt>
      <trkpt lat="59.47177818976342678070068359375" lon="12.5194595195353031158447265625">
        <ele>175.1999969482421875</ele>
        <time>2026-07-12T05:30:42.000Z</time>
        <extensions>
          <ns3:TrackPointExtension>
            <ns3:atemp>23.0</ns3:atemp>
            <ns3:cad>47</ns3:cad>
          </ns3:TrackPointExtension>
        </extensions>
      </trkpt>
      <trkpt lat="59.47174382396042346954345703125" lon="12.51964987255632877349853515625">
        <ele>175.1999969482421875</ele>
        <time>2026-07-12T05:30:47.000Z</time>
        <extensions>
          <ns3:TrackPointExtension>
            <ns3:atemp>23.0</ns3:atemp>
            <ns3:cad>48</ns3:cad>
          </ns3:TrackPointExtension>
        </extensions>
      </trkpt>
      <trkpt lat="59.47180350311100482940673828125" lon="12.519728578627109527587890625">
        <ele>175</ele>
        <time>2026-07-12T05:30:53.000Z</time>
        <extensions>
          <ns3:TrackPointExtension>
            <ns3:atemp>23.0</ns3:atemp>
            <ns3:cad>45</ns3:cad>
          </ns3:TrackPointExtension>
        </extensions>
      </trkpt>
      <trkpt lat="59.4718505255877971649169921875" lon="12.5197458453476428985595703125">
        <ele>175</ele>
        <time>2026-07-12T05:30:57.000Z</time>
        <extensions>
          <ns3:TrackPointExtension>
            <ns3:atemp>23.0</ns3:atemp>
            <ns3:cad>45</ns3:cad>
          </ns3:TrackPointExtension>
        </extensions>
      </trkpt>
      <trkpt lat="59.47189838625490665435791015625" lon="12.51980158500373363494873046875">
        <ele>175.600006103515625</ele>
        <time>2026-07-12T05:31:03.000Z</time>
        <extensions>
          <ns3:TrackPointExtension>
            <ns3:atemp>23.0</ns3:atemp>
            <ns3:cad>42</ns3:cad>
          </ns3:TrackPointExtension>
        </extensions>
      </trkpt>
      <trkpt lat="59.47228713892400264739990234375" lon="12.52144577912986278533935546875">
        <ele>182.600006103515625</ele>
        <time>2026-07-12T05:32:45.000Z</time>
        <extensions>
          <ns3:TrackPointExtension>
            <ns3:atemp>23.0</ns3:atemp>
            <ns3:cad>42</ns3:cad>
          </ns3:TrackPointExtension>
        </extensions>
      </trkpt>
      <trkpt lat="59.4721824489533901214599609375" lon="12.5214247405529022216796875">
        <ele>183</ele>
        <time>2026-07-12T05:32:47.000Z</time>
        <extensions>
          <ns3:TrackPointExtension>
            <ns3:atemp>23.0</ns3:atemp>
            <ns3:cad>42</ns3:cad>
          </ns3:TrackPointExtension>
        </extensions>
      </trkpt>
      <trkpt lat="59.4722920842468738555908203125" lon="12.5213699229061603546142578125">
        <ele>183.399993896484375</ele>
        <time>2026-07-12T05:32:53.000Z</time>
        <extensions>
          <ns3:TrackPointExtension>
            <ns3:atemp>23.0</ns3:atemp>
            <ns3:cad>41</ns3:cad>
          </ns3:TrackPointExtension>
        </extensions>
      </trkpt>
      <trkpt lat="59.4722957722842693328857421875" lon="12.52138442359864711761474609375">
        <ele>183.399993896484375</ele>
        <time>2026-07-12T05:32:56.000Z</time>
        <extensions>
          <ns3:TrackPointExtension>
            <ns3:atemp>23.0</ns3:atemp>
            <ns3:cad>42</ns3:cad>
          </ns3:TrackPointExtension>
        </extensions>
      </trkpt>
      <trkpt lat="59.47234095074236392974853515625" lon="12.5214220583438873291015625">
        <ele>183</ele>
        <time>2026-07-12T05:33:02.000Z</time>
        <extensions>
          <ns3:TrackPointExtension>
            <ns3:atemp>23.0</ns3:atemp>
            <ns3:cad>43</ns3:cad>
          </ns3:TrackPointExtension>
        </extensions>
      </trkpt>
      <trkpt lat="59.4734226353466510772705078125" lon="12.52262075431644916534423828125">
        <ele>175.600006103515625</ele>
        <time>2026-07-12T05:34:42.000Z</time>
        <extensions>
          <ns3:TrackPointExtension>
            <ns3:atemp>23.0</ns3:atemp>
            <ns3:cad>45</ns3:cad>
          </ns3:TrackPointExtension>
        </extensions>
      </trkpt>
      <trkpt lat="59.473184756934642791748046875" lon="12.52254431135952472686767578125">
        <ele>175.600006103515625</ele>
        <time>2026-07-12T05:34:43.000Z</time>
        <extensions>
          <ns3:TrackPointExtension>
            <ns3:atemp>23.0</ns3:atemp>
            <ns3:cad>45</ns3:cad>
          </ns3:TrackPointExtension>
        </extensions>
      </trkpt>
      <trkpt lat="59.47322758845984935760498046875" lon="12.52256828360259532928466796875">
        <ele>175.399993896484375</ele>
        <time>2026-07-12T05:34:47.000Z</time>
        <extensions>
          <ns3:TrackPointExtension>
            <ns3:atemp>23.0</ns3:atemp>
            <ns3:cad>0</ns3:cad>
          </ns3:TrackPointExtension>
        </extensions>
      </trkpt>
      <trkpt lat="59.47321183048188686370849609375" lon="12.52261874265968799591064453125">
        <ele>175</ele>
        <time>2026-07-12T05:34:49.000Z</time>
        <extensions>
          <ns3:TrackPointExtension>
            <ns3:atemp>23.0</ns3:atemp>
            <ns3:cad>0</ns3:cad>
          </ns3:TrackPointExtension>
        </extensions>
      </trkpt>
      <trkpt lat="59.47319238446652889251708984375" lon="12.5226446427404880523681640625">
        <ele>174.600006103515625</ele>
        <time>2026-07-12T05:34:54.000Z</time>
        <extensions>
          <ns3:TrackPointExtension>
            <ns3:atemp>23.0</ns3:atemp>
            <ns3:cad>0</ns3:cad>
          </ns3:TrackPointExtension>
        </extensions>
      </trkpt>
      <trkpt lat="59.4731824100017547607421875" lon="12.5226848758757114410400390625">
        <ele>174.399993896484375</ele>
        <time>2026-07-12T05:35:00.000Z</time>
        <extensions>
          <ns3:TrackPointExtension>
            <ns3:atemp>23.0</ns3:atemp>
            <ns3:cad>0</ns3:cad>
          </ns3:TrackPointExtension>
        </extensions>
      </trkpt>
      <trkpt lat="59.47317101061344146728515625" lon="12.52268764190375804901123046875">
        <ele>174.399993896484375</ele>
        <time>2026-07-12T05:35:01.000Z</time>
        <extensions>
          <ns3:TrackPointExtension>
            <ns3:atemp>23.0</ns3:atemp>
            <ns3:cad>0</ns3:cad>
          </ns3:TrackPointExtension>
        </extensions>
      </trkpt>
      <trkpt lat="59.47370301000773906707763671875" lon="12.52356925047934055328369140625">
        <ele>162</ele>
        <time>2026-07-12T05:36:44.000Z</time>
        <extensions>
          <ns3:TrackPointExtension>
            <ns3:atemp>23.0</ns3:atemp>
            <ns3:cad>45</ns3:cad>
          </ns3:TrackPointExtension>
        </extensions>
      </trkpt>
      <trkpt lat="59.473864696919918060302734375" lon="12.52356220968067646026611328125">
        <ele>162</ele>
        <time>2026-07-12T05:36:46.000Z</time>
        <extensions>
          <ns3:TrackPointExtension>
            <ns3:atemp>23.0</ns3:atemp>
            <ns3:cad>47</ns3:cad>
          </ns3:TrackPointExtension>
        </extensions>
      </trkpt>
      <trkpt lat="59.47382370941340923309326171875" lon="12.52359439618885517120361328125">
        <ele>162.1999969482421875</ele>
        <time>2026-07-12T05:36:52.000Z</time>
        <extensions>
          <ns3:TrackPointExtension>
            <ns3:atemp>23.0</ns3:atemp>
            <ns3:cad>44</ns3:cad>
          </ns3:TrackPointExtension>
        </extensions>
      </trkpt>
      <trkpt lat="59.47382370941340923309326171875" lon="12.5235887803137302398681640625">
        <ele>162.399993896484375</ele>
        <time>2026-07-12T05:36:55.000Z</time>
        <extensions>
          <ns3:TrackPointExtension>
            <ns3:atemp>23.0</ns3:atemp>
            <ns3:cad>43</ns3:cad>
          </ns3:TrackPointExtension>
        </extensions>
      </trkpt>
      <trkpt lat="59.47384566999971866607666015625" lon="12.52360680140554904937744140625">
        <ele>161.8000030517578125</ele>
        <time>2026-07-12T05:37:01.000Z</time>
        <extensions>
          <ns3:TrackPointExtension>
            <ns3:atemp>23.0</ns3:atemp>
            <ns3:cad>48</ns3:cad>
          </ns3:TrackPointExtension>
        </extensions>
      </trkpt>
      <trkpt lat="59.47384566999971866607666015625" lon="12.52360680140554904937744140625">
        <ele>161.1999969482421875</ele>
        <time>2026-07-12T05:37:03.000Z</time>
        <extensions>
          <ns3:TrackPointExtension>
            <ns3:atemp>23.0</ns3:atemp>
            <ns3:cad>46</ns3:cad>
          </ns3:TrackPointExtension>
        </extensions>
      </trkpt>
      <trkpt lat="59.47437624447047710418701171875" lon="12.52550194971263408660888671875">
        <ele>155.600006103515625</ele>
        <time>2026-07-12T05:38:43.000Z</time>
        <extensions>
          <ns3:TrackPointExtension>
            <ns3:atemp>23.0</ns3:atemp>
            <ns3:cad>48</ns3:cad>
          </ns3:TrackPointExtension>
        </extensions>
      </trkpt>
      <trkpt lat="59.4743355922400951385498046875" lon="12.525645196437835693359375">
        <ele>155.1999969482421875</ele>
        <time>2026-07-12T05:38:49.000Z</time>
        <extensions>
          <ns3:TrackPointExtension>
            <ns3:atemp>23.0</ns3:atemp>
            <ns3:cad>43</ns3:cad>
          </ns3:TrackPointExtension>
        </extensions>
      </trkpt>
      <trkpt lat="59.474321343004703521728515625" lon="12.52566942013800144195556640625">
        <ele>155</ele>
        <time>2026-07-12T05:38:50.000Z</time>
        <extensions>
          <ns3:TrackPointExtension>
            <ns3:atemp>23.0</ns3:atemp>
            <ns3:cad>0</ns3:cad>
          </ns3:TrackPointExtension>
        </extensions>
      </trkpt>
      <trkpt lat="59.474312625825405120849609375" lon="12.525684423744678497314453125">
        <ele>155</ele>
        <time>2026-07-12T05:38:51.000Z</time>
        <extensions>
          <ns3:TrackPointExtension>
            <ns3:atemp>23.0</ns3:atemp>
            <ns3:cad>0</ns3:cad>
          </ns3:TrackPointExtension>
        </extensions>
      </trkpt>
      <trkpt lat="59.4742497615516185760498046875" lon="12.52578626386821269989013671875">
        <ele>154.8000030517578125</ele>
        <time>2026-07-12T05:38:57.000Z</time>
        <extensions>
          <ns3:TrackPointExtension>
            <ns3:atemp>23.0</ns3:atemp>
            <ns3:cad>45</ns3:cad>
          </ns3:TrackPointExtension>
        </extensions>
      </trkpt>
      <trkpt lat="59.47423207573592662811279296875" lon="12.52583404071629047393798828125">
        <ele>154.8000030517578125</ele>
        <time>2026-07-12T05:39:01.000Z</time>
        <extensions>
          <ns3:TrackPointExtension>
            <ns3:atemp>23.0</ns3:atemp>
            <ns3:cad>44</ns3:cad>
          </ns3:TrackPointExtension>
        </extensions>
      </trkpt>
      <trkpt lat="59.4737227074801921844482421875" lon="12.52753254957497119903564453125">
        <ele>153.1999969482421875</ele>
        <time>2026-07-12T05:40:42.000Z</time>
        <extensions>
          <ns3:TrackPointExtension>
            <ns3:atemp>23.0</ns3:atemp>
            <ns3:cad>46</ns3:cad>
          </ns3:TrackPointExtension>
        </extensions>
      </trkpt>
      <trkpt lat="59.47371524758636951446533203125" lon="12.527543194591999053955078125">
        <ele>153</ele>
        <time>2026-07-12T05:40:45.000Z</time>
        <extensions>
          <ns3:TrackPointExtension>
            <ns3:atemp>23.0</ns3:atemp>
            <ns3:cad>46</ns3:cad>
          </ns3:TrackPointExtension>
        </extensions>
      </trkpt>
      <trkpt lat="59.47374609299004077911376953125" lon="12.527728937566280364990234375">
        <ele>153</ele>
        <time>2026-07-12T05:40:51.000Z</time>
        <extensions>
          <ns3:TrackPointExtension>
            <ns3:atemp>23.0</ns3:atemp>
            <ns3:cad>43</ns3:cad>
          </ns3:TrackPointExtension>
        </extensions>
      </trkpt>
      <trkpt lat="59.47381013073027133941650390625" lon="12.52779875881969928741455078125">
        <ele>153</ele>
        <time>2026-07-12T05:40:57.000Z</time>
        <extensions>
          <ns3:TrackPointExtension>
            <ns3:atemp>23.0</ns3:atemp>
            <ns3:cad>43</ns3:cad>
          </ns3:TrackPointExtension>
        </extensions>
      </trkpt>
      <trkpt lat="59.47381180711090564727783203125" lon="12.527823150157928466796875">
        <ele>152.8000030517578125</ele>
        <time>2026-07-12T05:40:59.000Z</time>
        <extensions>
          <ns3:TrackPointExtension>
            <ns3:atemp>23.0</ns3:atemp>
            <ns3:cad>43</ns3:cad>
          </ns3:TrackPointExtension>
        </extensions>
      </trkpt>
      <trkpt lat="59.47414021007716655731201171875" lon="12.53008165396749973297119140625">
        <ele>149</ele>
        <time>2026-07-12T05:42:44.000Z</time>
        <extensions>
          <ns3:TrackPointExtension>
            <ns3:atemp>24.0</ns3:atemp>
            <ns3:cad>45</ns3:cad>
          </ns3:TrackPointExtension>
        </extensions>
      </trkpt>
      <trkpt lat="59.4740418903529644012451171875" lon="12.5300535745918750762939453125">
        <ele>148.8000030517578125</ele>
        <time>2026-07-12T05:42:46.000Z</time>
        <extensions>
          <ns3:TrackPointExtension>
            <ns3:atemp>24.0</ns3:atemp>
            <ns3:cad>46</ns3:cad>
          </ns3:TrackPointExtension>
        </extensions>
      </trkpt>
      <trkpt lat="59.47392798028886318206787109375" lon="12.5301078893244266510009765625">
        <ele>148.600006103515625</ele>
        <time>2026-07-12T05:42:52.000Z</time>
        <extensions>
          <ns3:TrackPointExtension>
            <ns3:atemp>24.0</ns3:atemp>
            <ns3:cad>44</ns3:cad>
          </ns3:TrackPointExtension>
        </extensions>
      </trkpt>
      <trkpt lat="59.473923705518245697021484375" lon="12.530116774141788482666015625">
        <ele>148.600006103515625</ele>
        <time>2026-07-12T05:42:54.000Z</time>
        <extensions>
          <ns3:TrackPointExtension>
            <ns3:atemp>24.0</ns3:atemp>
            <ns3:cad>44</ns3:cad>
          </ns3:TrackPointExtension>
        </extensions>
      </trkpt>
      <trkpt lat="59.4739305786788463592529296875" lon="12.5302064605057239532470703125">
        <ele>148</ele>
        <time>2026-07-12T05:43:00.000Z</time>
        <extensions>
          <ns3:TrackPointExtension>
            <ns3:atemp>24.0</ns3:atemp>
            <ns3:cad>46</ns3:cad>
          </ns3:TrackPointExtension>
        </extensions>
      </trkpt>
      <trkpt lat="59.47433265857398509979248046875" lon="12.53133374266326427459716796875">
        <ele>143.600006103515625</ele>
        <time>2026-07-12T05:44:45.000Z</time>
        <extensions>
          <ns3:TrackPointExtension>
            <ns3:atemp>24.0</ns3:atemp>
            <ns3:cad>0</ns3:cad>
          </ns3:TrackPointExtension>
        </extensions>
      </trkpt>
      <trkpt lat="59.474374316632747650146484375" lon="12.53130625002086162567138671875">
        <ele>143.600006103515625</ele>
        <time>2026-07-12T05:44:51.000Z</time>
        <extensions>
          <ns3:TrackPointExtension>
            <ns3:atemp>24.0</ns3:atemp>
            <ns3:cad>45</ns3:cad>
          </ns3:TrackPointExtension>
        </extensions>
      </trkpt>
      <trkpt lat="59.47442033328115940093994140625" lon="12.53133005462586879730224609375">
        <ele>143.600006103515625</ele>
        <time>2026-07-12T05:44:54.000Z</time>
        <extensions>
          <ns3:TrackPointExtension>
            <ns3:atemp>24.0</ns3:atemp>
            <ns3:cad>42</ns3:cad>
          </ns3:TrackPointExtension>
        </extensions>
      </trkpt>
      <trkpt lat="59.47444179095327854156494140625" lon="12.53132787533104419708251953125">
        <ele>143.600006103515625</ele>
        <time>2026-07-12T05:44:56.000Z</time>
        <extensions>
          <ns3:TrackPointExtension>
            <ns3:atemp>24.0</ns3:atemp>
            <ns3:cad>43</ns3:cad>
          </ns3:TrackPointExtension>
        </extensions>
      </trkpt>
      <trkpt lat="59.47451001964509487152099609375" lon="12.53133273683488368988037109375">
        <ele>143.600006103515625</ele>
        <time>2026-07-12T05:45:02.000Z</time>
        <extensions>
          <ns3:TrackPointExtension>
            <ns3:atemp>24.0</ns3:atemp>
            <ns3:cad>47</ns3:cad>
          </ns3:TrackPointExtension>
        </extensions>
      </trkpt>
      <trkpt lat="59.4755576737225055694580078125" lon="12.531307004392147064208984375">
        <ele>144</ele>
        <time>2026-07-12T05:46:43.000Z</time>
        <extensions>
          <ns3:TrackPointExtension>
            <ns3:atemp>24.0</ns3:atemp>
            <ns3:cad>43</ns3:cad>
          </ns3:TrackPointExtension>
        </extensions>
      </trkpt>
      <trkpt lat="59.4757524691522121429443359375" lon="12.53145813010632991790771484375">
        <ele>144.399993896484375</ele>
        <time>2026-07-12T05:46:49.000Z</time>
        <extensions>
          <ns3:TrackPointExtension>
            <ns3:atemp>24.0</ns3:atemp>
            <ns3:cad>44</ns3:cad>
          </ns3:TrackPointExtension>
        </extensions>
      </trkpt>
      <trkpt lat="59.47582262568175792694091796875" lon="12.53146089613437652587890625">
        <ele>144.600006103515625</ele>
        <time>2026-07-12T05:46:50.000Z</time>
        <extensions>
          <ns3:TrackPointExtension>
            <ns3:atemp>24.0</ns3:atemp>
            <ns3:cad>44</ns3:cad>
          </ns3:TrackPointExtension>
        </extensions>
      </trkpt>
      <trkpt lat="59.4758647866547107696533203125" lon="12.53143013454973697662353515625">
        <ele>144.8000030517578125</ele>
        <time>2026-07-12T05:46:53.000Z</time>
        <extensions>
          <ns3:TrackPointExtension>
            <ns3:atemp>24.0</ns3:atemp>
            <ns3:cad>43</ns3:cad>
          </ns3:TrackPointExtension>
        </extensions>
      </trkpt>
      <trkpt lat="59.4758979789912700653076171875" lon="12.531469278037548065185546875">
        <ele>145.1999969482421875</ele>
        <time>2026-07-12T05:46:57.000Z</time>
        <extensions>
          <ns3:TrackPointExtension>
            <ns3:atemp>24.0</ns3:atemp>
            <ns3:cad>45</ns3:cad>
          </ns3:TrackPointExtension>
        </extensions>
      </trkpt>
      <trkpt lat="59.47594433091580867767333984375" lon="12.53152526915073394775390625">
        <ele>145.399993896484375</ele>
        <time>2026-07-12T05:47:02.000Z</time>
        <extensions>
          <ns3:TrackPointExtension>
            <ns3:atemp>24.0</ns3:atemp>
            <ns3:cad>43</ns3:cad>
          </ns3:TrackPointExtension>
        </extensions>
      </trkpt>
      <trkpt lat="59.47686432860791683197021484375" lon="12.533061169087886810302734375">
        <ele>145.1999969482421875</ele>
        <time>2026-07-12T05:48:42.000Z</time>
        <extensions>
          <ns3:TrackPointExtension>
            <ns3:atemp>24.0</ns3:atemp>
            <ns3:cad>46</ns3:cad>
          </ns3:TrackPointExtension>
        </extensions>
      </trkpt>
      <trkpt lat="59.4767539389431476593017578125" lon="12.53303778357803821563720703125">
        <ele>145</ele>
        <time>2026-07-12T05:48:44.000Z</time>
        <extensions>
          <ns3:TrackPointExtension>
            <ns3:atemp>24.0</ns3:atemp>
            <ns3:cad>48</ns3:cad>
          </ns3:TrackPointExtension>
        </extensions>
      </trkpt>
      <trkpt lat="59.47680138051509857177734375" lon="12.5331994704902172088623046875">
        <ele>144.399993896484375</ele>
        <time>2026-07-12T05:48:50.000Z</time>
        <extensions>
          <ns3:TrackPointExtension>
            <ns3:atemp>24.0</ns3:atemp>
            <ns3:cad>48</ns3:cad>
          </ns3:TrackPointExtension>
        </extensions>
      </trkpt>
      <trkpt lat="59.47682208381593227386474609375" lon="12.5332363508641719818115234375">
        <ele>144.1999969482421875</ele>
        <time>2026-07-12T05:48:53.000Z</time>
        <extensions>
          <ns3:TrackPointExtension>
            <ns3:atemp>24.0</ns3:atemp>
            <ns3:cad>47</ns3:cad>
          </ns3:TrackPointExtension>
        </extensions>
      </trkpt>
      <trkpt lat="59.47683130390942096710205078125" lon="12.53324213437736034393310546875">
        <ele>144.1999969482421875</ele>
        <time>2026-07-12T05:48:54.000Z</time>
        <extensions>
          <ns3:TrackPointExtension>
            <ns3:atemp>24.0</ns3:atemp>
            <ns3:cad>48</ns3:cad>
          </ns3:TrackPointExtension>
        </extensions>
      </trkpt>
      <trkpt lat="59.476839601993560791015625" lon="12.53330935724079608917236328125">
        <ele>143.8000030517578125</ele>
        <time>2026-07-12T05:49:00.000Z</time>
        <extensions>
          <ns3:TrackPointExtension>
            <ns3:atemp>24.0</ns3:atemp>
            <ns3:cad>47</ns3:cad>
          </ns3:TrackPointExtension>
        </extensions>
      </trkpt>
      <trkpt lat="59.4768441282212734222412109375" lon="12.53332075662910938262939453125">
        <ele>143.399993896484375</ele>
        <time>2026-07-12T05:49:03.000Z</time>
        <extensions>
          <ns3:TrackPointExtension>
            <ns3:atemp>24.0</ns3:atemp>
            <ns3:cad>47</ns3:cad>
          </ns3:TrackPointExtension>
        </extensions>
      </trkpt>
      <trkpt lat="59.47765608318150043487548828125" lon="12.5332863070070743560791015625">
        <ele>146</ele>
        <time>2026-07-12T05:50:45.000Z</time>
        <extensions>
          <ns3:TrackPointExtension>
            <ns3:atemp>24.0</ns3:atemp>
            <ns3:cad>47</ns3:cad>
          </ns3:TrackPointExtension>
        </extensions>
      </trkpt>
      <trkpt lat="59.47766614146530628204345703125" lon="12.53332100808620452880859375">
        <ele>145.600006103515625</ele>
        <time>2026-07-12T05:50:47.000Z</time>
        <extensions>
          <ns3:TrackPointExtension>
            <ns3:atemp>24.0</ns3:atemp>
            <ns3:cad>53</ns3:cad>
          </ns3:TrackPointExtension>
        </extensions>
      </trkpt>
      <trkpt lat="59.47768575511872768402099609375" lon="12.53329217433929443359375">
        <ele>145</ele>
        <time>2026-07-12T05:50:53.000Z</time>
        <extensions>
          <ns3:TrackPointExtension>
            <ns3:atemp>24.0</ns3:atemp>
            <ns3:cad>0</ns3:cad>
          </ns3:TrackPointExtension>
        </extensions>
      </trkpt>
      <trkpt lat="59.4776850007474422454833984375" lon="12.533299885690212249755859375">
        <ele>145</ele>
        <time>2026-07-12T05:50:55.000Z</time>
        <extensions>
          <ns3:TrackPointExtension>
            <ns3:atemp>24.0</ns3:atemp>
            <ns3:cad>0</ns3:cad>
          </ns3:TrackPointExtension>
        </extensions>
      </trkpt>
      <trkpt lat="59.477692879736423492431640625" lon="12.533309273421764373779296875">
        <ele>144.600006103515625</ele>
        <time>2026-07-12T05:51:00.000Z</time>
        <extensions>
          <ns3:TrackPointExtension>
            <ns3:atemp>24.0</ns3:atemp>
            <ns3:cad>0</ns3:cad>
          </ns3:TrackPointExtension>
        </extensions>
      </trkpt>
      <trkpt lat="59.4783176667988300323486328125" lon="12.53332637250423431396484375">
        <ele>143.600006103515625</ele>
        <time>2026-07-12T05:52:41.000Z</time>
        <extensions>
          <ns3:TrackPointExtension>
            <ns3:atemp>24.0</ns3:atemp>
            <ns3:cad>48</ns3:cad>
          </ns3:TrackPointExtension>
        </extensions>
      </trkpt>
      <trkpt lat="59.478341639041900634765625" lon="12.533208020031452178955078125">
        <ele>143.600006103515625</ele>
        <time>2026-07-12T05:52:44.000Z</time>
        <extensions>
          <ns3:TrackPointExtension>
            <ns3:atemp>24.0</ns3:atemp>
            <ns3:cad>47</ns3:cad>
          </ns3:TrackPointExtension>
        </extensions>
      </trkpt>
      <trkpt lat="59.47837893851101398468017578125" lon="12.53319553099572658538818359375">
        <ele>143.600006103515625</ele>
        <time>2026-07-12T05:52:48.000Z</time>
        <extensions>
          <ns3:TrackPointExtension>
            <ns3:atemp>24.0</ns3:atemp>
            <ns3:cad>46</ns3:cad>
          </ns3:TrackPointExtension>
        </extensions>
      </trkpt>
      <trkpt lat="59.47839058935642242431640625" lon="12.5331967882812023162841796875">
        <ele>143.600006103515625</ele>
        <time>2026-07-12T05:52:50.000Z</time>
        <extensions>
          <ns3:TrackPointExtension>
            <ns3:atemp>24.0</ns3:atemp>
            <ns3:cad>46</ns3:cad>
          </ns3:TrackPointExtension>
        </extensions>
      </trkpt>
      <trkpt lat="59.478428475558757781982421875" lon="12.53325034864246845245361328125">
        <ele>143.399993896484375</ele>
        <time>2026-07-12T05:52:53.000Z</time>
        <extensions>
          <ns3:TrackPointExtension>
            <ns3:atemp>24.0</ns3:atemp>
            <ns3:cad>0</ns3:cad>
          </ns3:TrackPointExtension>
        </extensions>
      </trkpt>
      <trkpt lat="59.4784967042505741119384765625" lon="12.53327096812427043914794921875">
        <ele>143.600006103515625</ele>
        <time>2026-07-12T05:52:59.000Z</time>
        <extensions>
          <ns3:TrackPointExtension>
            <ns3:atemp>24.0</ns3:atemp>
            <ns3:cad>46</ns3:cad>
          </ns3:TrackPointExtension>
        </extensions>
      </trkpt>
      <trkpt lat="59.47852243669331073760986328125" lon="12.53329393453896045684814453125">
        <ele>143.600006103515625</ele>
        <time>2026-07-12T05:53:01.000Z</time>
        <extensions>
          <ns3:TrackPointExtension>
            <ns3:atemp>24.0</ns3:atemp>
            <ns3:cad>46</ns3:cad>
          </ns3:TrackPointExtension>
        </extensions>
      </trkpt>
      <trkpt lat="59.47852243669331073760986328125" lon="12.53329393453896045684814453125">
        <ele>143.8000030517578125</ele>
        <time>2026-07-12T05:53:02.000Z</time>
        <extensions>
          <ns3:TrackPointExtension>
            <ns3:atemp>24.0</ns3:atemp>
            <ns3:cad>46</ns3:cad>
          </ns3:TrackPointExtension>
        </extensions>
      </trkpt>
      <trkpt lat="59.47954368777573108673095703125" lon="12.53385032527148723602294921875">
        <ele>143.600006103515625</ele>
        <time>2026-07-12T05:54:42.000Z</time>
        <extensions>
          <ns3:TrackPointExtension>
            <ns3:atemp>24.0</ns3:atemp>
            <ns3:cad>46</ns3:cad>
          </ns3:TrackPointExtension>
        </extensions>
      </trkpt>
      <trkpt lat="59.4796264171600341796875" lon="12.53380120731890201568603515625">
        <ele>143.8000030517578125</ele>
        <time>2026-07-12T05:54:44.000Z</time>
        <extensions>
          <ns3:TrackPointExtension>
            <ns3:atemp>24.0</ns3:atemp>
            <ns3:cad>44</ns3:cad>
          </ns3:TrackPointExtension>
        </extensions>
      </trkpt>
      <trkpt lat="59.47968869470059871673583984375" lon="12.5337908975780010223388671875">
        <ele>144</ele>
        <time>2026-07-12T05:54:50.000Z</time>
        <extensions>
          <ns3:TrackPointExtension>
            <ns3:atemp>24.0</ns3:atemp>
            <ns3:cad>44</ns3:cad>
          </ns3:TrackPointExtension>
        </extensions>
      </trkpt>
      <trkpt lat="59.47974435053765773773193359375" lon="12.53379533998668193817138671875">
        <ele>144</ele>
        <time>2026-07-12T05:54:54.000Z</time>
        <extensions>
          <ns3:TrackPointExtension>
            <ns3:atemp>24.0</ns3:atemp>
            <ns3:cad>47</ns3:cad>
          </ns3:TrackPointExtension>
        </extensions>
      </trkpt>
      <trkpt lat="59.479804448783397674560546875" lon="12.5337855331599712371826171875">
        <ele>144</ele>
        <time>2026-07-12T05:55:00.000Z</time>
        <extensions>
          <ns3:TrackPointExtension>
            <ns3:atemp>24.0</ns3:atemp>
            <ns3:cad>47</ns3:cad>
          </ns3:TrackPointExtension>
        </extensions>
      </trkpt>
      <trkpt lat="59.48062109760940074920654296875" lon="12.53434234298765659332275390625">
        <ele>144</ele>
        <time>2026-07-12T05:56:42.000Z</time>
        <extensions>
          <ns3:TrackPointExtension>
            <ns3:atemp>24.0</ns3:atemp>
            <ns3:cad>44</ns3:cad>
          </ns3:TrackPointExtension>
        </extensions>
      </trkpt>
      <trkpt lat="59.48067775927484035491943359375" lon="12.5343595258891582489013671875">
        <ele>144.600006103515625</ele>
        <time>2026-07-12T05:56:45.000Z</time>
        <extensions>
          <ns3:TrackPointExtension>
            <ns3:atemp>24.0</ns3:atemp>
            <ns3:cad>44</ns3:cad>
          </ns3:TrackPointExtension>
        </extensions>
      </trkpt>
      <trkpt lat="59.4806816987693309783935546875" lon="12.5343856774270534515380859375">
        <ele>145</ele>
        <time>2026-07-12T05:56:49.000Z</time>
        <extensions>
          <ns3:TrackPointExtension>
            <ns3:atemp>24.0</ns3:atemp>
            <ns3:cad>42</ns3:cad>
          </ns3:TrackPointExtension>
        </extensions>
      </trkpt>
      <trkpt lat="59.48074514977633953094482421875" lon="12.53453143872320652008056640625">
        <ele>144.8000030517578125</ele>
        <time>2026-07-12T05:56:55.000Z</time>
        <extensions>
          <ns3:TrackPointExtension>
            <ns3:atemp>24.0</ns3:atemp>
            <ns3:cad>46</ns3:cad>
          </ns3:TrackPointExtension>
        </extensions>
      </trkpt>
      <trkpt lat="59.4807645119726657867431640625" lon="12.53455960191786289215087890625">
        <ele>144.600006103515625</ele>
        <time>2026-07-12T05:56:57.000Z</time>
        <extensions>
          <ns3:TrackPointExtension>
            <ns3:atemp>24.0</ns3:atemp>
            <ns3:cad>47</ns3:cad>
          </ns3:TrackPointExtension>
        </extensions>
      </trkpt>
      <trkpt lat="59.4807963632047176361083984375" lon="12.534609474241733551025390625">
        <ele>144.1999969482421875</ele>
        <time>2026-07-12T05:57:02.000Z</time>
        <extensions>
          <ns3:TrackPointExtension>
            <ns3:atemp>24.0</ns3:atemp>
            <ns3:cad>43</ns3:cad>
          </ns3:TrackPointExtension>
        </extensions>
      </trkpt>
    </trkseg>
  </trk>
</gpx>
