<?xml version='1.0' encoding='UTF-8'?>
<gpx xmlns="http://www.topografix.com/GPX/1/1" xmlns:ns3="http://www.garmin.com/xmlschemas/TrackPointExtension/v1" xmlns:xsi="http://www.w3.org/2001/XMLSchema-instance" creator="Garmin Connect" version="1.1" xsi:schemaLocation="http://www.topografix.com/GPX/1/1 http://www.topografix.com/GPX/11.xsd">
  <metadata>
    <link href="connect.garmin.com">
      <text>Garmin Connect</text>
    </link>
    <time>2026-07-17T16:33:10.000Z</time>
  </metadata>
  <trk>
    <name>Kristianstad Hiking</name>
    <type>hiking</type>
    <trkseg>
      <trkpt lat="55.7882853783667087554931640625" lon="14.20150204561650753021240234375">
        <ele>6.599999904632568359375</ele>
        <time>2026-07-17T16:33:21.000Z</time>
        <extensions>
          <ns3:TrackPointExtension>
            <ns3:atemp>28.0</ns3:atemp>
            <ns3:cad>49</ns3:cad>
          </ns3:TrackPointExtension>
        </extensions>
      </trkpt>
      <trkpt lat="55.78833726234734058380126953125" lon="14.20169432647526264190673828125">
        <ele>5.599999904632568359375</ele>
        <time>2026-07-17T16:33:27.000Z</time>
        <extensions>
          <ns3:TrackPointExtension>
            <ns3:atemp>28.0</ns3:atemp>
            <ns3:cad>50</ns3:cad>
          </ns3:TrackPointExtension>
        </extensions>
      </trkpt>
      <trkpt lat="55.78836006112396717071533203125" lon="14.201727770268917083740234375">
        <ele>5.80000019073486328125</ele>
        <time>2026-07-17T16:33:31.000Z</time>
        <extensions>
          <ns3:TrackPointExtension>
            <ns3:atemp>28.0</ns3:atemp>
            <ns3:cad>49</ns3:cad>
          </ns3:TrackPointExtension>
        </extensions>
      </trkpt>
      <trkpt lat="55.78833541832864284515380859375" lon="14.2018529959022998809814453125">
        <ele>5.80000019073486328125</ele>
        <time>2026-07-17T16:33:37.000Z</time>
        <extensions>
          <ns3:TrackPointExtension>
            <ns3:atemp>28.0</ns3:atemp>
            <ns3:cad>48</ns3:cad>
          </ns3:TrackPointExtension>
        </extensions>
      </trkpt>
      <trkpt lat="55.788337849080562591552734375" lon="14.2018838413059711456298828125">
        <ele>5.599999904632568359375</ele>
        <time>2026-07-17T16:33:40.000Z</time>
        <extensions>
          <ns3:TrackPointExtension>
            <ns3:atemp>28.0</ns3:atemp>
            <ns3:cad>49</ns3:cad>
          </ns3:TrackPointExtension>
        </extensions>
      </trkpt>
      <trkpt lat="55.78835838474333286285400390625" lon="14.2019401676952838897705078125">
        <ele>5.19999980926513671875</ele>
        <time>2026-07-17T16:33:43.000Z</time>
        <extensions>
          <ns3:TrackPointExtension>
            <ns3:atemp>28.0</ns3:atemp>
            <ns3:cad>50</ns3:cad>
          </ns3:TrackPointExtension>
        </extensions>
      </trkpt>
      <trkpt lat="55.7883527688682079315185546875" lon="14.2020538263022899627685546875">
        <ele>4.80000019073486328125</ele>
        <time>2026-07-17T16:33:49.000Z</time>
        <extensions>
          <ns3:TrackPointExtension>
            <ns3:atemp>28.0</ns3:atemp>
            <ns3:cad>50</ns3:cad>
          </ns3:TrackPointExtension>
        </extensions>
      </trkpt>
      <trkpt lat="55.78834044747054576873779296875" lon="14.20217243023216724395751953125">
        <ele>4.80000019073486328125</ele>
        <time>2026-07-17T16:33:55.000Z</time>
        <extensions>
          <ns3:TrackPointExtension>
            <ns3:atemp>28.0</ns3:atemp>
            <ns3:cad>49</ns3:cad>
          </ns3:TrackPointExtension>
        </extensions>
      </trkpt>
      <trkpt lat="55.7883370108902454376220703125" lon="14.20223009772598743438720703125">
        <ele>4.80000019073486328125</ele>
        <time>2026-07-17T16:33:58.000Z</time>
        <extensions>
          <ns3:TrackPointExtension>
            <ns3:atemp>28.0</ns3:atemp>
            <ns3:cad>47</ns3:cad>
          </ns3:TrackPointExtension>
        </extensions>
      </trkpt>
      <trkpt lat="55.7883447222411632537841796875" lon="14.2022744379937648773193359375">
        <ele>4.80000019073486328125</ele>
        <time>2026-07-17T16:34:04.000Z</time>
        <extensions>
          <ns3:TrackPointExtension>
            <ns3:atemp>28.0</ns3:atemp>
            <ns3:cad>0</ns3:cad>
          </ns3:TrackPointExtension>
        </extensions>
      </trkpt>
      <trkpt lat="55.78834279440343379974365234375" lon="14.20229966752231121063232421875">
        <ele>4.80000019073486328125</ele>
        <time>2026-07-17T16:34:06.000Z</time>
        <extensions>
          <ns3:TrackPointExtension>
            <ns3:atemp>28.0</ns3:atemp>
            <ns3:cad>0</ns3:cad>
          </ns3:TrackPointExtension>
        </extensions>
      </trkpt>
      <trkpt lat="55.78831463120877742767333984375" lon="14.2023907788097858428955078125">
        <ele>4.80000019073486328125</ele>
        <time>2026-07-17T16:34:12.000Z</time>
        <extensions>
          <ns3:TrackPointExtension>
            <ns3:atemp>28.0</ns3:atemp>
            <ns3:cad>48</ns3:cad>
          </ns3:TrackPointExtension>
        </extensions>
      </trkpt>
      <trkpt lat="55.78829728066921234130859375" lon="14.20243528671562671661376953125">
        <ele>4.80000019073486328125</ele>
        <time>2026-07-17T16:34:15.000Z</time>
        <extensions>
          <ns3:TrackPointExtension>
            <ns3:atemp>28.0</ns3:atemp>
            <ns3:cad>47</ns3:cad>
          </ns3:TrackPointExtension>
        </extensions>
      </trkpt>
      <trkpt lat="55.7882894016802310943603515625" lon="14.2025215364992618560791015625">
        <ele>4.80000019073486328125</ele>
        <time>2026-07-17T16:34:21.000Z</time>
        <extensions>
          <ns3:TrackPointExtension>
            <ns3:atemp>28.0</ns3:atemp>
            <ns3:cad>46</ns3:cad>
          </ns3:TrackPointExtension>
        </extensions>
      </trkpt>
      <trkpt lat="55.7882897369563579559326171875" lon="14.20253721065819263458251953125">
        <ele>4.80000019073486328125</ele>
        <time>2026-07-17T16:34:22.000Z</time>
        <extensions>
          <ns3:TrackPointExtension>
            <ns3:atemp>27.0</ns3:atemp>
            <ns3:cad>46</ns3:cad>
          </ns3:TrackPointExtension>
        </extensions>
      </trkpt>
      <trkpt lat="55.78827758319675922393798828125" lon="14.20261365361511707305908203125">
        <ele>4.599999904632568359375</ele>
        <time>2026-07-17T16:34:27.000Z</time>
        <extensions>
          <ns3:TrackPointExtension>
            <ns3:atemp>27.0</ns3:atemp>
            <ns3:cad>46</ns3:cad>
          </ns3:TrackPointExtension>
        </extensions>
      </trkpt>
      <trkpt lat="55.78827523626387119293212890625" lon="14.20267199166119098663330078125">
        <ele>4.400000095367431640625</ele>
        <time>2026-07-17T16:34:31.000Z</time>
        <extensions>
          <ns3:TrackPointExtension>
            <ns3:atemp>27.0</ns3:atemp>
            <ns3:cad>45</ns3:cad>
          </ns3:TrackPointExtension>
        </extensions>
      </trkpt>
      <trkpt lat="55.78826299868524074554443359375" lon="14.20271540991961956024169921875">
        <ele>4.19999980926513671875</ele>
        <time>2026-07-17T16:34:37.000Z</time>
        <extensions>
          <ns3:TrackPointExtension>
            <ns3:atemp>27.0</ns3:atemp>
            <ns3:cad>0</ns3:cad>
          </ns3:TrackPointExtension>
        </extensions>
      </trkpt>
      <trkpt lat="55.78826819546520709991455078125" lon="14.20277223922312259674072265625">
        <ele>4</ele>
        <time>2026-07-17T16:34:43.000Z</time>
        <extensions>
          <ns3:TrackPointExtension>
            <ns3:atemp>27.0</ns3:atemp>
            <ns3:cad>0</ns3:cad>
          </ns3:TrackPointExtension>
        </extensions>
      </trkpt>
      <trkpt lat="55.7882686145603656768798828125" lon="14.2027860693633556365966796875">
        <ele>4</ele>
        <time>2026-07-17T16:34:44.000Z</time>
        <extensions>
          <ns3:TrackPointExtension>
            <ns3:atemp>27.0</ns3:atemp>
            <ns3:cad>0</ns3:cad>
          </ns3:TrackPointExtension>
        </extensions>
      </trkpt>
      <trkpt lat="55.7882615737617015838623046875" lon="14.20287609100341796875">
        <ele>3.599999904632568359375</ele>
        <time>2026-07-17T16:34:49.000Z</time>
        <extensions>
          <ns3:TrackPointExtension>
            <ns3:atemp>27.0</ns3:atemp>
            <ns3:cad>46</ns3:cad>
          </ns3:TrackPointExtension>
        </extensions>
      </trkpt>
      <trkpt lat="55.788247324526309967041015625" lon="14.20294649899005889892578125">
        <ele>3.2000000476837158203125</ele>
        <time>2026-07-17T16:34:54.000Z</time>
        <extensions>
          <ns3:TrackPointExtension>
            <ns3:atemp>27.0</ns3:atemp>
            <ns3:cad>45</ns3:cad>
          </ns3:TrackPointExtension>
        </extensions>
      </trkpt>
      <trkpt lat="55.7882558740675449371337890625" lon="14.2030485905706882476806640625">
        <ele>3</ele>
        <time>2026-07-17T16:35:00.000Z</time>
        <extensions>
          <ns3:TrackPointExtension>
            <ns3:atemp>27.0</ns3:atemp>
            <ns3:cad>46</ns3:cad>
          </ns3:TrackPointExtension>
        </extensions>
      </trkpt>
      <trkpt lat="55.788255371153354644775390625" lon="14.2030841298401355743408203125">
        <ele>3</ele>
        <time>2026-07-17T16:35:02.000Z</time>
        <extensions>
          <ns3:TrackPointExtension>
            <ns3:atemp>27.0</ns3:atemp>
            <ns3:cad>47</ns3:cad>
          </ns3:TrackPointExtension>
        </extensions>
      </trkpt>
      <trkpt lat="55.78825696371495723724365234375" lon="14.20318764634430408477783203125">
        <ele>2.599999904632568359375</ele>
        <time>2026-07-17T16:35:08.000Z</time>
        <extensions>
          <ns3:TrackPointExtension>
            <ns3:atemp>27.0</ns3:atemp>
            <ns3:cad>47</ns3:cad>
          </ns3:TrackPointExtension>
        </extensions>
      </trkpt>
      <trkpt lat="55.78828847967088222503662109375" lon="14.203264005482196807861328125">
        <ele>3</ele>
        <time>2026-07-17T16:35:14.000Z</time>
        <extensions>
          <ns3:TrackPointExtension>
            <ns3:atemp>27.0</ns3:atemp>
            <ns3:cad>44</ns3:cad>
          </ns3:TrackPointExtension>
        </extensions>
      </trkpt>
      <trkpt lat="55.78834966756403446197509765625" lon="14.20327364467084407806396484375">
        <ele>2.7999999523162841796875</ele>
        <time>2026-07-17T16:35:20.000Z</time>
        <extensions>
          <ns3:TrackPointExtension>
            <ns3:atemp>27.0</ns3:atemp>
            <ns3:cad>47</ns3:cad>
          </ns3:TrackPointExtension>
        </extensions>
      </trkpt>
      <trkpt lat="55.78840180300176143646240234375" lon="14.203297197818756103515625">
        <ele>2.7999999523162841796875</ele>
        <time>2026-07-17T16:35:26.000Z</time>
        <extensions>
          <ns3:TrackPointExtension>
            <ns3:atemp>27.0</ns3:atemp>
            <ns3:cad>48</ns3:cad>
          </ns3:TrackPointExtension>
        </extensions>
      </trkpt>
      <trkpt lat="55.78845879994332790374755859375" lon="14.2033178173005580902099609375">
        <ele>2.7999999523162841796875</ele>
        <time>2026-07-17T16:35:32.000Z</time>
        <extensions>
          <ns3:TrackPointExtension>
            <ns3:atemp>27.0</ns3:atemp>
            <ns3:cad>48</ns3:cad>
          </ns3:TrackPointExtension>
        </extensions>
      </trkpt>
      <trkpt lat="55.78940159641206264495849609375" lon="14.20382131822407245635986328125">
        <ele>3</ele>
        <time>2026-07-17T16:37:13.000Z</time>
        <extensions>
          <ns3:TrackPointExtension>
            <ns3:atemp>27.0</ns3:atemp>
            <ns3:cad>48</ns3:cad>
          </ns3:TrackPointExtension>
        </extensions>
      </trkpt>
      <trkpt lat="55.78976503573358058929443359375" lon="14.20373783446848392486572265625">
        <ele>3</ele>
        <time>2026-07-17T16:37:43.000Z</time>
        <extensions>
          <ns3:TrackPointExtension>
            <ns3:atemp>27.0</ns3:atemp>
            <ns3:cad>49</ns3:cad>
          </ns3:TrackPointExtension>
        </extensions>
      </trkpt>
      <trkpt lat="55.78981675207614898681640625" lon="14.20370916835963726043701171875">
        <ele>3.2000000476837158203125</ele>
        <time>2026-07-17T16:37:49.000Z</time>
        <extensions>
          <ns3:TrackPointExtension>
            <ns3:atemp>27.0</ns3:atemp>
            <ns3:cad>48</ns3:cad>
          </ns3:TrackPointExtension>
        </extensions>
      </trkpt>
      <trkpt lat="55.789866037666797637939453125" lon="14.20366357080638408660888671875">
        <ele>2.599999904632568359375</ele>
        <time>2026-07-17T16:37:53.000Z</time>
        <extensions>
          <ns3:TrackPointExtension>
            <ns3:atemp>27.0</ns3:atemp>
            <ns3:cad>48</ns3:cad>
          </ns3:TrackPointExtension>
        </extensions>
      </trkpt>
      <trkpt lat="55.78994004987180233001708984375" lon="14.203699529170989990234375">
        <ele>2.599999904632568359375</ele>
        <time>2026-07-17T16:37:59.000Z</time>
        <extensions>
          <ns3:TrackPointExtension>
            <ns3:atemp>27.0</ns3:atemp>
            <ns3:cad>47</ns3:cad>
          </ns3:TrackPointExtension>
        </extensions>
      </trkpt>
      <trkpt lat="55.78997978009283542633056640625" lon="14.2037318833172321319580078125">
        <ele>2.599999904632568359375</ele>
        <time>2026-07-17T16:38:02.000Z</time>
        <extensions>
          <ns3:TrackPointExtension>
            <ns3:atemp>27.0</ns3:atemp>
            <ns3:cad>47</ns3:cad>
          </ns3:TrackPointExtension>
        </extensions>
      </trkpt>
      <trkpt lat="55.7911399193108081817626953125" lon="14.2039907164871692657470703125">
        <ele>2.7999999523162841796875</ele>
        <time>2026-07-17T16:39:44.000Z</time>
        <extensions>
          <ns3:TrackPointExtension>
            <ns3:atemp>26.0</ns3:atemp>
            <ns3:cad>51</ns3:cad>
          </ns3:TrackPointExtension>
        </extensions>
      </trkpt>
      <trkpt lat="55.7911828346550464630126953125" lon="14.20399256050586700439453125">
        <ele>2.599999904632568359375</ele>
        <time>2026-07-17T16:39:49.000Z</time>
        <extensions>
          <ns3:TrackPointExtension>
            <ns3:atemp>26.0</ns3:atemp>
            <ns3:cad>50</ns3:cad>
          </ns3:TrackPointExtension>
        </extensions>
      </trkpt>
      <trkpt lat="55.791223235428333282470703125" lon="14.20402198098599910736083984375">
        <ele>2.599999904632568359375</ele>
        <time>2026-07-17T16:39:55.000Z</time>
        <extensions>
          <ns3:TrackPointExtension>
            <ns3:atemp>26.0</ns3:atemp>
            <ns3:cad>49</ns3:cad>
          </ns3:TrackPointExtension>
        </extensions>
      </trkpt>
      <trkpt lat="55.79131853766739368438720703125" lon="14.204032458364963531494140625">
        <ele>2</ele>
        <time>2026-07-17T16:40:01.000Z</time>
        <extensions>
          <ns3:TrackPointExtension>
            <ns3:atemp>26.0</ns3:atemp>
            <ns3:cad>49</ns3:cad>
          </ns3:TrackPointExtension>
        </extensions>
      </trkpt>
      <trkpt lat="55.7913323678076267242431640625" lon="14.2040386609733104705810546875">
        <ele>2.2000000476837158203125</ele>
        <time>2026-07-17T16:40:02.000Z</time>
        <extensions>
          <ns3:TrackPointExtension>
            <ns3:atemp>26.0</ns3:atemp>
            <ns3:cad>49</ns3:cad>
          </ns3:TrackPointExtension>
        </extensions>
      </trkpt>
      <trkpt lat="55.792343728244304656982421875" lon="14.2045549862086772918701171875">
        <ele>2.599999904632568359375</ele>
        <time>2026-07-17T16:41:42.000Z</time>
        <extensions>
          <ns3:TrackPointExtension>
            <ns3:atemp>26.0</ns3:atemp>
            <ns3:cad>49</ns3:cad>
          </ns3:TrackPointExtension>
        </extensions>
      </trkpt>
      <trkpt lat="55.7924491725862026214599609375" lon="14.204550124704837799072265625">
        <ele>2.599999904632568359375</ele>
        <time>2026-07-17T16:41:44.000Z</time>
        <extensions>
          <ns3:TrackPointExtension>
            <ns3:atemp>26.0</ns3:atemp>
            <ns3:cad>48</ns3:cad>
          </ns3:TrackPointExtension>
        </extensions>
      </trkpt>
      <trkpt lat="55.79258101992309093475341796875" lon="14.20454333536326885223388671875">
        <ele>2.400000095367431640625</ele>
        <time>2026-07-17T16:41:50.000Z</time>
        <extensions>
          <ns3:TrackPointExtension>
            <ns3:atemp>26.0</ns3:atemp>
            <ns3:cad>48</ns3:cad>
          </ns3:TrackPointExtension>
        </extensions>
      </trkpt>
      <trkpt lat="55.7925950177013874053955078125" lon="14.20454987324774265289306640625">
        <ele>2.400000095367431640625</ele>
        <time>2026-07-17T16:41:51.000Z</time>
        <extensions>
          <ns3:TrackPointExtension>
            <ns3:atemp>26.0</ns3:atemp>
            <ns3:cad>48</ns3:cad>
          </ns3:TrackPointExtension>
        </extensions>
      </trkpt>
      <trkpt lat="55.79266433604061603546142578125" lon="14.20457636006176471710205078125">
        <ele>2.599999904632568359375</ele>
        <time>2026-07-17T16:41:57.000Z</time>
        <extensions>
          <ns3:TrackPointExtension>
            <ns3:atemp>26.0</ns3:atemp>
            <ns3:cad>49</ns3:cad>
          </ns3:TrackPointExtension>
        </extensions>
      </trkpt>
      <trkpt lat="55.792691074311733245849609375" lon="14.20461156405508518218994140625">
        <ele>2.599999904632568359375</ele>
        <time>2026-07-17T16:42:03.000Z</time>
        <extensions>
          <ns3:TrackPointExtension>
            <ns3:atemp>25.0</ns3:atemp>
            <ns3:cad>49</ns3:cad>
          </ns3:TrackPointExtension>
        </extensions>
      </trkpt>
      <trkpt lat="55.793804191052913665771484375" lon="14.20504524372518062591552734375">
        <ele>2.400000095367431640625</ele>
        <time>2026-07-17T16:43:45.000Z</time>
        <extensions>
          <ns3:TrackPointExtension>
            <ns3:atemp>25.0</ns3:atemp>
            <ns3:cad>50</ns3:cad>
          </ns3:TrackPointExtension>
        </extensions>
      </trkpt>
      <trkpt lat="55.793742500245571136474609375" lon="14.205045662820339202880859375">
        <ele>2.400000095367431640625</ele>
        <time>2026-07-17T16:43:47.000Z</time>
        <extensions>
          <ns3:TrackPointExtension>
            <ns3:atemp>25.0</ns3:atemp>
            <ns3:cad>50</ns3:cad>
          </ns3:TrackPointExtension>
        </extensions>
      </trkpt>
      <trkpt lat="55.79377644695341587066650390625" lon="14.20506251044571399688720703125">
        <ele>2.7999999523162841796875</ele>
        <time>2026-07-17T16:43:53.000Z</time>
        <extensions>
          <ns3:TrackPointExtension>
            <ns3:atemp>25.0</ns3:atemp>
            <ns3:cad>50</ns3:cad>
          </ns3:TrackPointExtension>
        </extensions>
      </trkpt>
      <trkpt lat="55.7938315160572528839111328125" lon="14.205095283687114715576171875">
        <ele>3</ele>
        <time>2026-07-17T16:43:58.000Z</time>
        <extensions>
          <ns3:TrackPointExtension>
            <ns3:atemp>25.0</ns3:atemp>
            <ns3:cad>51</ns3:cad>
          </ns3:TrackPointExtension>
        </extensions>
      </trkpt>
      <trkpt lat="55.7938724197447299957275390625" lon="14.2051162384450435638427734375">
        <ele>3</ele>
        <time>2026-07-17T16:44:04.000Z</time>
        <extensions>
          <ns3:TrackPointExtension>
            <ns3:atemp>25.0</ns3:atemp>
            <ns3:cad>50</ns3:cad>
          </ns3:TrackPointExtension>
        </extensions>
      </trkpt>
      <trkpt lat="55.79474673606455326080322265625" lon="14.20425734482705593109130859375">
        <ele>4.19999980926513671875</ele>
        <time>2026-07-17T16:45:42.000Z</time>
        <extensions>
          <ns3:TrackPointExtension>
            <ns3:atemp>25.0</ns3:atemp>
            <ns3:cad>50</ns3:cad>
          </ns3:TrackPointExtension>
        </extensions>
      </trkpt>
      <trkpt lat="55.794817395508289337158203125" lon="14.2042267508804798126220703125">
        <ele>4.19999980926513671875</ele>
        <time>2026-07-17T16:45:48.000Z</time>
        <extensions>
          <ns3:TrackPointExtension>
            <ns3:atemp>25.0</ns3:atemp>
            <ns3:cad>50</ns3:cad>
          </ns3:TrackPointExtension>
        </extensions>
      </trkpt>
      <trkpt lat="55.79483650624752044677734375" lon="14.20422012917697429656982421875">
        <ele>4.19999980926513671875</ele>
        <time>2026-07-17T16:45:50.000Z</time>
        <extensions>
          <ns3:TrackPointExtension>
            <ns3:atemp>25.0</ns3:atemp>
            <ns3:cad>50</ns3:cad>
          </ns3:TrackPointExtension>
        </extensions>
      </trkpt>
      <trkpt lat="55.794908590614795684814453125" lon="14.20423387549817562103271484375">
        <ele>4.19999980926513671875</ele>
        <time>2026-07-17T16:45:56.000Z</time>
        <extensions>
          <ns3:TrackPointExtension>
            <ns3:atemp>25.0</ns3:atemp>
            <ns3:cad>50</ns3:cad>
          </ns3:TrackPointExtension>
        </extensions>
      </trkpt>
      <trkpt lat="55.794970281422138214111328125" lon="14.2042508907616138458251953125">
        <ele>4</ele>
        <time>2026-07-17T16:46:01.000Z</time>
        <extensions>
          <ns3:TrackPointExtension>
            <ns3:atemp>25.0</ns3:atemp>
            <ns3:cad>52</ns3:cad>
          </ns3:TrackPointExtension>
        </extensions>
      </trkpt>
      <trkpt lat="55.79639352858066558837890625" lon="14.20474450103938579559326171875">
        <ele>4</ele>
        <time>2026-07-17T16:47:43.000Z</time>
        <extensions>
          <ns3:TrackPointExtension>
            <ns3:atemp>26.0</ns3:atemp>
            <ns3:cad>50</ns3:cad>
          </ns3:TrackPointExtension>
        </extensions>
      </trkpt>
      <trkpt lat="55.7963646948337554931640625" lon="14.20471005141735076904296875">
        <ele>4</ele>
        <time>2026-07-17T16:47:49.000Z</time>
        <extensions>
          <ns3:TrackPointExtension>
            <ns3:atemp>26.0</ns3:atemp>
            <ns3:cad>50</ns3:cad>
          </ns3:TrackPointExtension>
        </extensions>
      </trkpt>
      <trkpt lat="55.796435773372650146484375" lon="14.204694963991641998291015625">
        <ele>4</ele>
        <time>2026-07-17T16:47:55.000Z</time>
        <extensions>
          <ns3:TrackPointExtension>
            <ns3:atemp>26.0</ns3:atemp>
            <ns3:cad>50</ns3:cad>
          </ns3:TrackPointExtension>
        </extensions>
      </trkpt>
      <trkpt lat="55.79652956686913967132568359375" lon="14.204748608171939849853515625">
        <ele>4</ele>
        <time>2026-07-17T16:48:01.000Z</time>
        <extensions>
          <ns3:TrackPointExtension>
            <ns3:atemp>26.0</ns3:atemp>
            <ns3:cad>49</ns3:cad>
          </ns3:TrackPointExtension>
        </extensions>
      </trkpt>
      <trkpt lat="55.7965524494647979736328125" lon="14.2047791182994842529296875">
        <ele>4</ele>
        <time>2026-07-17T16:48:02.000Z</time>
        <extensions>
          <ns3:TrackPointExtension>
            <ns3:atemp>26.0</ns3:atemp>
            <ns3:cad>49</ns3:cad>
          </ns3:TrackPointExtension>
        </extensions>
      </trkpt>
      <trkpt lat="55.797871761023998260498046875" lon="14.20543466694653034210205078125">
        <ele>4.400000095367431640625</ele>
        <time>2026-07-17T16:49:43.000Z</time>
        <extensions>
          <ns3:TrackPointExtension>
            <ns3:atemp>25.0</ns3:atemp>
            <ns3:cad>50</ns3:cad>
          </ns3:TrackPointExtension>
        </extensions>
      </trkpt>
      <trkpt lat="55.79787855036556720733642578125" lon="14.2052788473665714263916015625">
        <ele>4.400000095367431640625</ele>
        <time>2026-07-17T16:49:45.000Z</time>
        <extensions>
          <ns3:TrackPointExtension>
            <ns3:atemp>26.0</ns3:atemp>
            <ns3:cad>50</ns3:cad>
          </ns3:TrackPointExtension>
        </extensions>
      </trkpt>
      <trkpt lat="55.797872431576251983642578125" lon="14.20523031614720821380615234375">
        <ele>4.400000095367431640625</ele>
        <time>2026-07-17T16:49:48.000Z</time>
        <extensions>
          <ns3:TrackPointExtension>
            <ns3:atemp>26.0</ns3:atemp>
            <ns3:cad>51</ns3:cad>
          </ns3:TrackPointExtension>
        </extensions>
      </trkpt>
      <trkpt lat="55.79794007353484630584716796875" lon="14.2052714712917804718017578125">
        <ele>4.400000095367431640625</ele>
        <time>2026-07-17T16:49:54.000Z</time>
        <extensions>
          <ns3:TrackPointExtension>
            <ns3:atemp>26.0</ns3:atemp>
            <ns3:cad>50</ns3:cad>
          </ns3:TrackPointExtension>
        </extensions>
      </trkpt>
      <trkpt lat="55.79797360114753246307373046875" lon="14.20529854483902454376220703125">
        <ele>4.400000095367431640625</ele>
        <time>2026-07-17T16:49:56.000Z</time>
        <extensions>
          <ns3:TrackPointExtension>
            <ns3:atemp>26.0</ns3:atemp>
            <ns3:cad>50</ns3:cad>
          </ns3:TrackPointExtension>
        </extensions>
      </trkpt>
      <trkpt lat="55.79805457033216953277587890625" lon="14.20533777214586734771728515625">
        <ele>4.400000095367431640625</ele>
        <time>2026-07-17T16:50:02.000Z</time>
        <extensions>
          <ns3:TrackPointExtension>
            <ns3:atemp>26.0</ns3:atemp>
            <ns3:cad>51</ns3:cad>
          </ns3:TrackPointExtension>
        </extensions>
      </trkpt>
      <trkpt lat="55.79940606839954853057861328125" lon="14.205836243927478790283203125">
        <ele>4.400000095367431640625</ele>
        <time>2026-07-17T16:51:42.000Z</time>
        <extensions>
          <ns3:TrackPointExtension>
            <ns3:atemp>26.0</ns3:atemp>
            <ns3:cad>51</ns3:cad>
          </ns3:TrackPointExtension>
        </extensions>
      </trkpt>
      <trkpt lat="55.79944680444896221160888671875" lon="14.20586583204567432403564453125">
        <ele>4.400000095367431640625</ele>
        <time>2026-07-17T16:51:46.000Z</time>
        <extensions>
          <ns3:TrackPointExtension>
            <ns3:atemp>26.0</ns3:atemp>
            <ns3:cad>50</ns3:cad>
          </ns3:TrackPointExtension>
        </extensions>
      </trkpt>
      <trkpt lat="55.79949877224862575531005859375" lon="14.20587404631078243255615234375">
        <ele>4.400000095367431640625</ele>
        <time>2026-07-17T16:51:52.000Z</time>
        <extensions>
          <ns3:TrackPointExtension>
            <ns3:atemp>26.0</ns3:atemp>
            <ns3:cad>50</ns3:cad>
          </ns3:TrackPointExtension>
        </extensions>
      </trkpt>
      <trkpt lat="55.7995848543941974639892578125" lon="14.20589734800159931182861328125">
        <ele>4.400000095367431640625</ele>
        <time>2026-07-17T16:51:58.000Z</time>
        <extensions>
          <ns3:TrackPointExtension>
            <ns3:atemp>26.0</ns3:atemp>
            <ns3:cad>50</ns3:cad>
          </ns3:TrackPointExtension>
        </extensions>
      </trkpt>
      <trkpt lat="55.79960404895246028900146484375" lon="14.20589919202029705047607421875">
        <ele>4.400000095367431640625</ele>
        <time>2026-07-17T16:51:59.000Z</time>
        <extensions>
          <ns3:TrackPointExtension>
            <ns3:atemp>26.0</ns3:atemp>
            <ns3:cad>50</ns3:cad>
          </ns3:TrackPointExtension>
        </extensions>
      </trkpt>
      <trkpt lat="55.8008729852735996246337890625" lon="14.2064720951020717620849609375">
        <ele>4.400000095367431640625</ele>
        <time>2026-07-17T16:53:43.000Z</time>
        <extensions>
          <ns3:TrackPointExtension>
            <ns3:atemp>26.0</ns3:atemp>
            <ns3:cad>49</ns3:cad>
          </ns3:TrackPointExtension>
        </extensions>
      </trkpt>
      <trkpt lat="55.80088983289897441864013671875" lon="14.20642976649105548858642578125">
        <ele>4.400000095367431640625</ele>
        <time>2026-07-17T16:53:46.000Z</time>
        <extensions>
          <ns3:TrackPointExtension>
            <ns3:atemp>26.0</ns3:atemp>
            <ns3:cad>49</ns3:cad>
          </ns3:TrackPointExtension>
        </extensions>
      </trkpt>
      <trkpt lat="55.8009477518498897552490234375" lon="14.206447117030620574951171875">
        <ele>4.19999980926513671875</ele>
        <time>2026-07-17T16:53:52.000Z</time>
        <extensions>
          <ns3:TrackPointExtension>
            <ns3:atemp>26.0</ns3:atemp>
            <ns3:cad>49</ns3:cad>
          </ns3:TrackPointExtension>
        </extensions>
      </trkpt>
      <trkpt lat="55.80101237632334232330322265625" lon="14.206473268568515777587890625">
        <ele>4</ele>
        <time>2026-07-17T16:53:57.000Z</time>
        <extensions>
          <ns3:TrackPointExtension>
            <ns3:atemp>26.0</ns3:atemp>
            <ns3:cad>50</ns3:cad>
          </ns3:TrackPointExtension>
        </extensions>
      </trkpt>
      <trkpt lat="55.80109418369829654693603515625" lon="14.20650972984731197357177734375">
        <ele>4</ele>
        <time>2026-07-17T16:54:03.000Z</time>
        <extensions>
          <ns3:TrackPointExtension>
            <ns3:atemp>26.0</ns3:atemp>
            <ns3:cad>50</ns3:cad>
          </ns3:TrackPointExtension>
        </extensions>
      </trkpt>
      <trkpt lat="55.80239589326083660125732421875" lon="14.2069032602012157440185546875">
        <ele>4.19999980926513671875</ele>
        <time>2026-07-17T16:55:42.000Z</time>
        <extensions>
          <ns3:TrackPointExtension>
            <ns3:atemp>27.0</ns3:atemp>
            <ns3:cad>51</ns3:cad>
          </ns3:TrackPointExtension>
        </extensions>
      </trkpt>
      <trkpt lat="55.802427828311920166015625" lon="14.20692949555814266204833984375">
        <ele>4.19999980926513671875</ele>
        <time>2026-07-17T16:55:44.000Z</time>
        <extensions>
          <ns3:TrackPointExtension>
            <ns3:atemp>27.0</ns3:atemp>
            <ns3:cad>51</ns3:cad>
          </ns3:TrackPointExtension>
        </extensions>
      </trkpt>
      <trkpt lat="55.8024801313877105712890625" lon="14.20695262961089611053466796875">
        <ele>4.19999980926513671875</ele>
        <time>2026-07-17T16:55:50.000Z</time>
        <extensions>
          <ns3:TrackPointExtension>
            <ns3:atemp>27.0</ns3:atemp>
            <ns3:cad>51</ns3:cad>
          </ns3:TrackPointExtension>
        </extensions>
      </trkpt>
      <trkpt lat="55.80250804312527179718017578125" lon="14.20697291381657123565673828125">
        <ele>4.19999980926513671875</ele>
        <time>2026-07-17T16:55:52.000Z</time>
        <extensions>
          <ns3:TrackPointExtension>
            <ns3:atemp>27.0</ns3:atemp>
            <ns3:cad>51</ns3:cad>
          </ns3:TrackPointExtension>
        </extensions>
      </trkpt>
      <trkpt lat="55.8025954663753509521484375" lon="14.20701985247433185577392578125">
        <ele>4.19999980926513671875</ele>
        <time>2026-07-17T16:55:58.000Z</time>
        <extensions>
          <ns3:TrackPointExtension>
            <ns3:atemp>27.0</ns3:atemp>
            <ns3:cad>51</ns3:cad>
          </ns3:TrackPointExtension>
        </extensions>
      </trkpt>
      <trkpt lat="55.8026598393917083740234375" lon="14.20704533345997333526611328125">
        <ele>4.19999980926513671875</ele>
        <time>2026-07-17T16:56:04.000Z</time>
        <extensions>
          <ns3:TrackPointExtension>
            <ns3:atemp>27.0</ns3:atemp>
            <ns3:cad>51</ns3:cad>
          </ns3:TrackPointExtension>
        </extensions>
      </trkpt>
      <trkpt lat="55.803876556456089019775390625" lon="14.20774354599416255950927734375">
        <ele>4.599999904632568359375</ele>
        <time>2026-07-17T16:57:42.000Z</time>
        <extensions>
          <ns3:TrackPointExtension>
            <ns3:atemp>27.0</ns3:atemp>
            <ns3:cad>51</ns3:cad>
          </ns3:TrackPointExtension>
        </extensions>
      </trkpt>
      <trkpt lat="55.80404452979564666748046875" lon="14.20777045190334320068359375">
        <ele>4.599999904632568359375</ele>
        <time>2026-07-17T16:57:48.000Z</time>
        <extensions>
          <ns3:TrackPointExtension>
            <ns3:atemp>27.0</ns3:atemp>
            <ns3:cad>51</ns3:cad>
          </ns3:TrackPointExtension>
        </extensions>
      </trkpt>
      <trkpt lat="55.80411351285874843597412109375" lon="14.2077518440783023834228515625">
        <ele>4.599999904632568359375</ele>
        <time>2026-07-17T16:57:54.000Z</time>
        <extensions>
          <ns3:TrackPointExtension>
            <ns3:atemp>27.0</ns3:atemp>
            <ns3:cad>51</ns3:cad>
          </ns3:TrackPointExtension>
        </extensions>
      </trkpt>
      <trkpt lat="55.80417872406542301177978515625" lon="14.20779735781252384185791015625">
        <ele>4.80000019073486328125</ele>
        <time>2026-07-17T16:57:59.000Z</time>
        <extensions>
          <ns3:TrackPointExtension>
            <ns3:atemp>27.0</ns3:atemp>
            <ns3:cad>51</ns3:cad>
          </ns3:TrackPointExtension>
        </extensions>
      </trkpt>
      <trkpt lat="55.80492622219026088714599609375" lon="14.2082933150231838226318359375">
        <ele>5.599999904632568359375</ele>
        <time>2026-07-17T16:59:43.000Z</time>
        <extensions>
          <ns3:TrackPointExtension>
            <ns3:atemp>27.0</ns3:atemp>
            <ns3:cad>50</ns3:cad>
          </ns3:TrackPointExtension>
        </extensions>
      </trkpt>
      <trkpt lat="55.8049123920500278472900390625" lon="14.2083127610385417938232421875">
        <ele>5.80000019073486328125</ele>
        <time>2026-07-17T16:59:45.000Z</time>
        <extensions>
          <ns3:TrackPointExtension>
            <ns3:atemp>27.0</ns3:atemp>
            <ns3:cad>50</ns3:cad>
          </ns3:TrackPointExtension>
        </extensions>
      </trkpt>
      <trkpt lat="55.80490878783166408538818359375" lon="14.2083062231540679931640625">
        <ele>6</ele>
        <time>2026-07-17T16:59:47.000Z</time>
        <extensions>
          <ns3:TrackPointExtension>
            <ns3:atemp>27.0</ns3:atemp>
            <ns3:cad>49</ns3:cad>
          </ns3:TrackPointExtension>
        </extensions>
      </trkpt>
      <trkpt lat="55.804934687912464141845703125" lon="14.20832374133169651031494140625">
        <ele>6.80000019073486328125</ele>
        <time>2026-07-17T16:59:53.000Z</time>
        <extensions>
          <ns3:TrackPointExtension>
            <ns3:atemp>27.0</ns3:atemp>
            <ns3:cad>44</ns3:cad>
          </ns3:TrackPointExtension>
        </extensions>
      </trkpt>
      <trkpt lat="55.804948098957538604736328125" lon="14.20832558535039424896240234375">
        <ele>6.80000019073486328125</ele>
        <time>2026-07-17T16:59:54.000Z</time>
        <extensions>
          <ns3:TrackPointExtension>
            <ns3:atemp>27.0</ns3:atemp>
            <ns3:cad>0</ns3:cad>
          </ns3:TrackPointExtension>
        </extensions>
      </trkpt>
      <trkpt lat="55.80498875118792057037353515625" lon="14.20833430252969264984130859375">
        <ele>7</ele>
        <time>2026-07-17T16:59:57.000Z</time>
        <extensions>
          <ns3:TrackPointExtension>
            <ns3:atemp>27.0</ns3:atemp>
            <ns3:cad>48</ns3:cad>
          </ns3:TrackPointExtension>
        </extensions>
      </trkpt>
      <trkpt lat="55.80504977144300937652587890625" lon="14.2083580233156681060791015625">
        <ele>6.599999904632568359375</ele>
        <time>2026-07-17T17:00:03.000Z</time>
        <extensions>
          <ns3:TrackPointExtension>
            <ns3:atemp>27.0</ns3:atemp>
            <ns3:cad>50</ns3:cad>
          </ns3:TrackPointExtension>
        </extensions>
      </trkpt>
      <trkpt lat="55.80593087710440158843994140625" lon="14.20900468714535236358642578125">
        <ele>5.599999904632568359375</ele>
        <time>2026-07-17T17:01:43.000Z</time>
        <extensions>
          <ns3:TrackPointExtension>
            <ns3:atemp>26.0</ns3:atemp>
            <ns3:cad>50</ns3:cad>
          </ns3:TrackPointExtension>
        </extensions>
      </trkpt>
      <trkpt lat="55.80599692650139331817626953125" lon="14.2090438306331634521484375">
        <ele>5.599999904632568359375</ele>
        <time>2026-07-17T17:01:44.000Z</time>
        <extensions>
          <ns3:TrackPointExtension>
            <ns3:atemp>26.0</ns3:atemp>
            <ns3:cad>50</ns3:cad>
          </ns3:TrackPointExtension>
        </extensions>
      </trkpt>
      <trkpt lat="55.806073956191539764404296875" lon="14.20902228914201259613037109375">
        <ele>5.400000095367431640625</ele>
        <time>2026-07-17T17:01:50.000Z</time>
        <extensions>
          <ns3:TrackPointExtension>
            <ns3:atemp>26.0</ns3:atemp>
            <ns3:cad>48</ns3:cad>
          </ns3:TrackPointExtension>
        </extensions>
      </trkpt>
      <trkpt lat="55.80613539554178714752197265625" lon="14.2090564034879207611083984375">
        <ele>5.599999904632568359375</ele>
        <time>2026-07-17T17:01:56.000Z</time>
        <extensions>
          <ns3:TrackPointExtension>
            <ns3:atemp>26.0</ns3:atemp>
            <ns3:cad>50</ns3:cad>
          </ns3:TrackPointExtension>
        </extensions>
      </trkpt>
      <trkpt lat="55.8062028698623180389404296875" lon="14.2090631090104579925537109375">
        <ele>5.599999904632568359375</ele>
        <time>2026-07-17T17:02:02.000Z</time>
        <extensions>
          <ns3:TrackPointExtension>
            <ns3:atemp>26.0</ns3:atemp>
            <ns3:cad>50</ns3:cad>
          </ns3:TrackPointExtension>
        </extensions>
      </trkpt>
      <trkpt lat="55.8062028698623180389404296875" lon="14.2090631090104579925537109375">
        <ele>5.599999904632568359375</ele>
        <time>2026-07-17T17:02:03.000Z</time>
        <extensions>
          <ns3:TrackPointExtension>
            <ns3:atemp>26.0</ns3:atemp>
            <ns3:cad>51</ns3:cad>
          </ns3:TrackPointExtension>
        </extensions>
      </trkpt>
      <trkpt lat="55.8074705488979816436767578125" lon="14.2096488364040851593017578125">
        <ele>5.80000019073486328125</ele>
        <time>2026-07-17T17:03:43.000Z</time>
        <extensions>
          <ns3:TrackPointExtension>
            <ns3:atemp>26.0</ns3:atemp>
            <ns3:cad>48</ns3:cad>
          </ns3:TrackPointExtension>
        </extensions>
      </trkpt>
      <trkpt lat="55.80755763687193393707275390625" lon="14.20982108451426029205322265625">
        <ele>6</ele>
        <time>2026-07-17T17:03:45.000Z</time>
        <extensions>
          <ns3:TrackPointExtension>
            <ns3:atemp>26.0</ns3:atemp>
            <ns3:cad>48</ns3:cad>
          </ns3:TrackPointExtension>
        </extensions>
      </trkpt>
      <trkpt lat="55.8075087703764438629150390625" lon="14.20986123383045196533203125">
        <ele>6.80000019073486328125</ele>
        <time>2026-07-17T17:03:51.000Z</time>
        <extensions>
          <ns3:TrackPointExtension>
            <ns3:atemp>26.0</ns3:atemp>
            <ns3:cad>47</ns3:cad>
          </ns3:TrackPointExtension>
        </extensions>
      </trkpt>
      <trkpt lat="55.80750080756843090057373046875" lon="14.209874980151653289794921875">
        <ele>6.80000019073486328125</ele>
        <time>2026-07-17T17:03:52.000Z</time>
        <extensions>
          <ns3:TrackPointExtension>
            <ns3:atemp>26.0</ns3:atemp>
            <ns3:cad>46</ns3:cad>
          </ns3:TrackPointExtension>
        </extensions>
      </trkpt>
      <trkpt lat="55.80749376676976680755615234375" lon="14.20989048667252063751220703125">
        <ele>7</ele>
        <time>2026-07-17T17:03:53.000Z</time>
        <extensions>
          <ns3:TrackPointExtension>
            <ns3:atemp>26.0</ns3:atemp>
            <ns3:cad>45</ns3:cad>
          </ns3:TrackPointExtension>
        </extensions>
      </trkpt>
      <trkpt lat="55.8074851334095001220703125" lon="14.2099090106785297393798828125">
        <ele>7.599999904632568359375</ele>
        <time>2026-07-17T17:03:59.000Z</time>
        <extensions>
          <ns3:TrackPointExtension>
            <ns3:atemp>26.0</ns3:atemp>
            <ns3:cad>0</ns3:cad>
          </ns3:TrackPointExtension>
        </extensions>
      </trkpt>
      <trkpt lat="55.80748303793370723724365234375" lon="14.20990414917469024658203125">
        <ele>7.599999904632568359375</ele>
        <time>2026-07-17T17:04:00.000Z</time>
        <extensions>
          <ns3:TrackPointExtension>
            <ns3:atemp>26.0</ns3:atemp>
            <ns3:cad>0</ns3:cad>
          </ns3:TrackPointExtension>
        </extensions>
      </trkpt>
      <trkpt lat="55.8085286803543567657470703125" lon="14.20973517000675201416015625">
        <ele>5.80000019073486328125</ele>
        <time>2026-07-17T17:05:43.000Z</time>
        <extensions>
          <ns3:TrackPointExtension>
            <ns3:atemp>26.0</ns3:atemp>
            <ns3:cad>50</ns3:cad>
          </ns3:TrackPointExtension>
        </extensions>
      </trkpt>
      <trkpt lat="55.80855458043515682220458984375" lon="14.2097417078912258148193359375">
        <ele>5.80000019073486328125</ele>
        <time>2026-07-17T17:05:44.000Z</time>
        <extensions>
          <ns3:TrackPointExtension>
            <ns3:atemp>26.0</ns3:atemp>
            <ns3:cad>50</ns3:cad>
          </ns3:TrackPointExtension>
        </extensions>
      </trkpt>
      <trkpt lat="55.808568410575389862060546875" lon="14.20976526103913784027099609375">
        <ele>5.599999904632568359375</ele>
        <time>2026-07-17T17:05:45.000Z</time>
        <extensions>
          <ns3:TrackPointExtension>
            <ns3:atemp>26.0</ns3:atemp>
            <ns3:cad>50</ns3:cad>
          </ns3:TrackPointExtension>
        </extensions>
      </trkpt>
      <trkpt lat="55.8086671493947505950927734375" lon="14.2097903229296207427978515625">
        <ele>5.80000019073486328125</ele>
        <time>2026-07-17T17:05:51.000Z</time>
        <extensions>
          <ns3:TrackPointExtension>
            <ns3:atemp>26.0</ns3:atemp>
            <ns3:cad>51</ns3:cad>
          </ns3:TrackPointExtension>
        </extensions>
      </trkpt>
      <trkpt lat="55.80870310775935649871826171875" lon="14.209825694561004638671875">
        <ele>5.80000019073486328125</ele>
        <time>2026-07-17T17:05:54.000Z</time>
        <extensions>
          <ns3:TrackPointExtension>
            <ns3:atemp>26.0</ns3:atemp>
            <ns3:cad>50</ns3:cad>
          </ns3:TrackPointExtension>
        </extensions>
      </trkpt>
      <trkpt lat="55.8087435923516750335693359375" lon="14.20987464487552642822265625">
        <ele>5.80000019073486328125</ele>
        <time>2026-07-17T17:06:00.000Z</time>
        <extensions>
          <ns3:TrackPointExtension>
            <ns3:atemp>26.0</ns3:atemp>
            <ns3:cad>0</ns3:cad>
          </ns3:TrackPointExtension>
        </extensions>
      </trkpt>
      <trkpt lat="55.80874887295067310333251953125" lon="14.20987556688487529754638671875">
        <ele>5.80000019073486328125</ele>
        <time>2026-07-17T17:06:01.000Z</time>
        <extensions>
          <ns3:TrackPointExtension>
            <ns3:atemp>26.0</ns3:atemp>
            <ns3:cad>0</ns3:cad>
          </ns3:TrackPointExtension>
        </extensions>
      </trkpt>
      <trkpt lat="55.809892080724239349365234375" lon="14.2106503061950206756591796875">
        <ele>6.599999904632568359375</ele>
        <time>2026-07-17T17:07:42.000Z</time>
        <extensions>
          <ns3:TrackPointExtension>
            <ns3:atemp>26.0</ns3:atemp>
            <ns3:cad>50</ns3:cad>
          </ns3:TrackPointExtension>
        </extensions>
      </trkpt>
      <trkpt lat="55.81001244485378265380859375" lon="14.21038066036999225616455078125">
        <ele>6.599999904632568359375</ele>
        <time>2026-07-17T17:07:44.000Z</time>
        <extensions>
          <ns3:TrackPointExtension>
            <ns3:atemp>26.0</ns3:atemp>
            <ns3:cad>50</ns3:cad>
          </ns3:TrackPointExtension>
        </extensions>
      </trkpt>
      <trkpt lat="55.810038261115550994873046875" lon="14.210305474698543548583984375">
        <ele>6.400000095367431640625</ele>
        <time>2026-07-17T17:07:47.000Z</time>
        <extensions>
          <ns3:TrackPointExtension>
            <ns3:atemp>26.0</ns3:atemp>
            <ns3:cad>51</ns3:cad>
          </ns3:TrackPointExtension>
        </extensions>
      </trkpt>
      <trkpt lat="55.81006784923374652862548828125" lon="14.21030874364078044891357421875">
        <ele>6.400000095367431640625</ele>
        <time>2026-07-17T17:07:49.000Z</time>
        <extensions>
          <ns3:TrackPointExtension>
            <ns3:atemp>26.0</ns3:atemp>
            <ns3:cad>51</ns3:cad>
          </ns3:TrackPointExtension>
        </extensions>
      </trkpt>
      <trkpt lat="55.81014848314225673675537109375" lon="14.21031712554395198822021484375">
        <ele>6.400000095367431640625</ele>
        <time>2026-07-17T17:07:55.000Z</time>
        <extensions>
          <ns3:TrackPointExtension>
            <ns3:atemp>26.0</ns3:atemp>
            <ns3:cad>51</ns3:cad>
          </ns3:TrackPointExtension>
        </extensions>
      </trkpt>
      <trkpt lat="55.81022039987146854400634765625" lon="14.21033992432057857513427734375">
        <ele>6.599999904632568359375</ele>
        <time>2026-07-17T17:08:01.000Z</time>
        <extensions>
          <ns3:TrackPointExtension>
            <ns3:atemp>26.0</ns3:atemp>
            <ns3:cad>51</ns3:cad>
          </ns3:TrackPointExtension>
        </extensions>
      </trkpt>
      <trkpt lat="55.8102370798587799072265625" lon="14.21034579165279865264892578125">
        <ele>6.599999904632568359375</ele>
        <time>2026-07-17T17:08:02.000Z</time>
        <extensions>
          <ns3:TrackPointExtension>
            <ns3:atemp>26.0</ns3:atemp>
            <ns3:cad>51</ns3:cad>
          </ns3:TrackPointExtension>
        </extensions>
      </trkpt>
      <trkpt lat="55.811266712844371795654296875" lon="14.21072180382907390594482421875">
        <ele>6.599999904632568359375</ele>
        <time>2026-07-17T17:09:43.000Z</time>
        <extensions>
          <ns3:TrackPointExtension>
            <ns3:atemp>26.0</ns3:atemp>
            <ns3:cad>50</ns3:cad>
          </ns3:TrackPointExtension>
        </extensions>
      </trkpt>
      <trkpt lat="55.8113594166934490203857421875" lon="14.21079724095761775970458984375">
        <ele>6.400000095367431640625</ele>
        <time>2026-07-17T17:09:49.000Z</time>
        <extensions>
          <ns3:TrackPointExtension>
            <ns3:atemp>26.0</ns3:atemp>
            <ns3:cad>51</ns3:cad>
          </ns3:TrackPointExtension>
        </extensions>
      </trkpt>
      <trkpt lat="55.81142856739461421966552734375" lon="14.2107552476227283477783203125">
        <ele>6.19999980926513671875</ele>
        <time>2026-07-17T17:09:55.000Z</time>
        <extensions>
          <ns3:TrackPointExtension>
            <ns3:atemp>26.0</ns3:atemp>
            <ns3:cad>50</ns3:cad>
          </ns3:TrackPointExtension>
        </extensions>
      </trkpt>
      <trkpt lat="55.81145421601831912994384765625" lon="14.2107428424060344696044921875">
        <ele>6.19999980926513671875</ele>
        <time>2026-07-17T17:09:57.000Z</time>
        <extensions>
          <ns3:TrackPointExtension>
            <ns3:atemp>26.0</ns3:atemp>
            <ns3:cad>51</ns3:cad>
          </ns3:TrackPointExtension>
        </extensions>
      </trkpt>
      <trkpt lat="55.81151624210178852081298828125" lon="14.210748039186000823974609375">
        <ele>6</ele>
        <time>2026-07-17T17:10:01.000Z</time>
        <extensions>
          <ns3:TrackPointExtension>
            <ns3:atemp>26.0</ns3:atemp>
            <ns3:cad>51</ns3:cad>
          </ns3:TrackPointExtension>
        </extensions>
      </trkpt>
      <trkpt lat="55.8129271678626537322998046875" lon="14.21151858754456043243408203125">
        <ele>5</ele>
        <time>2026-07-17T17:11:44.000Z</time>
        <extensions>
          <ns3:TrackPointExtension>
            <ns3:atemp>26.0</ns3:atemp>
            <ns3:cad>51</ns3:cad>
          </ns3:TrackPointExtension>
        </extensions>
      </trkpt>
      <trkpt lat="55.81295994110405445098876953125" lon="14.21129755675792694091796875">
        <ele>5.19999980926513671875</ele>
        <time>2026-07-17T17:11:50.000Z</time>
        <extensions>
          <ns3:TrackPointExtension>
            <ns3:atemp>26.0</ns3:atemp>
            <ns3:cad>51</ns3:cad>
          </ns3:TrackPointExtension>
        </extensions>
      </trkpt>
      <trkpt lat="55.81299682147800922393798828125" lon="14.211352206766605377197265625">
        <ele>5.19999980926513671875</ele>
        <time>2026-07-17T17:11:53.000Z</time>
        <extensions>
          <ns3:TrackPointExtension>
            <ns3:atemp>26.0</ns3:atemp>
            <ns3:cad>51</ns3:cad>
          </ns3:TrackPointExtension>
        </extensions>
      </trkpt>
      <trkpt lat="55.8130844123661518096923828125" lon="14.21140392310917377471923828125">
        <ele>5.19999980926513671875</ele>
        <time>2026-07-17T17:11:59.000Z</time>
        <extensions>
          <ns3:TrackPointExtension>
            <ns3:atemp>26.0</ns3:atemp>
            <ns3:cad>51</ns3:cad>
          </ns3:TrackPointExtension>
        </extensions>
      </trkpt>
      <trkpt lat="55.81312037073075771331787109375" lon="14.21140241436660289764404296875">
        <ele>5.19999980926513671875</ele>
        <time>2026-07-17T17:12:03.000Z</time>
        <extensions>
          <ns3:TrackPointExtension>
            <ns3:atemp>26.0</ns3:atemp>
            <ns3:cad>49</ns3:cad>
          </ns3:TrackPointExtension>
        </extensions>
      </trkpt>
      <trkpt lat="55.81431982107460498809814453125" lon="14.211953021585941314697265625">
        <ele>5</ele>
        <time>2026-07-17T17:13:43.000Z</time>
        <extensions>
          <ns3:TrackPointExtension>
            <ns3:atemp>26.0</ns3:atemp>
            <ns3:cad>45</ns3:cad>
          </ns3:TrackPointExtension>
        </extensions>
      </trkpt>
      <trkpt lat="55.81427355296909809112548828125" lon="14.2119347490370273590087890625">
        <ele>5</ele>
        <time>2026-07-17T17:13:44.000Z</time>
        <extensions>
          <ns3:TrackPointExtension>
            <ns3:atemp>26.0</ns3:atemp>
            <ns3:cad>47</ns3:cad>
          </ns3:TrackPointExtension>
        </extensions>
      </trkpt>
      <trkpt lat="55.8143192343413829803466796875" lon="14.21191303990781307220458984375">
        <ele>5</ele>
        <time>2026-07-17T17:13:50.000Z</time>
        <extensions>
          <ns3:TrackPointExtension>
            <ns3:atemp>26.0</ns3:atemp>
            <ns3:cad>49</ns3:cad>
          </ns3:TrackPointExtension>
        </extensions>
      </trkpt>
      <trkpt lat="55.8143467269837856292724609375" lon="14.21191756613552570343017578125">
        <ele>5</ele>
        <time>2026-07-17T17:13:51.000Z</time>
        <extensions>
          <ns3:TrackPointExtension>
            <ns3:atemp>26.0</ns3:atemp>
            <ns3:cad>49</ns3:cad>
          </ns3:TrackPointExtension>
        </extensions>
      </trkpt>
      <trkpt lat="55.8144422806799411773681640625" lon="14.21188957057893276214599609375">
        <ele>5.19999980926513671875</ele>
        <time>2026-07-17T17:13:57.000Z</time>
        <extensions>
          <ns3:TrackPointExtension>
            <ns3:atemp>26.0</ns3:atemp>
            <ns3:cad>48</ns3:cad>
          </ns3:TrackPointExtension>
        </extensions>
      </trkpt>
      <trkpt lat="55.81450824625790119171142578125" lon="14.21189795248210430145263671875">
        <ele>5.19999980926513671875</ele>
        <time>2026-07-17T17:14:02.000Z</time>
        <extensions>
          <ns3:TrackPointExtension>
            <ns3:atemp>26.0</ns3:atemp>
            <ns3:cad>49</ns3:cad>
          </ns3:TrackPointExtension>
        </extensions>
      </trkpt>
      <trkpt lat="55.8158142305910587310791015625" lon="14.2124138586223125457763671875">
        <ele>4.599999904632568359375</ele>
        <time>2026-07-17T17:15:44.000Z</time>
        <extensions>
          <ns3:TrackPointExtension>
            <ns3:atemp>26.0</ns3:atemp>
            <ns3:cad>50</ns3:cad>
          </ns3:TrackPointExtension>
        </extensions>
      </trkpt>
      <trkpt lat="55.81585555337369441986083984375" lon="14.2124584503471851348876953125">
        <ele>4.599999904632568359375</ele>
        <time>2026-07-17T17:15:48.000Z</time>
        <extensions>
          <ns3:TrackPointExtension>
            <ns3:atemp>26.0</ns3:atemp>
            <ns3:cad>49</ns3:cad>
          </ns3:TrackPointExtension>
        </extensions>
      </trkpt>
      <trkpt lat="55.81592939794063568115234375" lon="14.21252894215285778045654296875">
        <ele>4.599999904632568359375</ele>
        <time>2026-07-17T17:15:54.000Z</time>
        <extensions>
          <ns3:TrackPointExtension>
            <ns3:atemp>26.0</ns3:atemp>
            <ns3:cad>50</ns3:cad>
          </ns3:TrackPointExtension>
        </extensions>
      </trkpt>
      <trkpt lat="55.81600315868854522705078125" lon="14.2125224880874156951904296875">
        <ele>4.400000095367431640625</ele>
        <time>2026-07-17T17:16:00.000Z</time>
        <extensions>
          <ns3:TrackPointExtension>
            <ns3:atemp>26.0</ns3:atemp>
            <ns3:cad>51</ns3:cad>
          </ns3:TrackPointExtension>
        </extensions>
      </trkpt>
      <trkpt lat="55.81601531244814395904541015625" lon="14.21252332627773284912109375">
        <ele>4.400000095367431640625</ele>
        <time>2026-07-17T17:16:01.000Z</time>
        <extensions>
          <ns3:TrackPointExtension>
            <ns3:atemp>26.0</ns3:atemp>
            <ns3:cad>51</ns3:cad>
          </ns3:TrackPointExtension>
        </extensions>
      </trkpt>
      <trkpt lat="55.8169105835258960723876953125" lon="14.2133278213441371917724609375">
        <ele>4.80000019073486328125</ele>
        <time>2026-07-17T17:17:43.000Z</time>
        <extensions>
          <ns3:TrackPointExtension>
            <ns3:atemp>26.0</ns3:atemp>
            <ns3:cad>43</ns3:cad>
          </ns3:TrackPointExtension>
        </extensions>
      </trkpt>
      <trkpt lat="55.81694654189050197601318359375" lon="14.213355146348476409912109375">
        <ele>5</ele>
        <time>2026-07-17T17:17:44.000Z</time>
        <extensions>
          <ns3:TrackPointExtension>
            <ns3:atemp>26.0</ns3:atemp>
            <ns3:cad>43</ns3:cad>
          </ns3:TrackPointExtension>
        </extensions>
      </trkpt>
      <trkpt lat="55.81703052856028079986572265625" lon="14.21335170976817607879638671875">
        <ele>5.19999980926513671875</ele>
        <time>2026-07-17T17:17:45.000Z</time>
        <extensions>
          <ns3:TrackPointExtension>
            <ns3:atemp>26.0</ns3:atemp>
            <ns3:cad>43</ns3:cad>
          </ns3:TrackPointExtension>
        </extensions>
      </trkpt>
      <trkpt lat="55.81707361154258251190185546875" lon="14.2134538851678371429443359375">
        <ele>5.80000019073486328125</ele>
        <time>2026-07-17T17:17:51.000Z</time>
        <extensions>
          <ns3:TrackPointExtension>
            <ns3:atemp>26.0</ns3:atemp>
            <ns3:cad>43</ns3:cad>
          </ns3:TrackPointExtension>
        </extensions>
      </trkpt>
      <trkpt lat="55.81708936952054500579833984375" lon="14.2134855687618255615234375">
        <ele>6.19999980926513671875</ele>
        <time>2026-07-17T17:17:53.000Z</time>
        <extensions>
          <ns3:TrackPointExtension>
            <ns3:atemp>26.0</ns3:atemp>
            <ns3:cad>44</ns3:cad>
          </ns3:TrackPointExtension>
        </extensions>
      </trkpt>
      <trkpt lat="55.81709020771086215972900390625" lon="14.2135633528232574462890625">
        <ele>7</ele>
        <time>2026-07-17T17:17:59.000Z</time>
        <extensions>
          <ns3:TrackPointExtension>
            <ns3:atemp>26.0</ns3:atemp>
            <ns3:cad>0</ns3:cad>
          </ns3:TrackPointExtension>
        </extensions>
      </trkpt>
      <trkpt lat="55.81708610057830810546875" lon="14.21356745995581150054931640625">
        <ele>7.19999980926513671875</ele>
        <time>2026-07-17T17:18:00.000Z</time>
        <extensions>
          <ns3:TrackPointExtension>
            <ns3:atemp>26.0</ns3:atemp>
            <ns3:cad>0</ns3:cad>
          </ns3:TrackPointExtension>
        </extensions>
      </trkpt>
      <trkpt lat="55.81708610057830810546875" lon="14.21356712467968463897705078125">
        <ele>7.19999980926513671875</ele>
        <time>2026-07-17T17:18:01.000Z</time>
        <extensions>
          <ns3:TrackPointExtension>
            <ns3:atemp>26.0</ns3:atemp>
            <ns3:cad>0</ns3:cad>
          </ns3:TrackPointExtension>
        </extensions>
      </trkpt>
      <trkpt lat="55.81693916581571102142333984375" lon="14.21363837085664272308349609375">
        <ele>6.400000095367431640625</ele>
        <time>2026-07-17T17:19:43.000Z</time>
        <extensions>
          <ns3:TrackPointExtension>
            <ns3:atemp>25.0</ns3:atemp>
            <ns3:cad>0</ns3:cad>
          </ns3:TrackPointExtension>
        </extensions>
      </trkpt>
      <trkpt lat="55.8169420994818210601806640625" lon="14.21358506195247173309326171875">
        <ele>6.400000095367431640625</ele>
        <time>2026-07-17T17:19:48.000Z</time>
        <extensions>
          <ns3:TrackPointExtension>
            <ns3:atemp>25.0</ns3:atemp>
            <ns3:cad>0</ns3:cad>
          </ns3:TrackPointExtension>
        </extensions>
      </trkpt>
      <trkpt lat="55.816926844418048858642578125" lon="14.21359931118786334991455078125">
        <ele>6.19999980926513671875</ele>
        <time>2026-07-17T17:19:54.000Z</time>
        <extensions>
          <ns3:TrackPointExtension>
            <ns3:atemp>25.0</ns3:atemp>
            <ns3:cad>0</ns3:cad>
          </ns3:TrackPointExtension>
        </extensions>
      </trkpt>
      <trkpt lat="55.81692877225577831268310546875" lon="14.21362412162125110626220703125">
        <ele>6.19999980926513671875</ele>
        <time>2026-07-17T17:19:57.000Z</time>
        <extensions>
          <ns3:TrackPointExtension>
            <ns3:atemp>25.0</ns3:atemp>
            <ns3:cad>0</ns3:cad>
          </ns3:TrackPointExtension>
        </extensions>
      </trkpt>
      <trkpt lat="55.816942267119884490966796875" lon="14.2137120477855205535888671875">
        <ele>6.19999980926513671875</ele>
        <time>2026-07-17T17:20:03.000Z</time>
        <extensions>
          <ns3:TrackPointExtension>
            <ns3:atemp>25.0</ns3:atemp>
            <ns3:cad>0</ns3:cad>
          </ns3:TrackPointExtension>
        </extensions>
      </trkpt>
      <trkpt lat="55.81695400178432464599609375" lon="14.21361674554646015167236328125">
        <ele>6.599999904632568359375</ele>
        <time>2026-07-17T17:21:43.000Z</time>
        <extensions>
          <ns3:TrackPointExtension>
            <ns3:atemp>25.0</ns3:atemp>
            <ns3:cad>0</ns3:cad>
          </ns3:TrackPointExtension>
        </extensions>
      </trkpt>
      <trkpt lat="55.8169773034751415252685546875" lon="14.213620014488697052001953125">
        <ele>6.400000095367431640625</ele>
        <time>2026-07-17T17:21:49.000Z</time>
        <extensions>
          <ns3:TrackPointExtension>
            <ns3:atemp>26.0</ns3:atemp>
            <ns3:cad>0</ns3:cad>
          </ns3:TrackPointExtension>
        </extensions>
      </trkpt>
      <trkpt lat="55.81696984358131885528564453125" lon="14.21362437307834625244140625">
        <ele>6.400000095367431640625</ele>
        <time>2026-07-17T17:21:51.000Z</time>
        <extensions>
          <ns3:TrackPointExtension>
            <ns3:atemp>25.0</ns3:atemp>
            <ns3:cad>0</ns3:cad>
          </ns3:TrackPointExtension>
        </extensions>
      </trkpt>
      <trkpt lat="55.81693665124475955963134765625" lon="14.213621355593204498291015625">
        <ele>6.599999904632568359375</ele>
        <time>2026-07-17T17:21:57.000Z</time>
        <extensions>
          <ns3:TrackPointExtension>
            <ns3:atemp>26.0</ns3:atemp>
            <ns3:cad>0</ns3:cad>
          </ns3:TrackPointExtension>
        </extensions>
      </trkpt>
      <trkpt lat="55.81693061627447605133056640625" lon="14.2136148177087306976318359375">
        <ele>6.599999904632568359375</ele>
        <time>2026-07-17T17:22:00.000Z</time>
        <extensions>
          <ns3:TrackPointExtension>
            <ns3:atemp>26.0</ns3:atemp>
            <ns3:cad>0</ns3:cad>
          </ns3:TrackPointExtension>
        </extensions>
      </trkpt>
    </trkseg>
  <trkseg>
      <trkpt lat="55.81694637425243854522705078125" lon="14.21370140276849269866943359375">
        <ele>4.599999904632568359375</ele>
        <time>2026-07-18T04:38:56.000Z</time>
        <extensions>
          <ns3:TrackPointExtension>
            <ns3:atemp>28.0</ns3:atemp>
            <ns3:hr>71</ns3:hr>
            <ns3:cad>0</ns3:cad>
          </ns3:TrackPointExtension>
        </extensions>
      </trkpt>
      <trkpt lat="55.81694134511053562164306640625" lon="14.2137113772332668304443359375">
        <ele>4.599999904632568359375</ele>
        <time>2026-07-18T04:38:57.000Z</time>
        <extensions>
          <ns3:TrackPointExtension>
            <ns3:atemp>28.0</ns3:atemp>
            <ns3:hr>74</ns3:hr>
            <ns3:cad>0</ns3:cad>
          </ns3:TrackPointExtension>
        </extensions>
      </trkpt>
      <trkpt lat="55.8169560134410858154296875" lon="14.21372839249670505523681640625">
        <ele>4.599999904632568359375</ele>
        <time>2026-07-18T04:39:03.000Z</time>
        <extensions>
          <ns3:TrackPointExtension>
            <ns3:atemp>28.0</ns3:atemp>
            <ns3:hr>77</ns3:hr>
            <ns3:cad>0</ns3:cad>
          </ns3:TrackPointExtension>
        </extensions>
      </trkpt>
      <trkpt lat="55.81696146167814731597900390625" lon="14.21372135169804096221923828125">
        <ele>4.599999904632568359375</ele>
        <time>2026-07-18T04:39:05.000Z</time>
        <extensions>
          <ns3:TrackPointExtension>
            <ns3:atemp>28.0</ns3:atemp>
            <ns3:hr>80</ns3:hr>
            <ns3:cad>0</ns3:cad>
          </ns3:TrackPointExtension>
        </extensions>
      </trkpt>
      <trkpt lat="55.8169595338404178619384765625" lon="14.21372420154511928558349609375">
        <ele>4.80000019073486328125</ele>
        <time>2026-07-18T04:39:07.000Z</time>
        <extensions>
          <ns3:TrackPointExtension>
            <ns3:atemp>28.0</ns3:atemp>
            <ns3:hr>77</ns3:hr>
            <ns3:cad>0</ns3:cad>
          </ns3:TrackPointExtension>
        </extensions>
      </trkpt>
      <trkpt lat="55.81695743836462497711181640625" lon="14.2137241177260875701904296875">
        <ele>4.599999904632568359375</ele>
        <time>2026-07-18T04:39:08.000Z</time>
        <extensions>
          <ns3:TrackPointExtension>
            <ns3:atemp>28.0</ns3:atemp>
            <ns3:hr>80</ns3:hr>
            <ns3:cad>0</ns3:cad>
          </ns3:TrackPointExtension>
        </extensions>
      </trkpt>
      <trkpt lat="55.81696582026779651641845703125" lon="14.21373903751373291015625">
        <ele>4.400000095367431640625</ele>
        <time>2026-07-18T04:39:12.000Z</time>
        <extensions>
          <ns3:TrackPointExtension>
            <ns3:atemp>28.0</ns3:atemp>
            <ns3:hr>83</ns3:hr>
            <ns3:cad>0</ns3:cad>
          </ns3:TrackPointExtension>
        </extensions>
      </trkpt>
      <trkpt lat="55.81696833483874797821044921875" lon="14.21373995952308177947998046875">
        <ele>4.400000095367431640625</ele>
        <time>2026-07-18T04:39:13.000Z</time>
        <extensions>
          <ns3:TrackPointExtension>
            <ns3:atemp>28.0</ns3:atemp>
            <ns3:hr>85</ns3:hr>
            <ns3:cad>0</ns3:cad>
          </ns3:TrackPointExtension>
        </extensions>
      </trkpt>
      <trkpt lat="55.81697680056095123291015625" lon="14.21373928897082805633544921875">
        <ele>4.80000019073486328125</ele>
        <time>2026-07-18T04:39:17.000Z</time>
        <extensions>
          <ns3:TrackPointExtension>
            <ns3:atemp>28.0</ns3:atemp>
            <ns3:hr>81</ns3:hr>
            <ns3:cad>0</ns3:cad>
          </ns3:TrackPointExtension>
        </extensions>
      </trkpt>
      <trkpt lat="55.81697680056095123291015625" lon="14.21374448575079441070556640625">
        <ele>4.80000019073486328125</ele>
        <time>2026-07-18T04:39:18.000Z</time>
        <extensions>
          <ns3:TrackPointExtension>
            <ns3:atemp>28.0</ns3:atemp>
            <ns3:hr>84</ns3:hr>
            <ns3:cad>0</ns3:cad>
          </ns3:TrackPointExtension>
        </extensions>
      </trkpt>
      <trkpt lat="55.816978476941585540771484375" lon="14.21375035308301448822021484375">
        <ele>4.80000019073486328125</ele>
        <time>2026-07-18T04:39:20.000Z</time>
        <extensions>
          <ns3:TrackPointExtension>
            <ns3:atemp>28.0</ns3:atemp>
            <ns3:hr>84</ns3:hr>
            <ns3:cad>0</ns3:cad>
          </ns3:TrackPointExtension>
        </extensions>
      </trkpt>
      <trkpt lat="55.816975794732570648193359375" lon="14.213760159909725189208984375">
        <ele>4.80000019073486328125</ele>
        <time>2026-07-18T04:39:26.000Z</time>
        <extensions>
          <ns3:TrackPointExtension>
            <ns3:atemp>28.0</ns3:atemp>
            <ns3:hr>85</ns3:hr>
            <ns3:cad>0</ns3:cad>
          </ns3:TrackPointExtension>
        </extensions>
      </trkpt>
      <trkpt lat="55.816975794732570648193359375" lon="14.213760159909725189208984375">
        <ele>4.80000019073486328125</ele>
        <time>2026-07-18T04:39:27.000Z</time>
        <extensions>
          <ns3:TrackPointExtension>
            <ns3:atemp>28.0</ns3:atemp>
            <ns3:hr>85</ns3:hr>
            <ns3:cad>0</ns3:cad>
          </ns3:TrackPointExtension>
        </extensions>
      </trkpt>
      <trkpt lat="55.81697638146579265594482421875" lon="14.213760159909725189208984375">
        <ele>4.80000019073486328125</ele>
        <time>2026-07-18T04:39:33.000Z</time>
        <extensions>
          <ns3:TrackPointExtension>
            <ns3:atemp>28.0</ns3:atemp>
            <ns3:hr>87</ns3:hr>
            <ns3:cad>0</ns3:cad>
          </ns3:TrackPointExtension>
        </extensions>
      </trkpt>
      <trkpt lat="55.81697705201804637908935546875" lon="14.213760159909725189208984375">
        <ele>4.80000019073486328125</ele>
        <time>2026-07-18T04:39:39.000Z</time>
        <extensions>
          <ns3:TrackPointExtension>
            <ns3:atemp>28.0</ns3:atemp>
            <ns3:hr>87</ns3:hr>
            <ns3:cad>0</ns3:cad>
          </ns3:TrackPointExtension>
        </extensions>
      </trkpt>
      <trkpt lat="55.81697772257030010223388671875" lon="14.213760159909725189208984375">
        <ele>4.80000019073486328125</ele>
        <time>2026-07-18T04:39:43.000Z</time>
        <extensions>
          <ns3:TrackPointExtension>
            <ns3:atemp>28.0</ns3:atemp>
            <ns3:hr>90</ns3:hr>
            <ns3:cad>0</ns3:cad>
          </ns3:TrackPointExtension>
        </extensions>
      </trkpt>
      <trkpt lat="55.81697789020836353302001953125" lon="14.21376259066164493560791015625">
        <ele>4.80000019073486328125</ele>
        <time>2026-07-18T04:39:49.000Z</time>
        <extensions>
          <ns3:TrackPointExtension>
            <ns3:atemp>28.0</ns3:atemp>
            <ns3:hr>92</ns3:hr>
            <ns3:cad>0</ns3:cad>
          </ns3:TrackPointExtension>
        </extensions>
      </trkpt>
      <trkpt lat="55.816977806389331817626953125" lon="14.21376091428101062774658203125">
        <ele>5</ele>
        <time>2026-07-18T04:39:55.000Z</time>
        <extensions>
          <ns3:TrackPointExtension>
            <ns3:atemp>28.0</ns3:atemp>
            <ns3:hr>91</ns3:hr>
            <ns3:cad>71</ns3:cad>
          </ns3:TrackPointExtension>
        </extensions>
      </trkpt>
      <trkpt lat="55.81697990186512470245361328125" lon="14.2137537896633148193359375">
        <ele>5</ele>
        <time>2026-07-18T04:40:01.000Z</time>
        <extensions>
          <ns3:TrackPointExtension>
            <ns3:atemp>28.0</ns3:atemp>
            <ns3:hr>92</ns3:hr>
            <ns3:cad>0</ns3:cad>
          </ns3:TrackPointExtension>
        </extensions>
      </trkpt>
      <trkpt lat="55.8169806562364101409912109375" lon="14.21372017823159694671630859375">
        <ele>5.19999980926513671875</ele>
        <time>2026-07-18T04:40:06.000Z</time>
        <extensions>
          <ns3:TrackPointExtension>
            <ns3:atemp>28.0</ns3:atemp>
            <ns3:hr>89</ns3:hr>
            <ns3:cad>0</ns3:cad>
          </ns3:TrackPointExtension>
        </extensions>
      </trkpt>
      <trkpt lat="55.8169806562364101409912109375" lon="14.21371028758585453033447265625">
        <ele>5.19999980926513671875</ele>
        <time>2026-07-18T04:40:12.000Z</time>
        <extensions>
          <ns3:TrackPointExtension>
            <ns3:atemp>28.0</ns3:atemp>
            <ns3:hr>88</ns3:hr>
            <ns3:cad>0</ns3:cad>
          </ns3:TrackPointExtension>
        </extensions>
      </trkpt>
      <trkpt lat="55.81698191352188587188720703125" lon="14.2137043364346027374267578125">
        <ele>5.599999904632568359375</ele>
        <time>2026-07-18T04:40:18.000Z</time>
        <extensions>
          <ns3:TrackPointExtension>
            <ns3:atemp>28.0</ns3:atemp>
            <ns3:hr>88</ns3:hr>
            <ns3:cad>0</ns3:cad>
          </ns3:TrackPointExtension>
        </extensions>
      </trkpt>
      <trkpt lat="55.8169974200427532196044921875" lon="14.2136724852025508880615234375">
        <ele>5.80000019073486328125</ele>
        <time>2026-07-18T04:40:22.000Z</time>
        <extensions>
          <ns3:TrackPointExtension>
            <ns3:atemp>28.0</ns3:atemp>
            <ns3:hr>91</ns3:hr>
            <ns3:cad>0</ns3:cad>
          </ns3:TrackPointExtension>
        </extensions>
      </trkpt>
      <trkpt lat="55.81701963208615779876708984375" lon="14.21361096203327178955078125">
        <ele>6</ele>
        <time>2026-07-18T04:40:25.000Z</time>
        <extensions>
          <ns3:TrackPointExtension>
            <ns3:atemp>28.0</ns3:atemp>
            <ns3:hr>91</ns3:hr>
            <ns3:cad>44</ns3:cad>
          </ns3:TrackPointExtension>
        </extensions>
      </trkpt>
      <trkpt lat="55.81701644696295261383056640625" lon="14.213473163545131683349609375">
        <ele>5.599999904632568359375</ele>
        <time>2026-07-18T04:40:31.000Z</time>
        <extensions>
          <ns3:TrackPointExtension>
            <ns3:atemp>28.0</ns3:atemp>
            <ns3:hr>91</ns3:hr>
            <ns3:cad>50</ns3:cad>
          </ns3:TrackPointExtension>
        </extensions>
      </trkpt>
      <trkpt lat="55.81701108254492282867431640625" lon="14.2134533822536468505859375">
        <ele>5.19999980926513671875</ele>
        <time>2026-07-18T04:40:32.000Z</time>
        <extensions>
          <ns3:TrackPointExtension>
            <ns3:atemp>28.0</ns3:atemp>
            <ns3:hr>91</ns3:hr>
            <ns3:cad>50</ns3:cad>
          </ns3:TrackPointExtension>
        </extensions>
      </trkpt>
      <trkpt lat="55.81700454466044902801513671875" lon="14.213414490222930908203125">
        <ele>5</ele>
        <time>2026-07-18T04:40:34.000Z</time>
        <extensions>
          <ns3:TrackPointExtension>
            <ns3:atemp>28.0</ns3:atemp>
            <ns3:hr>91</ns3:hr>
            <ns3:cad>50</ns3:cad>
          </ns3:TrackPointExtension>
        </extensions>
      </trkpt>
      <trkpt lat="55.8169873617589473724365234375" lon="14.2133170925080776214599609375">
        <ele>4.599999904632568359375</ele>
        <time>2026-07-18T04:40:39.000Z</time>
        <extensions>
          <ns3:TrackPointExtension>
            <ns3:atemp>28.0</ns3:atemp>
            <ns3:hr>91</ns3:hr>
            <ns3:cad>49</ns3:cad>
          </ns3:TrackPointExtension>
        </extensions>
      </trkpt>
      <trkpt lat="55.81698275171220302581787109375" lon="14.2132949642837047576904296875">
        <ele>4.400000095367431640625</ele>
        <time>2026-07-18T04:40:40.000Z</time>
        <extensions>
          <ns3:TrackPointExtension>
            <ns3:atemp>28.0</ns3:atemp>
            <ns3:hr>91</ns3:hr>
            <ns3:cad>49</ns3:cad>
          </ns3:TrackPointExtension>
        </extensions>
      </trkpt>
      <trkpt lat="55.81697537563741207122802734375" lon="14.2132520489394664764404296875">
        <ele>4.19999980926513671875</ele>
        <time>2026-07-18T04:40:42.000Z</time>
        <extensions>
          <ns3:TrackPointExtension>
            <ns3:atemp>28.0</ns3:atemp>
            <ns3:hr>88</ns3:hr>
            <ns3:cad>49</ns3:cad>
          </ns3:TrackPointExtension>
        </extensions>
      </trkpt>
      <trkpt lat="55.81697135232388973236083984375" lon="14.2131913639605045318603515625">
        <ele>3.7999999523162841796875</ele>
        <time>2026-07-18T04:40:45.000Z</time>
        <extensions>
          <ns3:TrackPointExtension>
            <ns3:atemp>28.0</ns3:atemp>
            <ns3:hr>90</ns3:hr>
            <ns3:cad>47</ns3:cad>
          </ns3:TrackPointExtension>
        </extensions>
      </trkpt>
      <trkpt lat="55.8169749565422534942626953125" lon="14.21316747553646564483642578125">
        <ele>3.599999904632568359375</ele>
        <time>2026-07-18T04:40:46.000Z</time>
        <extensions>
          <ns3:TrackPointExtension>
            <ns3:atemp>28.0</ns3:atemp>
            <ns3:hr>87</ns3:hr>
            <ns3:cad>47</ns3:cad>
          </ns3:TrackPointExtension>
        </extensions>
      </trkpt>
      <trkpt lat="55.81697881221771240234375" lon="14.213141240179538726806640625">
        <ele>3.599999904632568359375</ele>
        <time>2026-07-18T04:40:47.000Z</time>
        <extensions>
          <ns3:TrackPointExtension>
            <ns3:atemp>28.0</ns3:atemp>
            <ns3:hr>88</ns3:hr>
            <ns3:cad>47</ns3:cad>
          </ns3:TrackPointExtension>
        </extensions>
      </trkpt>
      <trkpt lat="55.816984511911869049072265625" lon="14.21306421048939228057861328125">
        <ele>3.400000095367431640625</ele>
        <time>2026-07-18T04:40:49.000Z</time>
        <extensions>
          <ns3:TrackPointExtension>
            <ns3:atemp>28.0</ns3:atemp>
            <ns3:hr>89</ns3:hr>
            <ns3:cad>47</ns3:cad>
          </ns3:TrackPointExtension>
        </extensions>
      </trkpt>
      <trkpt lat="55.8169863559305667877197265625" lon="14.213037304580211639404296875">
        <ele>3.400000095367431640625</ele>
        <time>2026-07-18T04:40:50.000Z</time>
        <extensions>
          <ns3:TrackPointExtension>
            <ns3:atemp>28.0</ns3:atemp>
            <ns3:hr>93</ns3:hr>
            <ns3:cad>47</ns3:cad>
          </ns3:TrackPointExtension>
        </extensions>
      </trkpt>
      <trkpt lat="55.816983841359615325927734375" lon="14.21300704590976238250732421875">
        <ele>3.400000095367431640625</ele>
        <time>2026-07-18T04:40:52.000Z</time>
        <extensions>
          <ns3:TrackPointExtension>
            <ns3:atemp>28.0</ns3:atemp>
            <ns3:hr>93</ns3:hr>
            <ns3:cad>47</ns3:cad>
          </ns3:TrackPointExtension>
        </extensions>
      </trkpt>
      <trkpt lat="55.8170044608414173126220703125" lon="14.2129767872393131256103515625">
        <ele>4</ele>
        <time>2026-07-18T04:40:58.000Z</time>
        <extensions>
          <ns3:TrackPointExtension>
            <ns3:atemp>27.0</ns3:atemp>
            <ns3:hr>93</ns3:hr>
            <ns3:cad>42</ns3:cad>
          </ns3:TrackPointExtension>
        </extensions>
      </trkpt>
      <trkpt lat="55.81700588576495647430419921875" lon="14.21296111308038234710693359375">
        <ele>4</ele>
        <time>2026-07-18T04:40:59.000Z</time>
        <extensions>
          <ns3:TrackPointExtension>
            <ns3:atemp>28.0</ns3:atemp>
            <ns3:hr>92</ns3:hr>
            <ns3:cad>43</ns3:cad>
          </ns3:TrackPointExtension>
        </extensions>
      </trkpt>
      <trkpt lat="55.81700890325009822845458984375" lon="14.21290780417621135711669921875">
        <ele>4.19999980926513671875</ele>
        <time>2026-07-18T04:41:02.000Z</time>
        <extensions>
          <ns3:TrackPointExtension>
            <ns3:atemp>27.0</ns3:atemp>
            <ns3:hr>91</ns3:hr>
            <ns3:cad>44</ns3:cad>
          </ns3:TrackPointExtension>
        </extensions>
      </trkpt>
      <trkpt lat="55.81700823269784450531005859375" lon="14.21284519135951995849609375">
        <ele>4.19999980926513671875</ele>
        <time>2026-07-18T04:41:07.000Z</time>
        <extensions>
          <ns3:TrackPointExtension>
            <ns3:atemp>27.0</ns3:atemp>
            <ns3:hr>91</ns3:hr>
            <ns3:cad>45</ns3:cad>
          </ns3:TrackPointExtension>
        </extensions>
      </trkpt>
      <trkpt lat="55.81700806505978107452392578125" lon="14.21282884664833545684814453125">
        <ele>4.19999980926513671875</ele>
        <time>2026-07-18T04:41:08.000Z</time>
        <extensions>
          <ns3:TrackPointExtension>
            <ns3:atemp>27.0</ns3:atemp>
            <ns3:hr>91</ns3:hr>
            <ns3:cad>45</ns3:cad>
          </ns3:TrackPointExtension>
        </extensions>
      </trkpt>
      <trkpt lat="55.8169935643672943115234375" lon="14.2127774655818939208984375">
        <ele>4.19999980926513671875</ele>
        <time>2026-07-18T04:41:11.000Z</time>
        <extensions>
          <ns3:TrackPointExtension>
            <ns3:atemp>27.0</ns3:atemp>
            <ns3:hr>92</ns3:hr>
            <ns3:cad>44</ns3:cad>
          </ns3:TrackPointExtension>
        </extensions>
      </trkpt>
      <trkpt lat="55.8169779740273952484130859375" lon="14.2127560079097747802734375">
        <ele>4.19999980926513671875</ele>
        <time>2026-07-18T04:41:13.000Z</time>
        <extensions>
          <ns3:TrackPointExtension>
            <ns3:atemp>27.0</ns3:atemp>
            <ns3:hr>91</ns3:hr>
            <ns3:cad>47</ns3:cad>
          </ns3:TrackPointExtension>
        </extensions>
      </trkpt>
      <trkpt lat="55.81692877225577831268310546875" lon="14.2127474583685398101806640625">
        <ele>4.19999980926513671875</ele>
        <time>2026-07-18T04:41:19.000Z</time>
        <extensions>
          <ns3:TrackPointExtension>
            <ns3:atemp>27.0</ns3:atemp>
            <ns3:hr>91</ns3:hr>
            <ns3:cad>46</ns3:cad>
          </ns3:TrackPointExtension>
        </extensions>
      </trkpt>
      <trkpt lat="55.8169162832200527191162109375" lon="14.2127487994730472564697265625">
        <ele>4.19999980926513671875</ele>
        <time>2026-07-18T04:41:21.000Z</time>
        <extensions>
          <ns3:TrackPointExtension>
            <ns3:atemp>27.0</ns3:atemp>
            <ns3:hr>91</ns3:hr>
            <ns3:cad>47</ns3:cad>
          </ns3:TrackPointExtension>
        </extensions>
      </trkpt>
      <trkpt lat="55.81689440645277500152587890625" lon="14.21273195184767246246337890625">
        <ele>4.19999980926513671875</ele>
        <time>2026-07-18T04:41:23.000Z</time>
        <extensions>
          <ns3:TrackPointExtension>
            <ns3:atemp>27.0</ns3:atemp>
            <ns3:hr>93</ns3:hr>
            <ns3:cad>47</ns3:cad>
          </ns3:TrackPointExtension>
        </extensions>
      </trkpt>
      <trkpt lat="55.81683975644409656524658203125" lon="14.21275123022496700286865234375">
        <ele>4.19999980926513671875</ele>
        <time>2026-07-18T04:41:28.000Z</time>
        <extensions>
          <ns3:TrackPointExtension>
            <ns3:atemp>27.0</ns3:atemp>
            <ns3:hr>90</ns3:hr>
            <ns3:cad>0</ns3:cad>
          </ns3:TrackPointExtension>
        </extensions>
      </trkpt>
      <trkpt lat="55.816831625998020172119140625" lon="14.2127541638910770416259765625">
        <ele>4.19999980926513671875</ele>
        <time>2026-07-18T04:41:29.000Z</time>
        <extensions>
          <ns3:TrackPointExtension>
            <ns3:atemp>27.0</ns3:atemp>
            <ns3:hr>87</ns3:hr>
            <ns3:cad>0</ns3:cad>
          </ns3:TrackPointExtension>
        </extensions>
      </trkpt>
      <trkpt lat="55.8168237470090389251708984375" lon="14.2127534933388233184814453125">
        <ele>4.19999980926513671875</ele>
        <time>2026-07-18T04:41:30.000Z</time>
        <extensions>
          <ns3:TrackPointExtension>
            <ns3:atemp>27.0</ns3:atemp>
            <ns3:hr>85</ns3:hr>
            <ns3:cad>47</ns3:cad>
          </ns3:TrackPointExtension>
        </extensions>
      </trkpt>
      <trkpt lat="55.8168043009936809539794921875" lon="14.21275391243398189544677734375">
        <ele>4.19999980926513671875</ele>
        <time>2026-07-18T04:41:32.000Z</time>
        <extensions>
          <ns3:TrackPointExtension>
            <ns3:atemp>27.0</ns3:atemp>
            <ns3:hr>82</ns3:hr>
            <ns3:cad>48</ns3:cad>
          </ns3:TrackPointExtension>
        </extensions>
      </trkpt>
      <trkpt lat="55.8167861960828304290771484375" lon="14.21273932792246341705322265625">
        <ele>4.400000095367431640625</ele>
        <time>2026-07-18T04:41:34.000Z</time>
        <extensions>
          <ns3:TrackPointExtension>
            <ns3:atemp>27.0</ns3:atemp>
            <ns3:hr>87</ns3:hr>
            <ns3:cad>46</ns3:cad>
          </ns3:TrackPointExtension>
        </extensions>
      </trkpt>
      <trkpt lat="55.81677488051354885101318359375" lon="14.21272491104900836944580078125">
        <ele>4.400000095367431640625</ele>
        <time>2026-07-18T04:41:35.000Z</time>
        <extensions>
          <ns3:TrackPointExtension>
            <ns3:atemp>27.0</ns3:atemp>
            <ns3:hr>87</ns3:hr>
            <ns3:cad>46</ns3:cad>
          </ns3:TrackPointExtension>
        </extensions>
      </trkpt>
      <trkpt lat="55.81674872897565364837646484375" lon="14.21270999126136302947998046875">
        <ele>4.400000095367431640625</ele>
        <time>2026-07-18T04:41:38.000Z</time>
        <extensions>
          <ns3:TrackPointExtension>
            <ns3:atemp>27.0</ns3:atemp>
            <ns3:hr>88</ns3:hr>
            <ns3:cad>46</ns3:cad>
          </ns3:TrackPointExtension>
        </extensions>
      </trkpt>
      <trkpt lat="55.81671872176229953765869140625" lon="14.2126924730837345123291015625">
        <ele>4.599999904632568359375</ele>
        <time>2026-07-18T04:41:41.000Z</time>
        <extensions>
          <ns3:TrackPointExtension>
            <ns3:atemp>27.0</ns3:atemp>
            <ns3:hr>88</ns3:hr>
            <ns3:cad>46</ns3:cad>
          </ns3:TrackPointExtension>
        </extensions>
      </trkpt>
      <trkpt lat="55.81669793464243412017822265625" lon="14.2126656509935855865478515625">
        <ele>4.599999904632568359375</ele>
        <time>2026-07-18T04:41:43.000Z</time>
        <extensions>
          <ns3:TrackPointExtension>
            <ns3:atemp>27.0</ns3:atemp>
            <ns3:hr>90</ns3:hr>
            <ns3:cad>45</ns3:cad>
          </ns3:TrackPointExtension>
        </extensions>
      </trkpt>
      <trkpt lat="55.81665853969752788543701171875" lon="14.21262332238256931304931640625">
        <ele>4.599999904632568359375</ele>
        <time>2026-07-18T04:41:47.000Z</time>
        <extensions>
          <ns3:TrackPointExtension>
            <ns3:atemp>27.0</ns3:atemp>
            <ns3:hr>87</ns3:hr>
            <ns3:cad>46</ns3:cad>
          </ns3:TrackPointExtension>
        </extensions>
      </trkpt>
      <trkpt lat="55.81664286553859710693359375" lon="14.212601445615291595458984375">
        <ele>4.599999904632568359375</ele>
        <time>2026-07-18T04:41:49.000Z</time>
        <extensions>
          <ns3:TrackPointExtension>
            <ns3:atemp>27.0</ns3:atemp>
            <ns3:hr>86</ns3:hr>
            <ns3:cad>46</ns3:cad>
          </ns3:TrackPointExtension>
        </extensions>
      </trkpt>
      <trkpt lat="55.81658184528350830078125" lon="14.21256733126938343048095703125">
        <ele>4.80000019073486328125</ele>
        <time>2026-07-18T04:41:55.000Z</time>
        <extensions>
          <ns3:TrackPointExtension>
            <ns3:atemp>27.0</ns3:atemp>
            <ns3:hr>87</ns3:hr>
            <ns3:cad>47</ns3:cad>
          </ns3:TrackPointExtension>
        </extensions>
      </trkpt>
      <trkpt lat="55.8165273629128932952880859375" lon="14.21255140565335750579833984375">
        <ele>4.599999904632568359375</ele>
        <time>2026-07-18T04:42:00.000Z</time>
        <extensions>
          <ns3:TrackPointExtension>
            <ns3:atemp>27.0</ns3:atemp>
            <ns3:hr>87</ns3:hr>
            <ns3:cad>49</ns3:cad>
          </ns3:TrackPointExtension>
        </extensions>
      </trkpt>
      <trkpt lat="55.816516466438770294189453125" lon="14.21255643479526042938232421875">
        <ele>4.599999904632568359375</ele>
        <time>2026-07-18T04:42:01.000Z</time>
        <extensions>
          <ns3:TrackPointExtension>
            <ns3:atemp>27.0</ns3:atemp>
            <ns3:hr>90</ns3:hr>
            <ns3:cad>49</ns3:cad>
          </ns3:TrackPointExtension>
        </extensions>
      </trkpt>
      <trkpt lat="55.81644915975630283355712890625" lon="14.212596081197261810302734375">
        <ele>4.80000019073486328125</ele>
        <time>2026-07-18T04:42:07.000Z</time>
        <extensions>
          <ns3:TrackPointExtension>
            <ns3:atemp>27.0</ns3:atemp>
            <ns3:hr>89</ns3:hr>
            <ns3:cad>49</ns3:cad>
          </ns3:TrackPointExtension>
        </extensions>
      </trkpt>
      <trkpt lat="55.81642426550388336181640625" lon="14.21261510811746120452880859375">
        <ele>4.80000019073486328125</ele>
        <time>2026-07-18T04:42:09.000Z</time>
        <extensions>
          <ns3:TrackPointExtension>
            <ns3:atemp>27.0</ns3:atemp>
            <ns3:hr>88</ns3:hr>
            <ns3:cad>49</ns3:cad>
          </ns3:TrackPointExtension>
        </extensions>
      </trkpt>
      <trkpt lat="55.8163959346711635589599609375" lon="14.212624244391918182373046875">
        <ele>4.599999904632568359375</ele>
        <time>2026-07-18T04:42:11.000Z</time>
        <extensions>
          <ns3:TrackPointExtension>
            <ns3:atemp>27.0</ns3:atemp>
            <ns3:hr>88</ns3:hr>
            <ns3:cad>49</ns3:cad>
          </ns3:TrackPointExtension>
        </extensions>
      </trkpt>
      <trkpt lat="55.81633734516799449920654296875" lon="14.21259817667305469512939453125">
        <ele>4.80000019073486328125</ele>
        <time>2026-07-18T04:42:15.000Z</time>
        <extensions>
          <ns3:TrackPointExtension>
            <ns3:atemp>27.0</ns3:atemp>
            <ns3:hr>88</ns3:hr>
            <ns3:cad>48</ns3:cad>
          </ns3:TrackPointExtension>
        </extensions>
      </trkpt>
      <trkpt lat="55.816262662410736083984375" lon="14.21256481669843196868896484375">
        <ele>4.80000019073486328125</ele>
        <time>2026-07-18T04:42:21.000Z</time>
        <extensions>
          <ns3:TrackPointExtension>
            <ns3:atemp>27.0</ns3:atemp>
            <ns3:hr>89</ns3:hr>
            <ns3:cad>50</ns3:cad>
          </ns3:TrackPointExtension>
        </extensions>
      </trkpt>
      <trkpt lat="55.8162410371005535125732421875" lon="14.21257001347839832305908203125">
        <ele>4.80000019073486328125</ele>
        <time>2026-07-18T04:42:23.000Z</time>
        <extensions>
          <ns3:TrackPointExtension>
            <ns3:atemp>27.0</ns3:atemp>
            <ns3:hr>89</ns3:hr>
            <ns3:cad>50</ns3:cad>
          </ns3:TrackPointExtension>
        </extensions>
      </trkpt>
      <trkpt lat="55.81616015173494815826416015625" lon="14.21257336623966693878173828125">
        <ele>5</ele>
        <time>2026-07-18T04:42:29.000Z</time>
        <extensions>
          <ns3:TrackPointExtension>
            <ns3:atemp>27.0</ns3:atemp>
            <ns3:hr>89</ns3:hr>
            <ns3:cad>49</ns3:cad>
          </ns3:TrackPointExtension>
        </extensions>
      </trkpt>
      <trkpt lat="55.81612519919872283935546875" lon="14.21256481669843196868896484375">
        <ele>5</ele>
        <time>2026-07-18T04:42:32.000Z</time>
        <extensions>
          <ns3:TrackPointExtension>
            <ns3:atemp>27.0</ns3:atemp>
            <ns3:hr>90</ns3:hr>
            <ns3:cad>50</ns3:cad>
          </ns3:TrackPointExtension>
        </extensions>
      </trkpt>
      <trkpt lat="55.81611354835331439971923828125" lon="14.21256355941295623779296875">
        <ele>5</ele>
        <time>2026-07-18T04:42:33.000Z</time>
        <extensions>
          <ns3:TrackPointExtension>
            <ns3:atemp>27.0</ns3:atemp>
            <ns3:hr>88</ns3:hr>
            <ns3:cad>50</ns3:cad>
          </ns3:TrackPointExtension>
        </extensions>
      </trkpt>
      <trkpt lat="55.8160412125289440155029296875" lon="14.21253564767539501190185546875">
        <ele>5.400000095367431640625</ele>
        <time>2026-07-18T04:42:39.000Z</time>
        <extensions>
          <ns3:TrackPointExtension>
            <ns3:atemp>27.0</ns3:atemp>
            <ns3:hr>90</ns3:hr>
            <ns3:cad>50</ns3:cad>
          </ns3:TrackPointExtension>
        </extensions>
      </trkpt>
      <trkpt lat="55.81602998077869415283203125" lon="14.21252994798123836517333984375">
        <ele>5.400000095367431640625</ele>
        <time>2026-07-18T04:42:40.000Z</time>
        <extensions>
          <ns3:TrackPointExtension>
            <ns3:atemp>27.0</ns3:atemp>
            <ns3:hr>92</ns3:hr>
            <ns3:cad>50</ns3:cad>
          </ns3:TrackPointExtension>
        </extensions>
      </trkpt>
      <trkpt lat="55.8159543760120868682861328125" lon="14.2125037126243114471435546875">
        <ele>5.599999904632568359375</ele>
        <time>2026-07-18T04:42:46.000Z</time>
        <extensions>
          <ns3:TrackPointExtension>
            <ns3:atemp>27.0</ns3:atemp>
            <ns3:hr>90</ns3:hr>
            <ns3:cad>49</ns3:cad>
          </ns3:TrackPointExtension>
        </extensions>
      </trkpt>
      <trkpt lat="55.8159278891980648040771484375" lon="14.21248485334217548370361328125">
        <ele>5.599999904632568359375</ele>
        <time>2026-07-18T04:42:48.000Z</time>
        <extensions>
          <ns3:TrackPointExtension>
            <ns3:atemp>27.0</ns3:atemp>
            <ns3:hr>89</ns3:hr>
            <ns3:cad>49</ns3:cad>
          </ns3:TrackPointExtension>
        </extensions>
      </trkpt>
      <trkpt lat="55.8159005641937255859375" lon="14.21247345395386219024658203125">
        <ele>5.599999904632568359375</ele>
        <time>2026-07-18T04:42:50.000Z</time>
        <extensions>
          <ns3:TrackPointExtension>
            <ns3:atemp>27.0</ns3:atemp>
            <ns3:hr>89</ns3:hr>
            <ns3:cad>48</ns3:cad>
          </ns3:TrackPointExtension>
        </extensions>
      </trkpt>
      <trkpt lat="55.815847255289554595947265625" lon="14.2124569416046142578125">
        <ele>5.599999904632568359375</ele>
        <time>2026-07-18T04:42:54.000Z</time>
        <extensions>
          <ns3:TrackPointExtension>
            <ns3:atemp>27.0</ns3:atemp>
            <ns3:hr>86</ns3:hr>
            <ns3:cad>50</ns3:cad>
          </ns3:TrackPointExtension>
        </extensions>
      </trkpt>
      <trkpt lat="55.8158316649496555328369140625" lon="14.21245769597589969635009765625">
        <ele>5.599999904632568359375</ele>
        <time>2026-07-18T04:42:55.000Z</time>
        <extensions>
          <ns3:TrackPointExtension>
            <ns3:atemp>27.0</ns3:atemp>
            <ns3:hr>94</ns3:hr>
            <ns3:cad>50</ns3:cad>
          </ns3:TrackPointExtension>
        </extensions>
      </trkpt>
      <trkpt lat="55.81581783480942249298095703125" lon="14.2124601267278194427490234375">
        <ele>5.599999904632568359375</ele>
        <time>2026-07-18T04:42:56.000Z</time>
        <extensions>
          <ns3:TrackPointExtension>
            <ns3:atemp>27.0</ns3:atemp>
            <ns3:hr>92</ns3:hr>
            <ns3:cad>50</ns3:cad>
          </ns3:TrackPointExtension>
        </extensions>
      </trkpt>
      <trkpt lat="55.81580325029790401458740234375" lon="14.212463311851024627685546875">
        <ele>5.599999904632568359375</ele>
        <time>2026-07-18T04:42:57.000Z</time>
        <extensions>
          <ns3:TrackPointExtension>
            <ns3:atemp>27.0</ns3:atemp>
            <ns3:hr>92</ns3:hr>
            <ns3:cad>50</ns3:cad>
          </ns3:TrackPointExtension>
        </extensions>
      </trkpt>
      <trkpt lat="55.8157203532755374908447265625" lon="14.21245895326137542724609375">
        <ele>5.400000095367431640625</ele>
        <time>2026-07-18T04:43:03.000Z</time>
        <extensions>
          <ns3:TrackPointExtension>
            <ns3:atemp>27.0</ns3:atemp>
            <ns3:hr>97</ns3:hr>
            <ns3:cad>50</ns3:cad>
          </ns3:TrackPointExtension>
        </extensions>
      </trkpt>
      <trkpt lat="55.81570954062044620513916015625" lon="14.21245937235653400421142578125">
        <ele>5.400000095367431640625</ele>
        <time>2026-07-18T04:43:04.000Z</time>
        <extensions>
          <ns3:TrackPointExtension>
            <ns3:atemp>27.0</ns3:atemp>
            <ns3:hr>94</ns3:hr>
            <ns3:cad>50</ns3:cad>
          </ns3:TrackPointExtension>
        </extensions>
      </trkpt>
      <trkpt lat="55.8156714029610157012939453125" lon="14.2124547623097896575927734375">
        <ele>5.400000095367431640625</ele>
        <time>2026-07-18T04:43:07.000Z</time>
        <extensions>
          <ns3:TrackPointExtension>
            <ns3:atemp>27.0</ns3:atemp>
            <ns3:hr>92</ns3:hr>
            <ns3:cad>50</ns3:cad>
          </ns3:TrackPointExtension>
        </extensions>
      </trkpt>
      <trkpt lat="55.81559336744248867034912109375" lon="14.2124514095485210418701171875">
        <ele>5.80000019073486328125</ele>
        <time>2026-07-18T04:43:13.000Z</time>
        <extensions>
          <ns3:TrackPointExtension>
            <ns3:atemp>27.0</ns3:atemp>
            <ns3:hr>88</ns3:hr>
            <ns3:cad>49</ns3:cad>
          </ns3:TrackPointExtension>
        </extensions>
      </trkpt>
      <trkpt lat="55.81558205187320709228515625" lon="14.21244579367339611053466796875">
        <ele>5.80000019073486328125</ele>
        <time>2026-07-18T04:43:14.000Z</time>
        <extensions>
          <ns3:TrackPointExtension>
            <ns3:atemp>27.0</ns3:atemp>
            <ns3:hr>94</ns3:hr>
            <ns3:cad>48</ns3:cad>
          </ns3:TrackPointExtension>
        </extensions>
      </trkpt>
      <trkpt lat="55.81554575823247432708740234375" lon="14.2124155350029468536376953125">
        <ele>6</ele>
        <time>2026-07-18T04:43:17.000Z</time>
        <extensions>
          <ns3:TrackPointExtension>
            <ns3:atemp>27.0</ns3:atemp>
            <ns3:hr>95</ns3:hr>
            <ns3:cad>49</ns3:cad>
          </ns3:TrackPointExtension>
        </extensions>
      </trkpt>
      <trkpt lat="55.8155077882111072540283203125" lon="14.21240271069109439849853515625">
        <ele>6</ele>
        <time>2026-07-18T04:43:20.000Z</time>
        <extensions>
          <ns3:TrackPointExtension>
            <ns3:atemp>27.0</ns3:atemp>
            <ns3:hr>92</ns3:hr>
            <ns3:cad>49</ns3:cad>
          </ns3:TrackPointExtension>
        </extensions>
      </trkpt>
      <trkpt lat="55.815431177616119384765625" lon="14.2123810015618801116943359375">
        <ele>6</ele>
        <time>2026-07-18T04:43:26.000Z</time>
        <extensions>
          <ns3:TrackPointExtension>
            <ns3:atemp>27.0</ns3:atemp>
            <ns3:hr>90</ns3:hr>
            <ns3:cad>48</ns3:cad>
          </ns3:TrackPointExtension>
        </extensions>
      </trkpt>
      <trkpt lat="55.81535967998206615447998046875" lon="14.21234889887273311614990234375">
        <ele>6</ele>
        <time>2026-07-18T04:43:32.000Z</time>
        <extensions>
          <ns3:TrackPointExtension>
            <ns3:atemp>27.0</ns3:atemp>
            <ns3:hr>90</ns3:hr>
            <ns3:cad>49</ns3:cad>
          </ns3:TrackPointExtension>
        </extensions>
      </trkpt>
      <trkpt lat="55.81530150957405567169189453125" lon="14.21233029104769229888916015625">
        <ele>6</ele>
        <time>2026-07-18T04:43:37.000Z</time>
        <extensions>
          <ns3:TrackPointExtension>
            <ns3:atemp>27.0</ns3:atemp>
            <ns3:hr>90</ns3:hr>
            <ns3:cad>49</ns3:cad>
          </ns3:TrackPointExtension>
        </extensions>
      </trkpt>
      <trkpt lat="55.81524786539375782012939453125" lon="14.212335906922817230224609375">
        <ele>6</ele>
        <time>2026-07-18T04:43:41.000Z</time>
        <extensions>
          <ns3:TrackPointExtension>
            <ns3:atemp>27.0</ns3:atemp>
            <ns3:hr>91</ns3:hr>
            <ns3:cad>49</ns3:cad>
          </ns3:TrackPointExtension>
        </extensions>
      </trkpt>
      <trkpt lat="55.81523629836738109588623046875" lon="14.21233020722866058349609375">
        <ele>6</ele>
        <time>2026-07-18T04:43:42.000Z</time>
        <extensions>
          <ns3:TrackPointExtension>
            <ns3:atemp>27.0</ns3:atemp>
            <ns3:hr>91</ns3:hr>
            <ns3:cad>49</ns3:cad>
          </ns3:TrackPointExtension>
        </extensions>
      </trkpt>
      <trkpt lat="55.8152234740555286407470703125" lon="14.2123266868293285369873046875">
        <ele>6.19999980926513671875</ele>
        <time>2026-07-18T04:43:43.000Z</time>
        <extensions>
          <ns3:TrackPointExtension>
            <ns3:atemp>27.0</ns3:atemp>
            <ns3:hr>91</ns3:hr>
            <ns3:cad>49</ns3:cad>
          </ns3:TrackPointExtension>
        </extensions>
      </trkpt>
      <trkpt lat="55.815139152109622955322265625" lon="14.2123035527765750885009765625">
        <ele>6.400000095367431640625</ele>
        <time>2026-07-18T04:43:49.000Z</time>
        <extensions>
          <ns3:TrackPointExtension>
            <ns3:atemp>27.0</ns3:atemp>
            <ns3:hr>92</ns3:hr>
            <ns3:cad>48</ns3:cad>
          </ns3:TrackPointExtension>
        </extensions>
      </trkpt>
      <trkpt lat="55.8150918781757354736328125" lon="14.21228938736021518707275390625">
        <ele>6.599999904632568359375</ele>
        <time>2026-07-18T04:43:53.000Z</time>
        <extensions>
          <ns3:TrackPointExtension>
            <ns3:atemp>27.0</ns3:atemp>
            <ns3:hr>93</ns3:hr>
            <ns3:cad>49</ns3:cad>
          </ns3:TrackPointExtension>
        </extensions>
      </trkpt>
      <trkpt lat="55.81502105109393596649169921875" lon="14.2122787423431873321533203125">
        <ele>6.400000095367431640625</ele>
        <time>2026-07-18T04:43:59.000Z</time>
        <extensions>
          <ns3:TrackPointExtension>
            <ns3:atemp>27.0</ns3:atemp>
            <ns3:hr>93</ns3:hr>
            <ns3:cad>49</ns3:cad>
          </ns3:TrackPointExtension>
        </extensions>
      </trkpt>
      <trkpt lat="55.8149790577590465545654296875" lon="14.212272875010967254638671875">
        <ele>6.400000095367431640625</ele>
        <time>2026-07-18T04:44:02.000Z</time>
        <extensions>
          <ns3:TrackPointExtension>
            <ns3:atemp>27.0</ns3:atemp>
            <ns3:hr>92</ns3:hr>
            <ns3:cad>49</ns3:cad>
          </ns3:TrackPointExtension>
        </extensions>
      </trkpt>
      <trkpt lat="55.81496505998075008392333984375" lon="14.212266840040683746337890625">
        <ele>6.19999980926513671875</ele>
        <time>2026-07-18T04:44:03.000Z</time>
        <extensions>
          <ns3:TrackPointExtension>
            <ns3:atemp>27.0</ns3:atemp>
            <ns3:hr>95</ns3:hr>
            <ns3:cad>49</ns3:cad>
          </ns3:TrackPointExtension>
        </extensions>
      </trkpt>
      <trkpt lat="55.81489901058375835418701171875" lon="14.2122217454016208648681640625">
        <ele>6</ele>
        <time>2026-07-18T04:44:08.000Z</time>
        <extensions>
          <ns3:TrackPointExtension>
            <ns3:atemp>26.0</ns3:atemp>
            <ns3:hr>92</ns3:hr>
            <ns3:cad>50</ns3:cad>
          </ns3:TrackPointExtension>
        </extensions>
      </trkpt>
      <trkpt lat="55.814842768013477325439453125" lon="14.21216533519327640533447265625">
        <ele>6</ele>
        <time>2026-07-18T04:44:13.000Z</time>
        <extensions>
          <ns3:TrackPointExtension>
            <ns3:atemp>27.0</ns3:atemp>
            <ns3:hr>92</ns3:hr>
            <ns3:cad>50</ns3:cad>
          </ns3:TrackPointExtension>
        </extensions>
      </trkpt>
      <trkpt lat="55.81478250212967395782470703125" lon="14.21212493441998958587646484375">
        <ele>6</ele>
        <time>2026-07-18T04:44:18.000Z</time>
        <extensions>
          <ns3:TrackPointExtension>
            <ns3:atemp>26.0</ns3:atemp>
            <ns3:hr>89</ns3:hr>
            <ns3:cad>50</ns3:cad>
          </ns3:TrackPointExtension>
        </extensions>
      </trkpt>
      <trkpt lat="55.8147222362458705902099609375" lon="14.21208285726606845855712890625">
        <ele>6</ele>
        <time>2026-07-18T04:44:23.000Z</time>
        <extensions>
          <ns3:TrackPointExtension>
            <ns3:atemp>26.0</ns3:atemp>
            <ns3:hr>92</ns3:hr>
            <ns3:cad>50</ns3:cad>
          </ns3:TrackPointExtension>
        </extensions>
      </trkpt>
      <trkpt lat="55.81470924429595470428466796875" lon="14.21207397244870662689208984375">
        <ele>6</ele>
        <time>2026-07-18T04:44:24.000Z</time>
        <extensions>
          <ns3:TrackPointExtension>
            <ns3:atemp>26.0</ns3:atemp>
            <ns3:hr>90</ns3:hr>
            <ns3:cad>50</ns3:cad>
          </ns3:TrackPointExtension>
        </extensions>
      </trkpt>
      <trkpt lat="55.8146394230425357818603515625" lon="14.212036170065402984619140625">
        <ele>6.19999980926513671875</ele>
        <time>2026-07-18T04:44:30.000Z</time>
        <extensions>
          <ns3:TrackPointExtension>
            <ns3:atemp>26.0</ns3:atemp>
            <ns3:hr>90</ns3:hr>
            <ns3:cad>50</ns3:cad>
          </ns3:TrackPointExtension>
        </extensions>
      </trkpt>
      <trkpt lat="55.8146146126091480255126953125" lon="14.21201747842133045196533203125">
        <ele>6.19999980926513671875</ele>
        <time>2026-07-18T04:44:32.000Z</time>
        <extensions>
          <ns3:TrackPointExtension>
            <ns3:atemp>26.0</ns3:atemp>
            <ns3:hr>89</ns3:hr>
            <ns3:cad>50</ns3:cad>
          </ns3:TrackPointExtension>
        </extensions>
      </trkpt>
      <trkpt lat="55.81455334089696407318115234375" lon="14.2119790054857730865478515625">
        <ele>6.19999980926513671875</ele>
        <time>2026-07-18T04:44:37.000Z</time>
        <extensions>
          <ns3:TrackPointExtension>
            <ns3:atemp>26.0</ns3:atemp>
            <ns3:hr>92</ns3:hr>
            <ns3:cad>50</ns3:cad>
          </ns3:TrackPointExtension>
        </extensions>
      </trkpt>
      <trkpt lat="55.81451377831399440765380859375" lon="14.2119669355452060699462890625">
        <ele>6.19999980926513671875</ele>
        <time>2026-07-18T04:44:40.000Z</time>
        <extensions>
          <ns3:TrackPointExtension>
            <ns3:atemp>26.0</ns3:atemp>
            <ns3:hr>91</ns3:hr>
            <ns3:cad>50</ns3:cad>
          </ns3:TrackPointExtension>
        </extensions>
      </trkpt>
      <trkpt lat="55.81442870199680328369140625" lon="14.21195260249078273773193359375">
        <ele>6.400000095367431640625</ele>
        <time>2026-07-18T04:44:46.000Z</time>
        <extensions>
          <ns3:TrackPointExtension>
            <ns3:atemp>26.0</ns3:atemp>
            <ns3:hr>91</ns3:hr>
            <ns3:cad>50</ns3:cad>
          </ns3:TrackPointExtension>
        </extensions>
      </trkpt>
      <trkpt lat="55.81440900452435016632080078125" lon="14.2119277082383632659912109375">
        <ele>6.400000095367431640625</ele>
        <time>2026-07-18T04:44:48.000Z</time>
        <extensions>
          <ns3:TrackPointExtension>
            <ns3:atemp>26.0</ns3:atemp>
            <ns3:hr>94</ns3:hr>
            <ns3:cad>50</ns3:cad>
          </ns3:TrackPointExtension>
        </extensions>
      </trkpt>
      <trkpt lat="55.8143966831266880035400390625" lon="14.2119193263351917266845703125">
        <ele>6.400000095367431640625</ele>
        <time>2026-07-18T04:44:49.000Z</time>
        <extensions>
          <ns3:TrackPointExtension>
            <ns3:atemp>26.0</ns3:atemp>
            <ns3:hr>91</ns3:hr>
            <ns3:cad>50</ns3:cad>
          </ns3:TrackPointExtension>
        </extensions>
      </trkpt>
      <trkpt lat="55.81431697122752666473388671875" lon="14.21191404573619365692138671875">
        <ele>6.19999980926513671875</ele>
        <time>2026-07-18T04:44:55.000Z</time>
        <extensions>
          <ns3:TrackPointExtension>
            <ns3:atemp>26.0</ns3:atemp>
            <ns3:hr>92</ns3:hr>
            <ns3:cad>51</ns3:cad>
          </ns3:TrackPointExtension>
        </extensions>
      </trkpt>
      <trkpt lat="55.81429266370832920074462890625" lon="14.21189426444470882415771484375">
        <ele>6.19999980926513671875</ele>
        <time>2026-07-18T04:44:57.000Z</time>
        <extensions>
          <ns3:TrackPointExtension>
            <ns3:atemp>26.0</ns3:atemp>
            <ns3:hr>92</ns3:hr>
            <ns3:cad>50</ns3:cad>
          </ns3:TrackPointExtension>
        </extensions>
      </trkpt>
      <trkpt lat="55.8142220042645931243896484375" lon="14.21183936297893524169921875">
        <ele>6.19999980926513671875</ele>
        <time>2026-07-18T04:45:03.000Z</time>
        <extensions>
          <ns3:TrackPointExtension>
            <ns3:atemp>26.0</ns3:atemp>
            <ns3:hr>89</ns3:hr>
            <ns3:cad>50</ns3:cad>
          </ns3:TrackPointExtension>
        </extensions>
      </trkpt>
      <trkpt lat="55.81419191323220729827880859375" lon="14.21180784702301025390625">
        <ele>6.19999980926513671875</ele>
        <time>2026-07-18T04:45:06.000Z</time>
        <extensions>
          <ns3:TrackPointExtension>
            <ns3:atemp>26.0</ns3:atemp>
            <ns3:hr>92</ns3:hr>
            <ns3:cad>50</ns3:cad>
          </ns3:TrackPointExtension>
        </extensions>
      </trkpt>
      <trkpt lat="55.814157463610172271728515625" lon="14.2117640934884548187255859375">
        <ele>6.19999980926513671875</ele>
        <time>2026-07-18T04:45:09.000Z</time>
        <extensions>
          <ns3:TrackPointExtension>
            <ns3:atemp>26.0</ns3:atemp>
            <ns3:hr>91</ns3:hr>
            <ns3:cad>50</ns3:cad>
          </ns3:TrackPointExtension>
        </extensions>
      </trkpt>
      <trkpt lat="55.8140842057764530181884765625" lon="14.2117131315171718597412109375">
        <ele>6.400000095367431640625</ele>
        <time>2026-07-18T04:45:15.000Z</time>
        <extensions>
          <ns3:TrackPointExtension>
            <ns3:atemp>26.0</ns3:atemp>
            <ns3:hr>91</ns3:hr>
            <ns3:cad>49</ns3:cad>
          </ns3:TrackPointExtension>
        </extensions>
      </trkpt>
      <trkpt lat="55.8140718005597591400146484375" lon="14.21170793473720550537109375">
        <ele>6.599999904632568359375</ele>
        <time>2026-07-18T04:45:16.000Z</time>
        <extensions>
          <ns3:TrackPointExtension>
            <ns3:atemp>26.0</ns3:atemp>
            <ns3:hr>88</ns3:hr>
            <ns3:cad>48</ns3:cad>
          </ns3:TrackPointExtension>
        </extensions>
      </trkpt>
      <trkpt lat="55.81404648721218109130859375" lon="14.21170466579496860504150390625">
        <ele>6.599999904632568359375</ele>
        <time>2026-07-18T04:45:18.000Z</time>
        <extensions>
          <ns3:TrackPointExtension>
            <ns3:atemp>26.0</ns3:atemp>
            <ns3:hr>93</ns3:hr>
            <ns3:cad>48</ns3:cad>
          </ns3:TrackPointExtension>
        </extensions>
      </trkpt>
      <trkpt lat="55.81403299234807491302490234375" lon="14.2117003910243511199951171875">
        <ele>6.599999904632568359375</ele>
        <time>2026-07-18T04:45:19.000Z</time>
        <extensions>
          <ns3:TrackPointExtension>
            <ns3:atemp>26.0</ns3:atemp>
            <ns3:hr>93</ns3:hr>
            <ns3:cad>49</ns3:cad>
          </ns3:TrackPointExtension>
        </extensions>
      </trkpt>
      <trkpt lat="55.81401991657912731170654296875" lon="14.2116977088153362274169921875">
        <ele>6.599999904632568359375</ele>
        <time>2026-07-18T04:45:20.000Z</time>
        <extensions>
          <ns3:TrackPointExtension>
            <ns3:atemp>26.0</ns3:atemp>
            <ns3:hr>93</ns3:hr>
            <ns3:cad>50</ns3:cad>
          </ns3:TrackPointExtension>
        </extensions>
      </trkpt>
      <trkpt lat="55.81394028849899768829345703125" lon="14.2116910032927989959716796875">
        <ele>6.400000095367431640625</ele>
        <time>2026-07-18T04:45:26.000Z</time>
        <extensions>
          <ns3:TrackPointExtension>
            <ns3:atemp>26.0</ns3:atemp>
            <ns3:hr>95</ns3:hr>
            <ns3:cad>50</ns3:cad>
          </ns3:TrackPointExtension>
        </extensions>
      </trkpt>
      <trkpt lat="55.8139262907207012176513671875" lon="14.21169209294021129608154296875">
        <ele>6.400000095367431640625</ele>
        <time>2026-07-18T04:45:27.000Z</time>
        <extensions>
          <ns3:TrackPointExtension>
            <ns3:atemp>26.0</ns3:atemp>
            <ns3:hr>97</ns3:hr>
            <ns3:cad>50</ns3:cad>
          </ns3:TrackPointExtension>
        </extensions>
      </trkpt>
      <trkpt lat="55.81384859047830104827880859375" lon="14.21167616732418537139892578125">
        <ele>6.19999980926513671875</ele>
        <time>2026-07-18T04:45:33.000Z</time>
        <extensions>
          <ns3:TrackPointExtension>
            <ns3:atemp>26.0</ns3:atemp>
            <ns3:hr>98</ns3:hr>
            <ns3:cad>50</ns3:cad>
          </ns3:TrackPointExtension>
        </extensions>
      </trkpt>
      <trkpt lat="55.81379695795476436614990234375" lon="14.21165538020431995391845703125">
        <ele>6.19999980926513671875</ele>
        <time>2026-07-18T04:45:37.000Z</time>
        <extensions>
          <ns3:TrackPointExtension>
            <ns3:atemp>26.0</ns3:atemp>
            <ns3:hr>96</ns3:hr>
            <ns3:cad>51</ns3:cad>
          </ns3:TrackPointExtension>
        </extensions>
      </trkpt>
      <trkpt lat="55.8137321658432483673095703125" lon="14.21165831387042999267578125">
        <ele>6</ele>
        <time>2026-07-18T04:45:43.000Z</time>
        <extensions>
          <ns3:TrackPointExtension>
            <ns3:atemp>26.0</ns3:atemp>
            <ns3:hr>96</ns3:hr>
            <ns3:cad>49</ns3:cad>
          </ns3:TrackPointExtension>
        </extensions>
      </trkpt>
      <trkpt lat="55.813698470592498779296875" lon="14.2116561345756053924560546875">
        <ele>6</ele>
        <time>2026-07-18T04:45:46.000Z</time>
        <extensions>
          <ns3:TrackPointExtension>
            <ns3:atemp>26.0</ns3:atemp>
            <ns3:hr>92</ns3:hr>
            <ns3:cad>50</ns3:cad>
          </ns3:TrackPointExtension>
        </extensions>
      </trkpt>
      <trkpt lat="55.8136573992669582366943359375" lon="14.21165563166141510009765625">
        <ele>5.80000019073486328125</ele>
        <time>2026-07-18T04:45:49.000Z</time>
        <extensions>
          <ns3:TrackPointExtension>
            <ns3:atemp>26.0</ns3:atemp>
            <ns3:hr>93</ns3:hr>
            <ns3:cad>49</ns3:cad>
          </ns3:TrackPointExtension>
        </extensions>
      </trkpt>
      <trkpt lat="55.8136490173637866973876953125" lon="14.2116484232246875762939453125">
        <ele>5.80000019073486328125</ele>
        <time>2026-07-18T04:45:50.000Z</time>
        <extensions>
          <ns3:TrackPointExtension>
            <ns3:atemp>26.0</ns3:atemp>
            <ns3:hr>94</ns3:hr>
            <ns3:cad>49</ns3:cad>
          </ns3:TrackPointExtension>
        </extensions>
      </trkpt>
      <trkpt lat="55.81362579949200153350830078125" lon="14.2116454057395458221435546875">
        <ele>5.599999904632568359375</ele>
        <time>2026-07-18T04:45:52.000Z</time>
        <extensions>
          <ns3:TrackPointExtension>
            <ns3:atemp>26.0</ns3:atemp>
            <ns3:hr>96</ns3:hr>
            <ns3:cad>50</ns3:cad>
          </ns3:TrackPointExtension>
        </extensions>
      </trkpt>
      <trkpt lat="55.8136112987995147705078125" lon="14.21163928695023059844970703125">
        <ele>5.599999904632568359375</ele>
        <time>2026-07-18T04:45:53.000Z</time>
        <extensions>
          <ns3:TrackPointExtension>
            <ns3:atemp>26.0</ns3:atemp>
            <ns3:hr>96</ns3:hr>
            <ns3:cad>50</ns3:cad>
          </ns3:TrackPointExtension>
        </extensions>
      </trkpt>
      <trkpt lat="55.8135826326906681060791015625" lon="14.2116159014403820037841796875">
        <ele>5.599999904632568359375</ele>
        <time>2026-07-18T04:45:56.000Z</time>
        <extensions>
          <ns3:TrackPointExtension>
            <ns3:atemp>26.0</ns3:atemp>
            <ns3:hr>96</ns3:hr>
            <ns3:cad>50</ns3:cad>
          </ns3:TrackPointExtension>
        </extensions>
      </trkpt>
      <trkpt lat="55.81357215531170368194580078125" lon="14.211609363555908203125">
        <ele>5.599999904632568359375</ele>
        <time>2026-07-18T04:45:57.000Z</time>
        <extensions>
          <ns3:TrackPointExtension>
            <ns3:atemp>26.0</ns3:atemp>
            <ns3:hr>97</ns3:hr>
            <ns3:cad>50</ns3:cad>
          </ns3:TrackPointExtension>
        </extensions>
      </trkpt>
      <trkpt lat="55.813498981297016143798828125" lon="14.21159268356859683990478515625">
        <ele>5.599999904632568359375</ele>
        <time>2026-07-18T04:46:03.000Z</time>
        <extensions>
          <ns3:TrackPointExtension>
            <ns3:atemp>26.0</ns3:atemp>
            <ns3:hr>96</ns3:hr>
            <ns3:cad>50</ns3:cad>
          </ns3:TrackPointExtension>
        </extensions>
      </trkpt>
      <trkpt lat="55.81344843842089176177978515625" lon="14.2115511931478977203369140625">
        <ele>5.80000019073486328125</ele>
        <time>2026-07-18T04:46:07.000Z</time>
        <extensions>
          <ns3:TrackPointExtension>
            <ns3:atemp>26.0</ns3:atemp>
            <ns3:hr>96</ns3:hr>
            <ns3:cad>49</ns3:cad>
          </ns3:TrackPointExtension>
        </extensions>
      </trkpt>
      <trkpt lat="55.8133707381784915924072265625" lon="14.21149947680532932281494140625">
        <ele>5.80000019073486328125</ele>
        <time>2026-07-18T04:46:13.000Z</time>
        <extensions>
          <ns3:TrackPointExtension>
            <ns3:atemp>26.0</ns3:atemp>
            <ns3:hr>97</ns3:hr>
            <ns3:cad>50</ns3:cad>
          </ns3:TrackPointExtension>
        </extensions>
      </trkpt>
      <trkpt lat="55.81334617920219898223876953125" lon="14.21149109490215778350830078125">
        <ele>5.80000019073486328125</ele>
        <time>2026-07-18T04:46:15.000Z</time>
        <extensions>
          <ns3:TrackPointExtension>
            <ns3:atemp>26.0</ns3:atemp>
            <ns3:hr>95</ns3:hr>
            <ns3:cad>48</ns3:cad>
          </ns3:TrackPointExtension>
        </extensions>
      </trkpt>
      <trkpt lat="55.8132698200643062591552734375" lon="14.21147567220032215118408203125">
        <ele>5.80000019073486328125</ele>
        <time>2026-07-18T04:46:21.000Z</time>
        <extensions>
          <ns3:TrackPointExtension>
            <ns3:atemp>26.0</ns3:atemp>
            <ns3:hr>94</ns3:hr>
            <ns3:cad>49</ns3:cad>
          </ns3:TrackPointExtension>
        </extensions>
      </trkpt>
      <trkpt lat="55.8132292516529560089111328125" lon="14.211472570896148681640625">
        <ele>5.80000019073486328125</ele>
        <time>2026-07-18T04:46:24.000Z</time>
        <extensions>
          <ns3:TrackPointExtension>
            <ns3:atemp>26.0</ns3:atemp>
            <ns3:hr>92</ns3:hr>
            <ns3:cad>48</ns3:cad>
          </ns3:TrackPointExtension>
        </extensions>
      </trkpt>
      <trkpt lat="55.8132185228168964385986328125" lon="14.2114658653736114501953125">
        <ele>5.80000019073486328125</ele>
        <time>2026-07-18T04:46:25.000Z</time>
        <extensions>
          <ns3:TrackPointExtension>
            <ns3:atemp>26.0</ns3:atemp>
            <ns3:hr>95</ns3:hr>
            <ns3:cad>48</ns3:cad>
          </ns3:TrackPointExtension>
        </extensions>
      </trkpt>
      <trkpt lat="55.813142918050289154052734375" lon="14.21142035163938999176025390625">
        <ele>5.80000019073486328125</ele>
        <time>2026-07-18T04:46:31.000Z</time>
        <extensions>
          <ns3:TrackPointExtension>
            <ns3:atemp>26.0</ns3:atemp>
            <ns3:hr>96</ns3:hr>
            <ns3:cad>50</ns3:cad>
          </ns3:TrackPointExtension>
        </extensions>
      </trkpt>
      <trkpt lat="55.8131313510239124298095703125" lon="14.2114150710403919219970703125">
        <ele>5.80000019073486328125</ele>
        <time>2026-07-18T04:46:32.000Z</time>
        <extensions>
          <ns3:TrackPointExtension>
            <ns3:atemp>26.0</ns3:atemp>
            <ns3:hr>95</ns3:hr>
            <ns3:cad>50</ns3:cad>
          </ns3:TrackPointExtension>
        </extensions>
      </trkpt>
      <trkpt lat="55.81304795108735561370849609375" lon="14.21143694780766963958740234375">
        <ele>5.80000019073486328125</ele>
        <time>2026-07-18T04:46:38.000Z</time>
        <extensions>
          <ns3:TrackPointExtension>
            <ns3:atemp>26.0</ns3:atemp>
            <ns3:hr>97</ns3:hr>
            <ns3:cad>50</ns3:cad>
          </ns3:TrackPointExtension>
        </extensions>
      </trkpt>
      <trkpt lat="55.81302045844495296478271484375" lon="14.21142118982970714569091796875">
        <ele>5.80000019073486328125</ele>
        <time>2026-07-18T04:46:40.000Z</time>
        <extensions>
          <ns3:TrackPointExtension>
            <ns3:atemp>26.0</ns3:atemp>
            <ns3:hr>94</ns3:hr>
            <ns3:cad>50</ns3:cad>
          </ns3:TrackPointExtension>
        </extensions>
      </trkpt>
      <trkpt lat="55.8129831589758396148681640625" lon="14.211394451558589935302734375">
        <ele>5.80000019073486328125</ele>
        <time>2026-07-18T04:46:43.000Z</time>
        <extensions>
          <ns3:TrackPointExtension>
            <ns3:atemp>26.0</ns3:atemp>
            <ns3:hr>97</ns3:hr>
            <ns3:cad>51</ns3:cad>
          </ns3:TrackPointExtension>
        </extensions>
      </trkpt>
      <trkpt lat="55.812898166477680206298828125" lon="14.2113547213375568389892578125">
        <ele>5.80000019073486328125</ele>
        <time>2026-07-18T04:46:49.000Z</time>
        <extensions>
          <ns3:TrackPointExtension>
            <ns3:atemp>26.0</ns3:atemp>
            <ns3:hr>96</ns3:hr>
            <ns3:cad>50</ns3:cad>
          </ns3:TrackPointExtension>
        </extensions>
      </trkpt>
      <trkpt lat="55.81284427084028720855712890625" lon="14.2113352753221988677978515625">
        <ele>5.80000019073486328125</ele>
        <time>2026-07-18T04:46:54.000Z</time>
        <extensions>
          <ns3:TrackPointExtension>
            <ns3:atemp>26.0</ns3:atemp>
            <ns3:hr>95</ns3:hr>
            <ns3:cad>50</ns3:cad>
          </ns3:TrackPointExtension>
        </extensions>
      </trkpt>
      <trkpt lat="55.81278794445097446441650390625" lon="14.2113563977181911468505859375">
        <ele>5.599999904632568359375</ele>
        <time>2026-07-18T04:46:57.000Z</time>
        <extensions>
          <ns3:TrackPointExtension>
            <ns3:atemp>26.0</ns3:atemp>
            <ns3:hr>96</ns3:hr>
            <ns3:cad>50</ns3:cad>
          </ns3:TrackPointExtension>
        </extensions>
      </trkpt>
      <trkpt lat="55.8127585239708423614501953125" lon="14.21135120093822479248046875">
        <ele>5.599999904632568359375</ele>
        <time>2026-07-18T04:46:59.000Z</time>
        <extensions>
          <ns3:TrackPointExtension>
            <ns3:atemp>26.0</ns3:atemp>
            <ns3:hr>93</ns3:hr>
            <ns3:cad>50</ns3:cad>
          </ns3:TrackPointExtension>
        </extensions>
      </trkpt>
      <trkpt lat="55.8126859366893768310546875" lon="14.21129395253956317901611328125">
        <ele>5.80000019073486328125</ele>
        <time>2026-07-18T04:47:05.000Z</time>
        <extensions>
          <ns3:TrackPointExtension>
            <ns3:atemp>26.0</ns3:atemp>
            <ns3:hr>91</ns3:hr>
            <ns3:cad>50</ns3:cad>
          </ns3:TrackPointExtension>
        </extensions>
      </trkpt>
      <trkpt lat="55.8126376569271087646484375" lon="14.21128205023705959320068359375">
        <ele>5.80000019073486328125</ele>
        <time>2026-07-18T04:47:10.000Z</time>
        <extensions>
          <ns3:TrackPointExtension>
            <ns3:atemp>26.0</ns3:atemp>
            <ns3:hr>94</ns3:hr>
            <ns3:cad>49</ns3:cad>
          </ns3:TrackPointExtension>
        </extensions>
      </trkpt>
      <trkpt lat="55.812581665813922882080078125" lon="14.21127609908580780029296875">
        <ele>5.80000019073486328125</ele>
        <time>2026-07-18T04:47:14.000Z</time>
        <extensions>
          <ns3:TrackPointExtension>
            <ns3:atemp>26.0</ns3:atemp>
            <ns3:hr>96</ns3:hr>
            <ns3:cad>49</ns3:cad>
          </ns3:TrackPointExtension>
        </extensions>
      </trkpt>
      <trkpt lat="55.81250689923763275146484375" lon="14.21122186817228794097900390625">
        <ele>5.80000019073486328125</ele>
        <time>2026-07-18T04:47:20.000Z</time>
        <extensions>
          <ns3:TrackPointExtension>
            <ns3:atemp>26.0</ns3:atemp>
            <ns3:hr>95</ns3:hr>
            <ns3:cad>49</ns3:cad>
          </ns3:TrackPointExtension>
        </extensions>
      </trkpt>
      <trkpt lat="55.81249424256384372711181640625" lon="14.2112165875732898712158203125">
        <ele>5.80000019073486328125</ele>
        <time>2026-07-18T04:47:21.000Z</time>
        <extensions>
          <ns3:TrackPointExtension>
            <ns3:atemp>26.0</ns3:atemp>
            <ns3:hr>96</ns3:hr>
            <ns3:cad>49</ns3:cad>
          </ns3:TrackPointExtension>
        </extensions>
      </trkpt>
      <trkpt lat="55.8124284446239471435546875" lon="14.2111719958484172821044921875">
        <ele>6</ele>
        <time>2026-07-18T04:47:27.000Z</time>
        <extensions>
          <ns3:TrackPointExtension>
            <ns3:atemp>26.0</ns3:atemp>
            <ns3:hr>96</ns3:hr>
            <ns3:cad>50</ns3:cad>
          </ns3:TrackPointExtension>
        </extensions>
      </trkpt>
      <trkpt lat="55.81234638579189777374267578125" lon="14.21111650764942169189453125">
        <ele>6</ele>
        <time>2026-07-18T04:47:33.000Z</time>
        <extensions>
          <ns3:TrackPointExtension>
            <ns3:atemp>26.0</ns3:atemp>
            <ns3:hr>96</ns3:hr>
            <ns3:cad>50</ns3:cad>
          </ns3:TrackPointExtension>
        </extensions>
      </trkpt>
      <trkpt lat="55.812291987240314483642578125" lon="14.21105406247079372406005859375">
        <ele>6</ele>
        <time>2026-07-18T04:47:39.000Z</time>
        <extensions>
          <ns3:TrackPointExtension>
            <ns3:atemp>26.0</ns3:atemp>
            <ns3:hr>99</ns3:hr>
            <ns3:cad>50</ns3:cad>
          </ns3:TrackPointExtension>
        </extensions>
      </trkpt>
      <trkpt lat="55.812269188463687896728515625" lon="14.21103780157864093780517578125">
        <ele>6.19999980926513671875</ele>
        <time>2026-07-18T04:47:41.000Z</time>
        <extensions>
          <ns3:TrackPointExtension>
            <ns3:atemp>26.0</ns3:atemp>
            <ns3:hr>100</ns3:hr>
            <ns3:cad>50</ns3:cad>
          </ns3:TrackPointExtension>
        </extensions>
      </trkpt>
      <trkpt lat="55.81222082488238811492919921875" lon="14.21100226230919361114501953125">
        <ele>6.19999980926513671875</ele>
        <time>2026-07-18T04:47:45.000Z</time>
        <extensions>
          <ns3:TrackPointExtension>
            <ns3:atemp>26.0</ns3:atemp>
            <ns3:hr>97</ns3:hr>
            <ns3:cad>49</ns3:cad>
          </ns3:TrackPointExtension>
        </extensions>
      </trkpt>
      <trkpt lat="55.8122069947421550750732421875" lon="14.21099807135760784149169921875">
        <ele>6.19999980926513671875</ele>
        <time>2026-07-18T04:47:46.000Z</time>
        <extensions>
          <ns3:TrackPointExtension>
            <ns3:atemp>26.0</ns3:atemp>
            <ns3:hr>100</ns3:hr>
            <ns3:cad>49</ns3:cad>
          </ns3:TrackPointExtension>
        </extensions>
      </trkpt>
      <trkpt lat="55.8121573738753795623779296875" lon="14.21097242273390293121337890625">
        <ele>6.400000095367431640625</ele>
        <time>2026-07-18T04:47:50.000Z</time>
        <extensions>
          <ns3:TrackPointExtension>
            <ns3:atemp>26.0</ns3:atemp>
            <ns3:hr>100</ns3:hr>
            <ns3:cad>50</ns3:cad>
          </ns3:TrackPointExtension>
        </extensions>
      </trkpt>
      <trkpt lat="55.81211864948272705078125" lon="14.21095691621303558349609375">
        <ele>6.400000095367431640625</ele>
        <time>2026-07-18T04:47:53.000Z</time>
        <extensions>
          <ns3:TrackPointExtension>
            <ns3:atemp>26.0</ns3:atemp>
            <ns3:hr>104</ns3:hr>
            <ns3:cad>50</ns3:cad>
          </ns3:TrackPointExtension>
        </extensions>
      </trkpt>
      <trkpt lat="55.81205721013247966766357421875" lon="14.21092648990452289581298828125">
        <ele>6.19999980926513671875</ele>
        <time>2026-07-18T04:47:59.000Z</time>
        <extensions>
          <ns3:TrackPointExtension>
            <ns3:atemp>26.0</ns3:atemp>
            <ns3:hr>105</ns3:hr>
            <ns3:cad>50</ns3:cad>
          </ns3:TrackPointExtension>
        </extensions>
      </trkpt>
      <trkpt lat="55.812002979218959808349609375" lon="14.21089514158666133880615234375">
        <ele>6.400000095367431640625</ele>
        <time>2026-07-18T04:48:04.000Z</time>
        <extensions>
          <ns3:TrackPointExtension>
            <ns3:atemp>26.0</ns3:atemp>
            <ns3:hr>106</ns3:hr>
            <ns3:cad>50</ns3:cad>
          </ns3:TrackPointExtension>
        </extensions>
      </trkpt>
      <trkpt lat="55.81197774969041347503662109375" lon="14.2108756117522716522216796875">
        <ele>6.400000095367431640625</ele>
        <time>2026-07-18T04:48:06.000Z</time>
        <extensions>
          <ns3:TrackPointExtension>
            <ns3:atemp>26.0</ns3:atemp>
            <ns3:hr>106</ns3:hr>
            <ns3:cad>50</ns3:cad>
          </ns3:TrackPointExtension>
        </extensions>
      </trkpt>
      <trkpt lat="55.81193349324166774749755859375" lon="14.21085859648883342742919921875">
        <ele>6.19999980926513671875</ele>
        <time>2026-07-18T04:48:10.000Z</time>
        <extensions>
          <ns3:TrackPointExtension>
            <ns3:atemp>26.0</ns3:atemp>
            <ns3:hr>103</ns3:hr>
            <ns3:cad>50</ns3:cad>
          </ns3:TrackPointExtension>
        </extensions>
      </trkpt>
      <trkpt lat="55.81185973249375820159912109375" lon="14.21084082685410976409912109375">
        <ele>6.400000095367431640625</ele>
        <time>2026-07-18T04:48:15.000Z</time>
        <extensions>
          <ns3:TrackPointExtension>
            <ns3:atemp>26.0</ns3:atemp>
            <ns3:hr>103</ns3:hr>
            <ns3:cad>50</ns3:cad>
          </ns3:TrackPointExtension>
        </extensions>
      </trkpt>
      <trkpt lat="55.81182964146137237548828125" lon="14.2108355462551116943359375">
        <ele>6.400000095367431640625</ele>
        <time>2026-07-18T04:48:17.000Z</time>
        <extensions>
          <ns3:TrackPointExtension>
            <ns3:atemp>26.0</ns3:atemp>
            <ns3:hr>102</ns3:hr>
            <ns3:cad>50</ns3:cad>
          </ns3:TrackPointExtension>
        </extensions>
      </trkpt>
      <trkpt lat="55.811767615377902984619140625" lon="14.21083479188382625579833984375">
        <ele>6.400000095367431640625</ele>
        <time>2026-07-18T04:48:21.000Z</time>
        <extensions>
          <ns3:TrackPointExtension>
            <ns3:atemp>26.0</ns3:atemp>
            <ns3:hr>101</ns3:hr>
            <ns3:cad>50</ns3:cad>
          </ns3:TrackPointExtension>
        </extensions>
      </trkpt>
      <trkpt lat="55.81172126345336437225341796875" lon="14.210825152695178985595703125">
        <ele>6.19999980926513671875</ele>
        <time>2026-07-18T04:48:24.000Z</time>
        <extensions>
          <ns3:TrackPointExtension>
            <ns3:atemp>26.0</ns3:atemp>
            <ns3:hr>101</ns3:hr>
            <ns3:cad>51</ns3:cad>
          </ns3:TrackPointExtension>
        </extensions>
      </trkpt>
      <trkpt lat="55.8116423897445201873779296875" lon="14.21080109663307666778564453125">
        <ele>6.19999980926513671875</ele>
        <time>2026-07-18T04:48:30.000Z</time>
        <extensions>
          <ns3:TrackPointExtension>
            <ns3:atemp>26.0</ns3:atemp>
            <ns3:hr>101</ns3:hr>
            <ns3:cad>50</ns3:cad>
          </ns3:TrackPointExtension>
        </extensions>
      </trkpt>
      <trkpt lat="55.8116279728710651397705078125" lon="14.21079539693892002105712890625">
        <ele>6.19999980926513671875</ele>
        <time>2026-07-18T04:48:31.000Z</time>
        <extensions>
          <ns3:TrackPointExtension>
            <ns3:atemp>26.0</ns3:atemp>
            <ns3:hr>102</ns3:hr>
            <ns3:cad>50</ns3:cad>
          </ns3:TrackPointExtension>
        </extensions>
      </trkpt>
      <trkpt lat="55.8115498535335063934326171875" lon="14.2107917927205562591552734375">
        <ele>6.400000095367431640625</ele>
        <time>2026-07-18T04:48:37.000Z</time>
        <extensions>
          <ns3:TrackPointExtension>
            <ns3:atemp>26.0</ns3:atemp>
            <ns3:hr>103</ns3:hr>
            <ns3:cad>50</ns3:cad>
          </ns3:TrackPointExtension>
        </extensions>
      </trkpt>
      <trkpt lat="55.81148606725037097930908203125" lon="14.21083630062639713287353515625">
        <ele>6.400000095367431640625</ele>
        <time>2026-07-18T04:48:42.000Z</time>
        <extensions>
          <ns3:TrackPointExtension>
            <ns3:atemp>26.0</ns3:atemp>
            <ns3:hr>103</ns3:hr>
            <ns3:cad>49</ns3:cad>
          </ns3:TrackPointExtension>
        </extensions>
      </trkpt>
      <trkpt lat="55.81141314469277858734130859375" lon="14.21086345799267292022705078125">
        <ele>6.400000095367431640625</ele>
        <time>2026-07-18T04:48:48.000Z</time>
        <extensions>
          <ns3:TrackPointExtension>
            <ns3:atemp>26.0</ns3:atemp>
            <ns3:hr>104</ns3:hr>
            <ns3:cad>50</ns3:cad>
          </ns3:TrackPointExtension>
        </extensions>
      </trkpt>
      <trkpt lat="55.81136905588209629058837890625" lon="14.21085658483207225799560546875">
        <ele>6.400000095367431640625</ele>
        <time>2026-07-18T04:48:52.000Z</time>
        <extensions>
          <ns3:TrackPointExtension>
            <ns3:atemp>26.0</ns3:atemp>
            <ns3:hr>104</ns3:hr>
            <ns3:cad>50</ns3:cad>
          </ns3:TrackPointExtension>
        </extensions>
      </trkpt>
      <trkpt lat="55.81129613332450389862060546875" lon="14.2108730971813201904296875">
        <ele>6.599999904632568359375</ele>
        <time>2026-07-18T04:48:58.000Z</time>
        <extensions>
          <ns3:TrackPointExtension>
            <ns3:atemp>26.0</ns3:atemp>
            <ns3:hr>103</ns3:hr>
            <ns3:cad>49</ns3:cad>
          </ns3:TrackPointExtension>
        </extensions>
      </trkpt>
      <trkpt lat="55.81126034259796142578125" lon="14.21087904833257198333740234375">
        <ele>6.599999904632568359375</ele>
        <time>2026-07-18T04:49:01.000Z</time>
        <extensions>
          <ns3:TrackPointExtension>
            <ns3:atemp>26.0</ns3:atemp>
            <ns3:hr>104</ns3:hr>
            <ns3:cad>49</ns3:cad>
          </ns3:TrackPointExtension>
        </extensions>
      </trkpt>
      <trkpt lat="55.8112095482647418975830078125" lon="14.21088692732155323028564453125">
        <ele>6.599999904632568359375</ele>
        <time>2026-07-18T04:49:05.000Z</time>
        <extensions>
          <ns3:TrackPointExtension>
            <ns3:atemp>26.0</ns3:atemp>
            <ns3:hr>101</ns3:hr>
            <ns3:cad>48</ns3:cad>
          </ns3:TrackPointExtension>
        </extensions>
      </trkpt>
      <trkpt lat="55.8111463487148284912109375" lon="14.2108972370624542236328125">
        <ele>6.599999904632568359375</ele>
        <time>2026-07-18T04:49:10.000Z</time>
        <extensions>
          <ns3:TrackPointExtension>
            <ns3:atemp>26.0</ns3:atemp>
            <ns3:hr>101</ns3:hr>
            <ns3:cad>48</ns3:cad>
          </ns3:TrackPointExtension>
        </extensions>
      </trkpt>
      <trkpt lat="55.81113201566040515899658203125" lon="14.210892878472805023193359375">
        <ele>6.80000019073486328125</ele>
        <time>2026-07-18T04:49:11.000Z</time>
        <extensions>
          <ns3:TrackPointExtension>
            <ns3:atemp>26.0</ns3:atemp>
            <ns3:hr>100</ns3:hr>
            <ns3:cad>48</ns3:cad>
          </ns3:TrackPointExtension>
        </extensions>
      </trkpt>
      <trkpt lat="55.81109412945806980133056640625" lon="14.2108739353716373443603515625">
        <ele>6.80000019073486328125</ele>
        <time>2026-07-18T04:49:14.000Z</time>
        <extensions>
          <ns3:TrackPointExtension>
            <ns3:atemp>26.0</ns3:atemp>
            <ns3:hr>100</ns3:hr>
            <ns3:cad>48</ns3:cad>
          </ns3:TrackPointExtension>
        </extensions>
      </trkpt>
      <trkpt lat="55.811043083667755126953125" lon="14.210844598710536956787109375">
        <ele>6.80000019073486328125</ele>
        <time>2026-07-18T04:49:18.000Z</time>
        <extensions>
          <ns3:TrackPointExtension>
            <ns3:atemp>26.0</ns3:atemp>
            <ns3:hr>99</ns3:hr>
            <ns3:cad>49</ns3:cad>
          </ns3:TrackPointExtension>
        </extensions>
      </trkpt>
      <trkpt lat="55.81096731126308441162109375" lon="14.2108400724828243255615234375">
        <ele>7</ele>
        <time>2026-07-18T04:49:24.000Z</time>
        <extensions>
          <ns3:TrackPointExtension>
            <ns3:atemp>26.0</ns3:atemp>
            <ns3:hr>99</ns3:hr>
            <ns3:cad>49</ns3:cad>
          </ns3:TrackPointExtension>
        </extensions>
      </trkpt>
      <trkpt lat="55.8109191991388797760009765625" lon="14.21083219349384307861328125">
        <ele>7</ele>
        <time>2026-07-18T04:49:28.000Z</time>
        <extensions>
          <ns3:TrackPointExtension>
            <ns3:atemp>26.0</ns3:atemp>
            <ns3:hr>99</ns3:hr>
            <ns3:cad>50</ns3:cad>
          </ns3:TrackPointExtension>
        </extensions>
      </trkpt>
      <trkpt lat="55.81084837205708026885986328125" lon="14.21079539693892002105712890625">
        <ele>7.400000095367431640625</ele>
        <time>2026-07-18T04:49:34.000Z</time>
        <extensions>
          <ns3:TrackPointExtension>
            <ns3:atemp>26.0</ns3:atemp>
            <ns3:hr>101</ns3:hr>
            <ns3:cad>48</ns3:cad>
          </ns3:TrackPointExtension>
        </extensions>
      </trkpt>
      <trkpt lat="55.8107904531061649322509765625" lon="14.21075415797531604766845703125">
        <ele>7.599999904632568359375</ele>
        <time>2026-07-18T04:49:39.000Z</time>
        <extensions>
          <ns3:TrackPointExtension>
            <ns3:atemp>26.0</ns3:atemp>
            <ns3:hr>102</ns3:hr>
            <ns3:cad>48</ns3:cad>
          </ns3:TrackPointExtension>
        </extensions>
      </trkpt>
      <trkpt lat="55.810718201100826263427734375" lon="14.2106848396360874176025390625">
        <ele>7.400000095367431640625</ele>
        <time>2026-07-18T04:49:45.000Z</time>
        <extensions>
          <ns3:TrackPointExtension>
            <ns3:atemp>26.0</ns3:atemp>
            <ns3:hr>102</ns3:hr>
            <ns3:cad>49</ns3:cad>
          </ns3:TrackPointExtension>
        </extensions>
      </trkpt>
      <trkpt lat="55.81064569763839244842529296875" lon="14.2106208018958568572998046875">
        <ele>7</ele>
        <time>2026-07-18T04:49:51.000Z</time>
        <extensions>
          <ns3:TrackPointExtension>
            <ns3:atemp>26.0</ns3:atemp>
            <ns3:hr>101</ns3:hr>
            <ns3:cad>50</ns3:cad>
          </ns3:TrackPointExtension>
        </extensions>
      </trkpt>
      <trkpt lat="55.81063446588814258575439453125" lon="14.21061267144978046417236328125">
        <ele>6.80000019073486328125</ele>
        <time>2026-07-18T04:49:52.000Z</time>
        <extensions>
          <ns3:TrackPointExtension>
            <ns3:atemp>26.0</ns3:atemp>
            <ns3:hr>101</ns3:hr>
            <ns3:cad>51</ns3:cad>
          </ns3:TrackPointExtension>
        </extensions>
      </trkpt>
      <trkpt lat="55.81056271679699420928955078125" lon="14.2105601169168949127197265625">
        <ele>6.599999904632568359375</ele>
        <time>2026-07-18T04:49:58.000Z</time>
        <extensions>
          <ns3:TrackPointExtension>
            <ns3:atemp>26.0</ns3:atemp>
            <ns3:hr>101</ns3:hr>
            <ns3:cad>50</ns3:cad>
          </ns3:TrackPointExtension>
        </extensions>
      </trkpt>
      <trkpt lat="55.81053120084106922149658203125" lon="14.21053555794060230255126953125">
        <ele>6.599999904632568359375</ele>
        <time>2026-07-18T04:50:01.000Z</time>
        <extensions>
          <ns3:TrackPointExtension>
            <ns3:atemp>26.0</ns3:atemp>
            <ns3:hr>102</ns3:hr>
            <ns3:cad>50</ns3:cad>
          </ns3:TrackPointExtension>
        </extensions>
      </trkpt>
      <trkpt lat="55.81045911647379398345947265625" lon="14.210493229329586029052734375">
        <ele>6.19999980926513671875</ele>
        <time>2026-07-18T04:50:07.000Z</time>
        <extensions>
          <ns3:TrackPointExtension>
            <ns3:atemp>26.0</ns3:atemp>
            <ns3:hr>103</ns3:hr>
            <ns3:cad>50</ns3:cad>
          </ns3:TrackPointExtension>
        </extensions>
      </trkpt>
      <trkpt lat="55.8104105852544307708740234375" lon="14.21047587879002094268798828125">
        <ele>6.19999980926513671875</ele>
        <time>2026-07-18T04:50:11.000Z</time>
        <extensions>
          <ns3:TrackPointExtension>
            <ns3:atemp>26.0</ns3:atemp>
            <ns3:hr>105</ns3:hr>
            <ns3:cad>50</ns3:cad>
          </ns3:TrackPointExtension>
        </extensions>
      </trkpt>
      <trkpt lat="55.8103368245065212249755859375" lon="14.2104451172053813934326171875">
        <ele>6.19999980926513671875</ele>
        <time>2026-07-18T04:50:17.000Z</time>
        <extensions>
          <ns3:TrackPointExtension>
            <ns3:atemp>26.0</ns3:atemp>
            <ns3:hr>104</ns3:hr>
            <ns3:cad>50</ns3:cad>
          </ns3:TrackPointExtension>
        </extensions>
      </trkpt>
      <trkpt lat="55.8103014528751373291015625" lon="14.2104186303913593292236328125">
        <ele>6.19999980926513671875</ele>
        <time>2026-07-18T04:50:20.000Z</time>
        <extensions>
          <ns3:TrackPointExtension>
            <ns3:atemp>26.0</ns3:atemp>
            <ns3:hr>104</ns3:hr>
            <ns3:cad>49</ns3:cad>
          </ns3:TrackPointExtension>
        </extensions>
      </trkpt>
      <trkpt lat="55.81022593192756175994873046875" lon="14.210377894341945648193359375">
        <ele>6.19999980926513671875</ele>
        <time>2026-07-18T04:50:26.000Z</time>
        <extensions>
          <ns3:TrackPointExtension>
            <ns3:atemp>26.0</ns3:atemp>
            <ns3:hr>106</ns3:hr>
            <ns3:cad>50</ns3:cad>
          </ns3:TrackPointExtension>
        </extensions>
      </trkpt>
      <trkpt lat="55.8102027140557765960693359375" lon="14.2103690095245838165283203125">
        <ele>6.19999980926513671875</ele>
        <time>2026-07-18T04:50:28.000Z</time>
        <extensions>
          <ns3:TrackPointExtension>
            <ns3:atemp>26.0</ns3:atemp>
            <ns3:hr>106</ns3:hr>
            <ns3:cad>49</ns3:cad>
          </ns3:TrackPointExtension>
        </extensions>
      </trkpt>
      <trkpt lat="55.81012736074626445770263671875" lon="14.21035115607082843780517578125">
        <ele>6</ele>
        <time>2026-07-18T04:50:34.000Z</time>
        <extensions>
          <ns3:TrackPointExtension>
            <ns3:atemp>26.0</ns3:atemp>
            <ns3:hr>107</ns3:hr>
            <ns3:cad>50</ns3:cad>
          </ns3:TrackPointExtension>
        </extensions>
      </trkpt>
      <trkpt lat="55.8100672625005245208740234375" lon="14.21033388935029506683349609375">
        <ele>6</ele>
        <time>2026-07-18T04:50:39.000Z</time>
        <extensions>
          <ns3:TrackPointExtension>
            <ns3:atemp>26.0</ns3:atemp>
            <ns3:hr>107</ns3:hr>
            <ns3:cad>51</ns3:cad>
          </ns3:TrackPointExtension>
        </extensions>
      </trkpt>
      <trkpt lat="55.80999157391488552093505859375" lon="14.21034780330955982208251953125">
        <ele>6</ele>
        <time>2026-07-18T04:50:45.000Z</time>
        <extensions>
          <ns3:TrackPointExtension>
            <ns3:atemp>26.0</ns3:atemp>
            <ns3:hr>107</ns3:hr>
            <ns3:cad>49</ns3:cad>
          </ns3:TrackPointExtension>
        </extensions>
      </trkpt>
      <trkpt lat="55.809911191463470458984375" lon="14.2103636451065540313720703125">
        <ele>6</ele>
        <time>2026-07-18T04:50:51.000Z</time>
        <extensions>
          <ns3:TrackPointExtension>
            <ns3:atemp>26.0</ns3:atemp>
            <ns3:hr>106</ns3:hr>
            <ns3:cad>50</ns3:cad>
          </ns3:TrackPointExtension>
        </extensions>
      </trkpt>
      <trkpt lat="55.8098329044878482818603515625" lon="14.21037060208618640899658203125">
        <ele>6</ele>
        <time>2026-07-18T04:50:57.000Z</time>
        <extensions>
          <ns3:TrackPointExtension>
            <ns3:atemp>26.0</ns3:atemp>
            <ns3:hr>105</ns3:hr>
            <ns3:cad>51</ns3:cad>
          </ns3:TrackPointExtension>
        </extensions>
      </trkpt>
      <trkpt lat="55.80978370271623134613037109375" lon="14.21037144027650356292724609375">
        <ele>5.80000019073486328125</ele>
        <time>2026-07-18T04:51:01.000Z</time>
        <extensions>
          <ns3:TrackPointExtension>
            <ns3:atemp>26.0</ns3:atemp>
            <ns3:hr>105</ns3:hr>
            <ns3:cad>50</ns3:cad>
          </ns3:TrackPointExtension>
        </extensions>
      </trkpt>
      <trkpt lat="55.80977012403309345245361328125" lon="14.21037311665713787078857421875">
        <ele>5.80000019073486328125</ele>
        <time>2026-07-18T04:51:02.000Z</time>
        <extensions>
          <ns3:TrackPointExtension>
            <ns3:atemp>26.0</ns3:atemp>
            <ns3:hr>104</ns3:hr>
            <ns3:cad>50</ns3:cad>
          </ns3:TrackPointExtension>
        </extensions>
      </trkpt>
      <trkpt lat="55.80969653092324733734130859375" lon="14.21036507003009319305419921875">
        <ele>5.599999904632568359375</ele>
        <time>2026-07-18T04:51:08.000Z</time>
        <extensions>
          <ns3:TrackPointExtension>
            <ns3:atemp>26.0</ns3:atemp>
            <ns3:hr>102</ns3:hr>
            <ns3:cad>51</ns3:cad>
          </ns3:TrackPointExtension>
        </extensions>
      </trkpt>
      <trkpt lat="55.80961145460605621337890625" lon="14.21037110500037670135498046875">
        <ele>5.400000095367431640625</ele>
        <time>2026-07-18T04:51:14.000Z</time>
        <extensions>
          <ns3:TrackPointExtension>
            <ns3:atemp>26.0</ns3:atemp>
            <ns3:hr>102</ns3:hr>
            <ns3:cad>50</ns3:cad>
          </ns3:TrackPointExtension>
        </extensions>
      </trkpt>
      <trkpt lat="55.80959745682775974273681640625" lon="14.21036775223910808563232421875">
        <ele>5.400000095367431640625</ele>
        <time>2026-07-18T04:51:15.000Z</time>
        <extensions>
          <ns3:TrackPointExtension>
            <ns3:atemp>26.0</ns3:atemp>
            <ns3:hr>101</ns3:hr>
            <ns3:cad>50</ns3:cad>
          </ns3:TrackPointExtension>
        </extensions>
      </trkpt>
      <trkpt lat="55.80951715819537639617919921875" lon="14.210336990654468536376953125">
        <ele>5.400000095367431640625</ele>
        <time>2026-07-18T04:51:21.000Z</time>
        <extensions>
          <ns3:TrackPointExtension>
            <ns3:atemp>26.0</ns3:atemp>
            <ns3:hr>103</ns3:hr>
            <ns3:cad>50</ns3:cad>
          </ns3:TrackPointExtension>
        </extensions>
      </trkpt>
      <trkpt lat="55.80945898778736591339111328125" lon="14.210336990654468536376953125">
        <ele>5.400000095367431640625</ele>
        <time>2026-07-18T04:51:25.000Z</time>
        <extensions>
          <ns3:TrackPointExtension>
            <ns3:atemp>26.0</ns3:atemp>
            <ns3:hr>102</ns3:hr>
            <ns3:cad>50</ns3:cad>
          </ns3:TrackPointExtension>
        </extensions>
      </trkpt>
      <trkpt lat="55.809446834027767181396484375" lon="14.2103421874344348907470703125">
        <ele>5.400000095367431640625</ele>
        <time>2026-07-18T04:51:26.000Z</time>
        <extensions>
          <ns3:TrackPointExtension>
            <ns3:atemp>26.0</ns3:atemp>
            <ns3:hr>104</ns3:hr>
            <ns3:cad>50</ns3:cad>
          </ns3:TrackPointExtension>
        </extensions>
      </trkpt>
      <trkpt lat="55.809371061623096466064453125" lon="14.2103411816060543060302734375">
        <ele>5.400000095367431640625</ele>
        <time>2026-07-18T04:51:32.000Z</time>
        <extensions>
          <ns3:TrackPointExtension>
            <ns3:atemp>26.0</ns3:atemp>
            <ns3:hr>102</ns3:hr>
            <ns3:cad>49</ns3:cad>
          </ns3:TrackPointExtension>
        </extensions>
      </trkpt>
      <trkpt lat="55.809323452413082122802734375" lon="14.21030648052692413330078125">
        <ele>5.400000095367431640625</ele>
        <time>2026-07-18T04:51:36.000Z</time>
        <extensions>
          <ns3:TrackPointExtension>
            <ns3:atemp>26.0</ns3:atemp>
            <ns3:hr>101</ns3:hr>
            <ns3:cad>49</ns3:cad>
          </ns3:TrackPointExtension>
        </extensions>
      </trkpt>
      <trkpt lat="55.80924776382744312286376953125" lon="14.21024923212826251983642578125">
        <ele>5.400000095367431640625</ele>
        <time>2026-07-18T04:51:42.000Z</time>
        <extensions>
          <ns3:TrackPointExtension>
            <ns3:atemp>26.0</ns3:atemp>
            <ns3:hr>102</ns3:hr>
            <ns3:cad>49</ns3:cad>
          </ns3:TrackPointExtension>
        </extensions>
      </trkpt>
      <trkpt lat="55.80918825231492519378662109375" lon="14.21019206754863262176513671875">
        <ele>5.19999980926513671875</ele>
        <time>2026-07-18T04:51:47.000Z</time>
        <extensions>
          <ns3:TrackPointExtension>
            <ns3:atemp>26.0</ns3:atemp>
            <ns3:hr>102</ns3:hr>
            <ns3:cad>50</ns3:cad>
          </ns3:TrackPointExtension>
        </extensions>
      </trkpt>
      <trkpt lat="55.8091556467115879058837890625" lon="14.2101795785129070281982421875">
        <ele>5.19999980926513671875</ele>
        <time>2026-07-18T04:51:50.000Z</time>
        <extensions>
          <ns3:TrackPointExtension>
            <ns3:atemp>26.0</ns3:atemp>
            <ns3:hr>105</ns3:hr>
            <ns3:cad>49</ns3:cad>
          </ns3:TrackPointExtension>
        </extensions>
      </trkpt>
      <trkpt lat="55.8090842328965663909912109375" lon="14.2101527564227581024169921875">
        <ele>5.400000095367431640625</ele>
        <time>2026-07-18T04:51:56.000Z</time>
        <extensions>
          <ns3:TrackPointExtension>
            <ns3:atemp>26.0</ns3:atemp>
            <ns3:hr>105</ns3:hr>
            <ns3:cad>48</ns3:cad>
          </ns3:TrackPointExtension>
        </extensions>
      </trkpt>
      <trkpt lat="55.809057243168354034423828125" lon="14.21013406477868556976318359375">
        <ele>5.400000095367431640625</ele>
        <time>2026-07-18T04:51:58.000Z</time>
        <extensions>
          <ns3:TrackPointExtension>
            <ns3:atemp>26.0</ns3:atemp>
            <ns3:hr>105</ns3:hr>
            <ns3:cad>48</ns3:cad>
          </ns3:TrackPointExtension>
        </extensions>
      </trkpt>
      <trkpt lat="55.80898725427687168121337890625" lon="14.21009969897568225860595703125">
        <ele>5.400000095367431640625</ele>
        <time>2026-07-18T04:52:04.000Z</time>
        <extensions>
          <ns3:TrackPointExtension>
            <ns3:atemp>26.0</ns3:atemp>
            <ns3:hr>105</ns3:hr>
            <ns3:cad>49</ns3:cad>
          </ns3:TrackPointExtension>
        </extensions>
      </trkpt>
      <trkpt lat="55.808915086090564727783203125" lon="14.21007069759070873260498046875">
        <ele>5.400000095367431640625</ele>
        <time>2026-07-18T04:52:10.000Z</time>
        <extensions>
          <ns3:TrackPointExtension>
            <ns3:atemp>26.0</ns3:atemp>
            <ns3:hr>105</ns3:hr>
            <ns3:cad>48</ns3:cad>
          </ns3:TrackPointExtension>
        </extensions>
      </trkpt>
      <trkpt lat="55.8088468573987483978271484375" lon="14.210022501647472381591796875">
        <ele>5.599999904632568359375</ele>
        <time>2026-07-18T04:52:16.000Z</time>
        <extensions>
          <ns3:TrackPointExtension>
            <ns3:atemp>26.0</ns3:atemp>
            <ns3:hr>105</ns3:hr>
            <ns3:cad>48</ns3:cad>
          </ns3:TrackPointExtension>
        </extensions>
      </trkpt>
      <trkpt lat="55.80879095010459423065185546875" lon="14.20996676199138164520263671875">
        <ele>5.80000019073486328125</ele>
        <time>2026-07-18T04:52:21.000Z</time>
        <extensions>
          <ns3:TrackPointExtension>
            <ns3:atemp>26.0</ns3:atemp>
            <ns3:hr>106</ns3:hr>
            <ns3:cad>48</ns3:cad>
          </ns3:TrackPointExtension>
        </extensions>
      </trkpt>
      <trkpt lat="55.8087184466421604156494140625" lon="14.209905155003070831298828125">
        <ele>5.400000095367431640625</ele>
        <time>2026-07-18T04:52:27.000Z</time>
        <extensions>
          <ns3:TrackPointExtension>
            <ns3:atemp>26.0</ns3:atemp>
            <ns3:hr>105</ns3:hr>
            <ns3:cad>49</ns3:cad>
          </ns3:TrackPointExtension>
        </extensions>
      </trkpt>
      <trkpt lat="55.808667652308940887451171875" lon="14.2098744772374629974365234375">
        <ele>5.19999980926513671875</ele>
        <time>2026-07-18T04:52:31.000Z</time>
        <extensions>
          <ns3:TrackPointExtension>
            <ns3:atemp>26.0</ns3:atemp>
            <ns3:hr>105</ns3:hr>
            <ns3:cad>50</ns3:cad>
          </ns3:TrackPointExtension>
        </extensions>
      </trkpt>
      <trkpt lat="55.80859447829425334930419921875" lon="14.20984555967152118682861328125">
        <ele>5</ele>
        <time>2026-07-18T04:52:37.000Z</time>
        <extensions>
          <ns3:TrackPointExtension>
            <ns3:atemp>26.0</ns3:atemp>
            <ns3:hr>107</ns3:hr>
            <ns3:cad>51</ns3:cad>
          </ns3:TrackPointExtension>
        </extensions>
      </trkpt>
      <trkpt lat="55.808581821620464324951171875" lon="14.2098379321396350860595703125">
        <ele>5</ele>
        <time>2026-07-18T04:52:38.000Z</time>
        <extensions>
          <ns3:TrackPointExtension>
            <ns3:atemp>26.0</ns3:atemp>
            <ns3:hr>105</ns3:hr>
            <ns3:cad>51</ns3:cad>
          </ns3:TrackPointExtension>
        </extensions>
      </trkpt>
      <trkpt lat="55.8085588552057743072509765625" lon="14.20982636511325836181640625">
        <ele>5</ele>
        <time>2026-07-18T04:52:40.000Z</time>
        <extensions>
          <ns3:TrackPointExtension>
            <ns3:atemp>26.0</ns3:atemp>
            <ns3:hr>104</ns3:hr>
            <ns3:cad>51</ns3:cad>
          </ns3:TrackPointExtension>
        </extensions>
      </trkpt>
      <trkpt lat="55.8085072226822376251220703125" lon="14.2097970284521579742431640625">
        <ele>5</ele>
        <time>2026-07-18T04:52:44.000Z</time>
        <extensions>
          <ns3:TrackPointExtension>
            <ns3:atemp>26.0</ns3:atemp>
            <ns3:hr>105</ns3:hr>
            <ns3:cad>50</ns3:cad>
          </ns3:TrackPointExtension>
        </extensions>
      </trkpt>
      <trkpt lat="55.808495990931987762451171875" lon="14.20979149639606475830078125">
        <ele>5.19999980926513671875</ele>
        <time>2026-07-18T04:52:45.000Z</time>
        <extensions>
          <ns3:TrackPointExtension>
            <ns3:atemp>26.0</ns3:atemp>
            <ns3:hr>102</ns3:hr>
            <ns3:cad>50</ns3:cad>
          </ns3:TrackPointExtension>
        </extensions>
      </trkpt>
      <trkpt lat="55.8084158599376678466796875" lon="14.2097658477723598480224609375">
        <ele>5.19999980926513671875</ele>
        <time>2026-07-18T04:52:51.000Z</time>
        <extensions>
          <ns3:TrackPointExtension>
            <ns3:atemp>26.0</ns3:atemp>
            <ns3:hr>102</ns3:hr>
            <ns3:cad>50</ns3:cad>
          </ns3:TrackPointExtension>
        </extensions>
      </trkpt>
      <trkpt lat="55.80837495625019073486328125" lon="14.20975620858371257781982421875">
        <ele>5.19999980926513671875</ele>
        <time>2026-07-18T04:52:54.000Z</time>
        <extensions>
          <ns3:TrackPointExtension>
            <ns3:atemp>26.0</ns3:atemp>
            <ns3:hr>103</ns3:hr>
            <ns3:cad>50</ns3:cad>
          </ns3:TrackPointExtension>
        </extensions>
      </trkpt>
      <trkpt lat="55.80833665095269680023193359375" lon="14.20975319109857082366943359375">
        <ele>5.19999980926513671875</ele>
        <time>2026-07-18T04:52:57.000Z</time>
        <extensions>
          <ns3:TrackPointExtension>
            <ns3:atemp>26.0</ns3:atemp>
            <ns3:hr>99</ns3:hr>
            <ns3:cad>51</ns3:cad>
          </ns3:TrackPointExtension>
        </extensions>
      </trkpt>
      <trkpt lat="55.80828049220144748687744140625" lon="14.20973718166351318359375">
        <ele>5.19999980926513671875</ele>
        <time>2026-07-18T04:53:02.000Z</time>
        <extensions>
          <ns3:TrackPointExtension>
            <ns3:atemp>26.0</ns3:atemp>
            <ns3:hr>99</ns3:hr>
            <ns3:cad>50</ns3:cad>
          </ns3:TrackPointExtension>
        </extensions>
      </trkpt>
      <trkpt lat="55.808239839971065521240234375" lon="14.209730811417102813720703125">
        <ele>5</ele>
        <time>2026-07-18T04:53:05.000Z</time>
        <extensions>
          <ns3:TrackPointExtension>
            <ns3:atemp>26.0</ns3:atemp>
            <ns3:hr>99</ns3:hr>
            <ns3:cad>51</ns3:cad>
          </ns3:TrackPointExtension>
        </extensions>
      </trkpt>
      <trkpt lat="55.8081987686455249786376953125" lon="14.20973257161676883697509765625">
        <ele>5</ele>
        <time>2026-07-18T04:53:08.000Z</time>
        <extensions>
          <ns3:TrackPointExtension>
            <ns3:atemp>26.0</ns3:atemp>
            <ns3:hr>98</ns3:hr>
            <ns3:cad>50</ns3:cad>
          </ns3:TrackPointExtension>
        </extensions>
      </trkpt>
      <trkpt lat="55.80811670981347560882568359375" lon="14.20974330045282840728759765625">
        <ele>5.19999980926513671875</ele>
        <time>2026-07-18T04:53:14.000Z</time>
        <extensions>
          <ns3:TrackPointExtension>
            <ns3:atemp>26.0</ns3:atemp>
            <ns3:hr>99</ns3:hr>
            <ns3:cad>50</ns3:cad>
          </ns3:TrackPointExtension>
        </extensions>
      </trkpt>
      <trkpt lat="55.8080901391804218292236328125" lon="14.20974816195666790008544921875">
        <ele>5.19999980926513671875</ele>
        <time>2026-07-18T04:53:16.000Z</time>
        <extensions>
          <ns3:TrackPointExtension>
            <ns3:atemp>26.0</ns3:atemp>
            <ns3:hr>98</ns3:hr>
            <ns3:cad>50</ns3:cad>
          </ns3:TrackPointExtension>
        </extensions>
      </trkpt>
      <trkpt lat="55.80801076255738735198974609375" lon="14.2097477428615093231201171875">
        <ele>5.19999980926513671875</ele>
        <time>2026-07-18T04:53:22.000Z</time>
        <extensions>
          <ns3:TrackPointExtension>
            <ns3:atemp>26.0</ns3:atemp>
            <ns3:hr>98</ns3:hr>
            <ns3:cad>51</ns3:cad>
          </ns3:TrackPointExtension>
        </extensions>
      </trkpt>
      <trkpt lat="55.80795493908226490020751953125" lon="14.209762327373027801513671875">
        <ele>5.19999980926513671875</ele>
        <time>2026-07-18T04:53:26.000Z</time>
        <extensions>
          <ns3:TrackPointExtension>
            <ns3:atemp>26.0</ns3:atemp>
            <ns3:hr>98</ns3:hr>
            <ns3:cad>50</ns3:cad>
          </ns3:TrackPointExtension>
        </extensions>
      </trkpt>
      <trkpt lat="55.8078805916011333465576171875" lon="14.20975528657436370849609375">
        <ele>5</ele>
        <time>2026-07-18T04:53:32.000Z</time>
        <extensions>
          <ns3:TrackPointExtension>
            <ns3:atemp>26.0</ns3:atemp>
            <ns3:hr>99</ns3:hr>
            <ns3:cad>52</ns3:cad>
          </ns3:TrackPointExtension>
        </extensions>
      </trkpt>
      <trkpt lat="55.80784815363585948944091796875" lon="14.20975126326084136962890625">
        <ele>5</ele>
        <time>2026-07-18T04:53:34.000Z</time>
        <extensions>
          <ns3:TrackPointExtension>
            <ns3:atemp>26.0</ns3:atemp>
            <ns3:hr>100</ns3:hr>
            <ns3:cad>51</ns3:cad>
          </ns3:TrackPointExtension>
        </extensions>
      </trkpt>
      <trkpt lat="55.80777204595506191253662109375" lon="14.20972486026585102081298828125">
        <ele>5.19999980926513671875</ele>
        <time>2026-07-18T04:53:40.000Z</time>
        <extensions>
          <ns3:TrackPointExtension>
            <ns3:atemp>26.0</ns3:atemp>
            <ns3:hr>100</ns3:hr>
            <ns3:cad>50</ns3:cad>
          </ns3:TrackPointExtension>
        </extensions>
      </trkpt>
      <trkpt lat="55.807709433138370513916015625" lon="14.2097299732267856597900390625">
        <ele>5.400000095367431640625</ele>
        <time>2026-07-18T04:53:45.000Z</time>
        <extensions>
          <ns3:TrackPointExtension>
            <ns3:atemp>26.0</ns3:atemp>
            <ns3:hr>100</ns3:hr>
            <ns3:cad>50</ns3:cad>
          </ns3:TrackPointExtension>
        </extensions>
      </trkpt>
      <trkpt lat="55.8076334930956363677978515625" lon="14.2097145505249500274658203125">
        <ele>5.400000095367431640625</ele>
        <time>2026-07-18T04:53:51.000Z</time>
        <extensions>
          <ns3:TrackPointExtension>
            <ns3:atemp>26.0</ns3:atemp>
            <ns3:hr>101</ns3:hr>
            <ns3:cad>50</ns3:cad>
          </ns3:TrackPointExtension>
        </extensions>
      </trkpt>
      <trkpt lat="55.807616226375102996826171875" lon="14.20971077866852283477783203125">
        <ele>5.400000095367431640625</ele>
        <time>2026-07-18T04:53:52.000Z</time>
        <extensions>
          <ns3:TrackPointExtension>
            <ns3:atemp>26.0</ns3:atemp>
            <ns3:hr>101</ns3:hr>
            <ns3:cad>50</ns3:cad>
          </ns3:TrackPointExtension>
        </extensions>
      </trkpt>
      <trkpt lat="55.80757968127727508544921875" lon="14.2097038216888904571533203125">
        <ele>5.400000095367431640625</ele>
        <time>2026-07-18T04:53:55.000Z</time>
        <extensions>
          <ns3:TrackPointExtension>
            <ns3:atemp>26.0</ns3:atemp>
            <ns3:hr>102</ns3:hr>
            <ns3:cad>52</ns3:cad>
          </ns3:TrackPointExtension>
        </extensions>
      </trkpt>
      <trkpt lat="55.8075010590255260467529296875" lon="14.20967523939907550811767578125">
        <ele>5.19999980926513671875</ele>
        <time>2026-07-18T04:54:01.000Z</time>
        <extensions>
          <ns3:TrackPointExtension>
            <ns3:atemp>26.0</ns3:atemp>
            <ns3:hr>101</ns3:hr>
            <ns3:cad>50</ns3:cad>
          </ns3:TrackPointExtension>
        </extensions>
      </trkpt>
      <trkpt lat="55.80748823471367359161376953125" lon="14.20967213809490203857421875">
        <ele>5.19999980926513671875</ele>
        <time>2026-07-18T04:54:02.000Z</time>
        <extensions>
          <ns3:TrackPointExtension>
            <ns3:atemp>26.0</ns3:atemp>
            <ns3:hr>101</ns3:hr>
            <ns3:cad>50</ns3:cad>
          </ns3:TrackPointExtension>
        </extensions>
      </trkpt>
      <trkpt lat="55.80742436461150646209716796875" lon="14.2096277140080928802490234375">
        <ele>5.19999980926513671875</ele>
        <time>2026-07-18T04:54:07.000Z</time>
        <extensions>
          <ns3:TrackPointExtension>
            <ns3:atemp>26.0</ns3:atemp>
            <ns3:hr>97</ns3:hr>
            <ns3:cad>50</ns3:cad>
          </ns3:TrackPointExtension>
        </extensions>
      </trkpt>
      <trkpt lat="55.80741045065224170684814453125" lon="14.20962813310325145721435546875">
        <ele>5.19999980926513671875</ele>
        <time>2026-07-18T04:54:08.000Z</time>
        <extensions>
          <ns3:TrackPointExtension>
            <ns3:atemp>26.0</ns3:atemp>
            <ns3:hr>100</ns3:hr>
            <ns3:cad>50</ns3:cad>
          </ns3:TrackPointExtension>
        </extensions>
      </trkpt>
      <trkpt lat="55.80738480202853679656982421875" lon="14.20962612144649028778076171875">
        <ele>5.400000095367431640625</ele>
        <time>2026-07-18T04:54:10.000Z</time>
        <extensions>
          <ns3:TrackPointExtension>
            <ns3:atemp>26.0</ns3:atemp>
            <ns3:hr>99</ns3:hr>
            <ns3:cad>50</ns3:cad>
          </ns3:TrackPointExtension>
        </extensions>
      </trkpt>
      <trkpt lat="55.80730014480650424957275390625" lon="14.209594018757343292236328125">
        <ele>5.400000095367431640625</ele>
        <time>2026-07-18T04:54:16.000Z</time>
        <extensions>
          <ns3:TrackPointExtension>
            <ns3:atemp>26.0</ns3:atemp>
            <ns3:hr>99</ns3:hr>
            <ns3:cad>50</ns3:cad>
          </ns3:TrackPointExtension>
        </extensions>
      </trkpt>
      <trkpt lat="55.80727030523121356964111328125" lon="14.20959343202412128448486328125">
        <ele>5.400000095367431640625</ele>
        <time>2026-07-18T04:54:18.000Z</time>
        <extensions>
          <ns3:TrackPointExtension>
            <ns3:atemp>26.0</ns3:atemp>
            <ns3:hr>98</ns3:hr>
            <ns3:cad>50</ns3:cad>
          </ns3:TrackPointExtension>
        </extensions>
      </trkpt>
      <trkpt lat="55.80718179233372211456298828125" lon="14.2095623351633548736572265625">
        <ele>5.19999980926513671875</ele>
        <time>2026-07-18T04:54:24.000Z</time>
        <extensions>
          <ns3:TrackPointExtension>
            <ns3:atemp>26.0</ns3:atemp>
            <ns3:hr>99</ns3:hr>
            <ns3:cad>50</ns3:cad>
          </ns3:TrackPointExtension>
        </extensions>
      </trkpt>
      <trkpt lat="55.80714608542621135711669921875" lon="14.20953668653964996337890625">
        <ele>5.19999980926513671875</ele>
        <time>2026-07-18T04:54:27.000Z</time>
        <extensions>
          <ns3:TrackPointExtension>
            <ns3:atemp>26.0</ns3:atemp>
            <ns3:hr>100</ns3:hr>
            <ns3:cad>50</ns3:cad>
          </ns3:TrackPointExtension>
        </extensions>
      </trkpt>
      <trkpt lat="55.8070702292025089263916015625" lon="14.20950173400342464447021484375">
        <ele>5.599999904632568359375</ele>
        <time>2026-07-18T04:54:33.000Z</time>
        <extensions>
          <ns3:TrackPointExtension>
            <ns3:atemp>26.0</ns3:atemp>
            <ns3:hr>101</ns3:hr>
            <ns3:cad>48</ns3:cad>
          </ns3:TrackPointExtension>
        </extensions>
      </trkpt>
      <trkpt lat="55.8070434071123600006103515625" lon="14.20948865823447704315185546875">
        <ele>5.400000095367431640625</ele>
        <time>2026-07-18T04:54:35.000Z</time>
        <extensions>
          <ns3:TrackPointExtension>
            <ns3:atemp>26.0</ns3:atemp>
            <ns3:hr>101</ns3:hr>
            <ns3:cad>48</ns3:cad>
          </ns3:TrackPointExtension>
        </extensions>
      </trkpt>
      <trkpt lat="55.80696453340351581573486328125" lon="14.2094426415860652923583984375">
        <ele>5.400000095367431640625</ele>
        <time>2026-07-18T04:54:41.000Z</time>
        <extensions>
          <ns3:TrackPointExtension>
            <ns3:atemp>26.0</ns3:atemp>
            <ns3:hr>99</ns3:hr>
            <ns3:cad>49</ns3:cad>
          </ns3:TrackPointExtension>
        </extensions>
      </trkpt>
      <trkpt lat="55.8069257251918315887451171875" lon="14.2094382829964160919189453125">
        <ele>5.599999904632568359375</ele>
        <time>2026-07-18T04:54:44.000Z</time>
        <extensions>
          <ns3:TrackPointExtension>
            <ns3:atemp>26.0</ns3:atemp>
            <ns3:hr>99</ns3:hr>
            <ns3:cad>50</ns3:cad>
          </ns3:TrackPointExtension>
        </extensions>
      </trkpt>
      <trkpt lat="55.80685171298682689666748046875" lon="14.209404923021793365478515625">
        <ele>5.400000095367431640625</ele>
        <time>2026-07-18T04:54:50.000Z</time>
        <extensions>
          <ns3:TrackPointExtension>
            <ns3:atemp>26.0</ns3:atemp>
            <ns3:hr>100</ns3:hr>
            <ns3:cad>50</ns3:cad>
          </ns3:TrackPointExtension>
        </extensions>
      </trkpt>
      <trkpt lat="55.80682866275310516357421875" lon="14.2093950323760509490966796875">
        <ele>5.400000095367431640625</ele>
        <time>2026-07-18T04:54:52.000Z</time>
        <extensions>
          <ns3:TrackPointExtension>
            <ns3:atemp>26.0</ns3:atemp>
            <ns3:hr>99</ns3:hr>
            <ns3:cad>51</ns3:cad>
          </ns3:TrackPointExtension>
        </extensions>
      </trkpt>
      <trkpt lat="55.80677568912506103515625" lon="14.20937751419842243194580078125">
        <ele>5.400000095367431640625</ele>
        <time>2026-07-18T04:54:56.000Z</time>
        <extensions>
          <ns3:TrackPointExtension>
            <ns3:atemp>26.0</ns3:atemp>
            <ns3:hr>97</ns3:hr>
            <ns3:cad>51</ns3:cad>
          </ns3:TrackPointExtension>
        </extensions>
      </trkpt>
      <trkpt lat="55.80671324394643306732177734375" lon="14.2093631811439990997314453125">
        <ele>5.599999904632568359375</ele>
        <time>2026-07-18T04:55:01.000Z</time>
        <extensions>
          <ns3:TrackPointExtension>
            <ns3:atemp>26.0</ns3:atemp>
            <ns3:hr>101</ns3:hr>
            <ns3:cad>50</ns3:cad>
          </ns3:TrackPointExtension>
        </extensions>
      </trkpt>
      <trkpt lat="55.80670150928199291229248046875" lon="14.20935857109725475311279296875">
        <ele>5.599999904632568359375</ele>
        <time>2026-07-18T04:55:02.000Z</time>
        <extensions>
          <ns3:TrackPointExtension>
            <ns3:atemp>26.0</ns3:atemp>
            <ns3:hr>101</ns3:hr>
            <ns3:cad>50</ns3:cad>
          </ns3:TrackPointExtension>
        </extensions>
      </trkpt>
      <trkpt lat="55.80662976019084453582763671875" lon="14.209323115646839141845703125">
        <ele>5.599999904632568359375</ele>
        <time>2026-07-18T04:55:08.000Z</time>
        <extensions>
          <ns3:TrackPointExtension>
            <ns3:atemp>26.0</ns3:atemp>
            <ns3:hr>101</ns3:hr>
            <ns3:cad>49</ns3:cad>
          </ns3:TrackPointExtension>
        </extensions>
      </trkpt>
      <trkpt lat="55.80655029974877834320068359375" lon="14.20929855667054653167724609375">
        <ele>5.599999904632568359375</ele>
        <time>2026-07-18T04:55:14.000Z</time>
        <extensions>
          <ns3:TrackPointExtension>
            <ns3:atemp>26.0</ns3:atemp>
            <ns3:hr>102</ns3:hr>
            <ns3:cad>50</ns3:cad>
          </ns3:TrackPointExtension>
        </extensions>
      </trkpt>
      <trkpt lat="55.8065381459891796112060546875" lon="14.209289588034152984619140625">
        <ele>5.400000095367431640625</ele>
        <time>2026-07-18T04:55:15.000Z</time>
        <extensions>
          <ns3:TrackPointExtension>
            <ns3:atemp>25.0</ns3:atemp>
            <ns3:hr>103</ns3:hr>
            <ns3:cad>50</ns3:cad>
          </ns3:TrackPointExtension>
        </extensions>
      </trkpt>
      <trkpt lat="55.80645985901355743408203125" lon="14.20924323610961437225341796875">
        <ele>5.400000095367431640625</ele>
        <time>2026-07-18T04:55:21.000Z</time>
        <extensions>
          <ns3:TrackPointExtension>
            <ns3:atemp>26.0</ns3:atemp>
            <ns3:hr>104</ns3:hr>
            <ns3:cad>51</ns3:cad>
          </ns3:TrackPointExtension>
        </extensions>
      </trkpt>
      <trkpt lat="55.8063859306275844573974609375" lon="14.2091972194612026214599609375">
        <ele>5.19999980926513671875</ele>
        <time>2026-07-18T04:55:27.000Z</time>
        <extensions>
          <ns3:TrackPointExtension>
            <ns3:atemp>26.0</ns3:atemp>
            <ns3:hr>104</ns3:hr>
            <ns3:cad>50</ns3:cad>
          </ns3:TrackPointExtension>
        </extensions>
      </trkpt>
      <trkpt lat="55.806374363601207733154296875" lon="14.20918674208223819732666015625">
        <ele>5.19999980926513671875</ele>
        <time>2026-07-18T04:55:28.000Z</time>
        <extensions>
          <ns3:TrackPointExtension>
            <ns3:atemp>26.0</ns3:atemp>
            <ns3:hr>104</ns3:hr>
            <ns3:cad>50</ns3:cad>
          </ns3:TrackPointExtension>
        </extensions>
      </trkpt>
      <trkpt lat="55.8063215576112270355224609375" lon="14.209170900285243988037109375">
        <ele>5.19999980926513671875</ele>
        <time>2026-07-18T04:55:32.000Z</time>
        <extensions>
          <ns3:TrackPointExtension>
            <ns3:atemp>26.0</ns3:atemp>
            <ns3:hr>100</ns3:hr>
            <ns3:cad>49</ns3:cad>
          </ns3:TrackPointExtension>
        </extensions>
      </trkpt>
      <trkpt lat="55.8062856830656528472900390625" lon="14.2091610096395015716552734375">
        <ele>5.19999980926513671875</ele>
        <time>2026-07-18T04:55:35.000Z</time>
        <extensions>
          <ns3:TrackPointExtension>
            <ns3:atemp>26.0</ns3:atemp>
            <ns3:hr>103</ns3:hr>
            <ns3:cad>49</ns3:cad>
          </ns3:TrackPointExtension>
        </extensions>
      </trkpt>
      <trkpt lat="55.8062511496245861053466796875" lon="14.2091459222137928009033203125">
        <ele>5.19999980926513671875</ele>
        <time>2026-07-18T04:55:38.000Z</time>
        <extensions>
          <ns3:TrackPointExtension>
            <ns3:atemp>26.0</ns3:atemp>
            <ns3:hr>106</ns3:hr>
            <ns3:cad>50</ns3:cad>
          </ns3:TrackPointExtension>
        </extensions>
      </trkpt>
      <trkpt lat="55.806239582598209381103515625" lon="14.20914013870060443878173828125">
        <ele>5.19999980926513671875</ele>
        <time>2026-07-18T04:55:39.000Z</time>
        <extensions>
          <ns3:TrackPointExtension>
            <ns3:atemp>26.0</ns3:atemp>
            <ns3:hr>103</ns3:hr>
            <ns3:cad>50</ns3:cad>
          </ns3:TrackPointExtension>
        </extensions>
      </trkpt>
      <trkpt lat="55.8062162809073925018310546875" lon="14.20913293026387691497802734375">
        <ele>5.19999980926513671875</ele>
        <time>2026-07-18T04:55:41.000Z</time>
        <extensions>
          <ns3:TrackPointExtension>
            <ns3:atemp>26.0</ns3:atemp>
            <ns3:hr>106</ns3:hr>
            <ns3:cad>50</ns3:cad>
          </ns3:TrackPointExtension>
        </extensions>
      </trkpt>
      <trkpt lat="55.80620714463293552398681640625" lon="14.2091237939894199371337890625">
        <ele>5.19999980926513671875</ele>
        <time>2026-07-18T04:55:42.000Z</time>
        <extensions>
          <ns3:TrackPointExtension>
            <ns3:atemp>26.0</ns3:atemp>
            <ns3:hr>103</ns3:hr>
            <ns3:cad>50</ns3:cad>
          </ns3:TrackPointExtension>
        </extensions>
      </trkpt>
      <trkpt lat="55.8061928115785121917724609375" lon="14.209120608866214752197265625">
        <ele>5.19999980926513671875</ele>
        <time>2026-07-18T04:55:43.000Z</time>
        <extensions>
          <ns3:TrackPointExtension>
            <ns3:atemp>26.0</ns3:atemp>
            <ns3:hr>102</ns3:hr>
            <ns3:cad>50</ns3:cad>
          </ns3:TrackPointExtension>
        </extensions>
      </trkpt>
      <trkpt lat="55.80611829645931720733642578125" lon="14.209083728492259979248046875">
        <ele>5.19999980926513671875</ele>
        <time>2026-07-18T04:55:49.000Z</time>
        <extensions>
          <ns3:TrackPointExtension>
            <ns3:atemp>26.0</ns3:atemp>
            <ns3:hr>98</ns3:hr>
            <ns3:cad>50</ns3:cad>
          </ns3:TrackPointExtension>
        </extensions>
      </trkpt>
      <trkpt lat="55.80610572360455989837646484375" lon="14.20907727442681789398193359375">
        <ele>5.19999980926513671875</ele>
        <time>2026-07-18T04:55:50.000Z</time>
        <extensions>
          <ns3:TrackPointExtension>
            <ns3:atemp>26.0</ns3:atemp>
            <ns3:hr>98</ns3:hr>
            <ns3:cad>50</ns3:cad>
          </ns3:TrackPointExtension>
        </extensions>
      </trkpt>
      <trkpt lat="55.80608108080923557281494140625" lon="14.20907258056104183197021484375">
        <ele>5.19999980926513671875</ele>
        <time>2026-07-18T04:55:52.000Z</time>
        <extensions>
          <ns3:TrackPointExtension>
            <ns3:atemp>26.0</ns3:atemp>
            <ns3:hr>96</ns3:hr>
            <ns3:cad>49</ns3:cad>
          </ns3:TrackPointExtension>
        </extensions>
      </trkpt>
      <trkpt lat="55.8060084097087383270263671875" lon="14.20902966521680355072021484375">
        <ele>5.19999980926513671875</ele>
        <time>2026-07-18T04:55:58.000Z</time>
        <extensions>
          <ns3:TrackPointExtension>
            <ns3:atemp>26.0</ns3:atemp>
            <ns3:hr>94</ns3:hr>
            <ns3:cad>49</ns3:cad>
          </ns3:TrackPointExtension>
        </extensions>
      </trkpt>
      <trkpt lat="55.80596792511641979217529296875" lon="14.20899831689894199371337890625">
        <ele>5</ele>
        <time>2026-07-18T04:56:01.000Z</time>
        <extensions>
          <ns3:TrackPointExtension>
            <ns3:atemp>26.0</ns3:atemp>
            <ns3:hr>98</ns3:hr>
            <ns3:cad>49</ns3:cad>
          </ns3:TrackPointExtension>
        </extensions>
      </trkpt>
      <trkpt lat="55.80594009719789028167724609375" lon="14.2089883424341678619384765625">
        <ele>5</ele>
        <time>2026-07-18T04:56:03.000Z</time>
        <extensions>
          <ns3:TrackPointExtension>
            <ns3:atemp>26.0</ns3:atemp>
            <ns3:hr>95</ns3:hr>
            <ns3:cad>50</ns3:cad>
          </ns3:TrackPointExtension>
        </extensions>
      </trkpt>
      <trkpt lat="55.80586901865899562835693359375" lon="14.2089209519326686859130859375">
        <ele>5</ele>
        <time>2026-07-18T04:56:09.000Z</time>
        <extensions>
          <ns3:TrackPointExtension>
            <ns3:atemp>26.0</ns3:atemp>
            <ns3:hr>93</ns3:hr>
            <ns3:cad>51</ns3:cad>
          </ns3:TrackPointExtension>
        </extensions>
      </trkpt>
      <trkpt lat="55.8058347366750240325927734375" lon="14.20889773406088352203369140625">
        <ele>5</ele>
        <time>2026-07-18T04:56:12.000Z</time>
        <extensions>
          <ns3:TrackPointExtension>
            <ns3:atemp>26.0</ns3:atemp>
            <ns3:hr>96</ns3:hr>
            <ns3:cad>50</ns3:cad>
          </ns3:TrackPointExtension>
        </extensions>
      </trkpt>
      <trkpt lat="55.80582174472510814666748046875" lon="14.20888683758676052093505859375">
        <ele>5</ele>
        <time>2026-07-18T04:56:13.000Z</time>
        <extensions>
          <ns3:TrackPointExtension>
            <ns3:atemp>26.0</ns3:atemp>
            <ns3:hr>94</ns3:hr>
            <ns3:cad>50</ns3:cad>
          </ns3:TrackPointExtension>
        </extensions>
      </trkpt>
      <trkpt lat="55.80581252463161945343017578125" lon="14.2088726721704006195068359375">
        <ele>5</ele>
        <time>2026-07-18T04:56:14.000Z</time>
        <extensions>
          <ns3:TrackPointExtension>
            <ns3:atemp>26.0</ns3:atemp>
            <ns3:hr>97</ns3:hr>
            <ns3:cad>50</ns3:cad>
          </ns3:TrackPointExtension>
        </extensions>
      </trkpt>
      <trkpt lat="55.80573775805532932281494140625" lon="14.20882782898843288421630859375">
        <ele>5</ele>
        <time>2026-07-18T04:56:20.000Z</time>
        <extensions>
          <ns3:TrackPointExtension>
            <ns3:atemp>26.0</ns3:atemp>
            <ns3:hr>100</ns3:hr>
            <ns3:cad>50</ns3:cad>
          </ns3:TrackPointExtension>
        </extensions>
      </trkpt>
      <trkpt lat="55.8057173900306224822998046875" lon="14.208816178143024444580078125">
        <ele>5</ele>
        <time>2026-07-18T04:56:22.000Z</time>
        <extensions>
          <ns3:TrackPointExtension>
            <ns3:atemp>26.0</ns3:atemp>
            <ns3:hr>97</ns3:hr>
            <ns3:cad>49</ns3:cad>
          </ns3:TrackPointExtension>
        </extensions>
      </trkpt>
      <trkpt lat="55.80568931065499782562255859375" lon="14.20880402438342571258544921875">
        <ele>5</ele>
        <time>2026-07-18T04:56:24.000Z</time>
        <extensions>
          <ns3:TrackPointExtension>
            <ns3:atemp>26.0</ns3:atemp>
            <ns3:hr>100</ns3:hr>
            <ns3:cad>49</ns3:cad>
          </ns3:TrackPointExtension>
        </extensions>
      </trkpt>
      <trkpt lat="55.80560599453747272491455078125" lon="14.208786673843860626220703125">
        <ele>5</ele>
        <time>2026-07-18T04:56:30.000Z</time>
        <extensions>
          <ns3:TrackPointExtension>
            <ns3:atemp>26.0</ns3:atemp>
            <ns3:hr>100</ns3:hr>
            <ns3:cad>51</ns3:cad>
          </ns3:TrackPointExtension>
        </extensions>
      </trkpt>
      <trkpt lat="55.80559174530208110809326171875" lon="14.20877887867391109466552734375">
        <ele>5</ele>
        <time>2026-07-18T04:56:31.000Z</time>
        <extensions>
          <ns3:TrackPointExtension>
            <ns3:atemp>26.0</ns3:atemp>
            <ns3:hr>99</ns3:hr>
            <ns3:cad>51</ns3:cad>
          </ns3:TrackPointExtension>
        </extensions>
      </trkpt>
      <trkpt lat="55.80551245249807834625244140625" lon="14.2087365500628948211669921875">
        <ele>4.80000019073486328125</ele>
        <time>2026-07-18T04:56:37.000Z</time>
        <extensions>
          <ns3:TrackPointExtension>
            <ns3:atemp>26.0</ns3:atemp>
            <ns3:hr>97</ns3:hr>
            <ns3:cad>50</ns3:cad>
          </ns3:TrackPointExtension>
        </extensions>
      </trkpt>
      <trkpt lat="55.80544958822429180145263671875" lon="14.20870788395404815673828125">
        <ele>4.80000019073486328125</ele>
        <time>2026-07-18T04:56:42.000Z</time>
        <extensions>
          <ns3:TrackPointExtension>
            <ns3:atemp>26.0</ns3:atemp>
            <ns3:hr>96</ns3:hr>
            <ns3:cad>50</ns3:cad>
          </ns3:TrackPointExtension>
        </extensions>
      </trkpt>
      <trkpt lat="55.8053742349147796630859375" lon="14.20867913402616977691650390625">
        <ele>4.80000019073486328125</ele>
        <time>2026-07-18T04:56:48.000Z</time>
        <extensions>
          <ns3:TrackPointExtension>
            <ns3:atemp>26.0</ns3:atemp>
            <ns3:hr>93</ns3:hr>
            <ns3:cad>50</ns3:cad>
          </ns3:TrackPointExtension>
        </extensions>
      </trkpt>
      <trkpt lat="55.805363841354846954345703125" lon="14.20866672880947589874267578125">
        <ele>5</ele>
        <time>2026-07-18T04:56:49.000Z</time>
        <extensions>
          <ns3:TrackPointExtension>
            <ns3:atemp>26.0</ns3:atemp>
            <ns3:hr>93</ns3:hr>
            <ns3:cad>50</ns3:cad>
          </ns3:TrackPointExtension>
        </extensions>
      </trkpt>
      <trkpt lat="55.8053435571491718292236328125" lon="14.20864108018577098846435546875">
        <ele>5</ele>
        <time>2026-07-18T04:56:51.000Z</time>
        <extensions>
          <ns3:TrackPointExtension>
            <ns3:atemp>26.0</ns3:atemp>
            <ns3:hr>93</ns3:hr>
            <ns3:cad>49</ns3:cad>
          </ns3:TrackPointExtension>
        </extensions>
      </trkpt>
      <trkpt lat="55.80527541227638721466064453125" lon="14.208600930869579315185546875">
        <ele>5</ele>
        <time>2026-07-18T04:56:56.000Z</time>
        <extensions>
          <ns3:TrackPointExtension>
            <ns3:atemp>26.0</ns3:atemp>
            <ns3:hr>90</ns3:hr>
            <ns3:cad>50</ns3:cad>
          </ns3:TrackPointExtension>
        </extensions>
      </trkpt>
      <trkpt lat="55.80524322576820850372314453125" lon="14.20857268385589122772216796875">
        <ele>5</ele>
        <time>2026-07-18T04:56:59.000Z</time>
        <extensions>
          <ns3:TrackPointExtension>
            <ns3:atemp>26.0</ns3:atemp>
            <ns3:hr>86</ns3:hr>
            <ns3:cad>49</ns3:cad>
          </ns3:TrackPointExtension>
        </extensions>
      </trkpt>
      <trkpt lat="55.80523132346570491790771484375" lon="14.20856161974370479583740234375">
        <ele>5.19999980926513671875</ele>
        <time>2026-07-18T04:57:00.000Z</time>
        <extensions>
          <ns3:TrackPointExtension>
            <ns3:atemp>26.0</ns3:atemp>
            <ns3:hr>83</ns3:hr>
            <ns3:cad>49</ns3:cad>
          </ns3:TrackPointExtension>
        </extensions>
      </trkpt>
      <trkpt lat="55.80520735122263431549072265625" lon="14.20853982679545879364013671875">
        <ele>5.19999980926513671875</ele>
        <time>2026-07-18T04:57:02.000Z</time>
        <extensions>
          <ns3:TrackPointExtension>
            <ns3:atemp>26.0</ns3:atemp>
            <ns3:hr>79</ns3:hr>
            <ns3:cad>48</ns3:cad>
          </ns3:TrackPointExtension>
        </extensions>
      </trkpt>
      <trkpt lat="55.8051846362650394439697265625" lon="14.20851744711399078369140625">
        <ele>5.400000095367431640625</ele>
        <time>2026-07-18T04:57:04.000Z</time>
        <extensions>
          <ns3:TrackPointExtension>
            <ns3:atemp>26.0</ns3:atemp>
            <ns3:hr>76</ns3:hr>
            <ns3:cad>48</ns3:cad>
          </ns3:TrackPointExtension>
        </extensions>
      </trkpt>
      <trkpt lat="55.8051306568086147308349609375" lon="14.20846556313335895538330078125">
        <ele>5.599999904632568359375</ele>
        <time>2026-07-18T04:57:09.000Z</time>
        <extensions>
          <ns3:TrackPointExtension>
            <ns3:atemp>26.0</ns3:atemp>
            <ns3:hr>76</ns3:hr>
            <ns3:cad>48</ns3:cad>
          </ns3:TrackPointExtension>
        </extensions>
      </trkpt>
      <trkpt lat="55.805120766162872314453125" lon="14.208457767963409423828125">
        <ele>5.599999904632568359375</ele>
        <time>2026-07-18T04:57:10.000Z</time>
        <extensions>
          <ns3:TrackPointExtension>
            <ns3:atemp>26.0</ns3:atemp>
            <ns3:hr>76</ns3:hr>
            <ns3:cad>48</ns3:cad>
          </ns3:TrackPointExtension>
        </extensions>
      </trkpt>
      <trkpt lat="55.80505429767072200775146484375" lon="14.20842516236007213592529296875">
        <ele>6.400000095367431640625</ele>
        <time>2026-07-18T04:57:16.000Z</time>
        <extensions>
          <ns3:TrackPointExtension>
            <ns3:atemp>26.0</ns3:atemp>
            <ns3:hr>78</ns3:hr>
            <ns3:cad>48</ns3:cad>
          </ns3:TrackPointExtension>
        </extensions>
      </trkpt>
      <trkpt lat="55.80502982251346111297607421875" lon="14.208413176238536834716796875">
        <ele>6.599999904632568359375</ele>
        <time>2026-07-18T04:57:18.000Z</time>
        <extensions>
          <ns3:TrackPointExtension>
            <ns3:atemp>26.0</ns3:atemp>
            <ns3:hr>80</ns3:hr>
            <ns3:cad>48</ns3:cad>
          </ns3:TrackPointExtension>
        </extensions>
      </trkpt>
      <trkpt lat="55.8050156570971012115478515625" lon="14.20841024257242679595947265625">
        <ele>6.80000019073486328125</ele>
        <time>2026-07-18T04:57:19.000Z</time>
        <extensions>
          <ns3:TrackPointExtension>
            <ns3:atemp>26.0</ns3:atemp>
            <ns3:hr>81</ns3:hr>
            <ns3:cad>47</ns3:cad>
          </ns3:TrackPointExtension>
        </extensions>
      </trkpt>
      <trkpt lat="55.8049479313194751739501953125" lon="14.20839297585189342498779296875">
        <ele>6.80000019073486328125</ele>
        <time>2026-07-18T04:57:24.000Z</time>
        <extensions>
          <ns3:TrackPointExtension>
            <ns3:atemp>26.0</ns3:atemp>
            <ns3:hr>84</ns3:hr>
            <ns3:cad>47</ns3:cad>
          </ns3:TrackPointExtension>
        </extensions>
      </trkpt>
      <trkpt lat="55.8048942871391773223876953125" lon="14.208386354148387908935546875">
        <ele>6.400000095367431640625</ele>
        <time>2026-07-18T04:57:28.000Z</time>
        <extensions>
          <ns3:TrackPointExtension>
            <ns3:atemp>26.0</ns3:atemp>
            <ns3:hr>86</ns3:hr>
            <ns3:cad>50</ns3:cad>
          </ns3:TrackPointExtension>
        </extensions>
      </trkpt>
      <trkpt lat="55.80482329241931438446044921875" lon="14.20837503857910633087158203125">
        <ele>5.80000019073486328125</ele>
        <time>2026-07-18T04:57:33.000Z</time>
        <extensions>
          <ns3:TrackPointExtension>
            <ns3:atemp>26.0</ns3:atemp>
            <ns3:hr>85</ns3:hr>
            <ns3:cad>52</ns3:cad>
          </ns3:TrackPointExtension>
        </extensions>
      </trkpt>
      <trkpt lat="55.80478976480662822723388671875" lon="14.20834570191800594329833984375">
        <ele>5.599999904632568359375</ele>
        <time>2026-07-18T04:57:36.000Z</time>
        <extensions>
          <ns3:TrackPointExtension>
            <ns3:atemp>26.0</ns3:atemp>
            <ns3:hr>84</ns3:hr>
            <ns3:cad>51</ns3:cad>
          </ns3:TrackPointExtension>
        </extensions>
      </trkpt>
      <trkpt lat="55.80473595298826694488525390625" lon="14.2082691751420497894287109375">
        <ele>5.400000095367431640625</ele>
        <time>2026-07-18T04:57:42.000Z</time>
        <extensions>
          <ns3:TrackPointExtension>
            <ns3:atemp>26.0</ns3:atemp>
            <ns3:hr>83</ns3:hr>
            <ns3:cad>49</ns3:cad>
          </ns3:TrackPointExtension>
        </extensions>
      </trkpt>
      <trkpt lat="55.8047112263739109039306640625" lon="14.20824830420315265655517578125">
        <ele>5.400000095367431640625</ele>
        <time>2026-07-18T04:57:44.000Z</time>
        <extensions>
          <ns3:TrackPointExtension>
            <ns3:atemp>26.0</ns3:atemp>
            <ns3:hr>82</ns3:hr>
            <ns3:cad>50</ns3:cad>
          </ns3:TrackPointExtension>
        </extensions>
      </trkpt>
      <trkpt lat="55.80465565435588359832763671875" lon="14.20815174467861652374267578125">
        <ele>5.19999980926513671875</ele>
        <time>2026-07-18T04:57:50.000Z</time>
        <extensions>
          <ns3:TrackPointExtension>
            <ns3:atemp>26.0</ns3:atemp>
            <ns3:hr>81</ns3:hr>
            <ns3:cad>49</ns3:cad>
          </ns3:TrackPointExtension>
        </extensions>
      </trkpt>
      <trkpt lat="55.80462179146707057952880859375" lon="14.20810765586793422698974609375">
        <ele>5.19999980926513671875</ele>
        <time>2026-07-18T04:57:53.000Z</time>
        <extensions>
          <ns3:TrackPointExtension>
            <ns3:atemp>26.0</ns3:atemp>
            <ns3:hr>82</ns3:hr>
            <ns3:cad>50</ns3:cad>
          </ns3:TrackPointExtension>
        </extensions>
      </trkpt>
      <trkpt lat="55.8045549876987934112548828125" lon="14.2080366611480712890625">
        <ele>5</ele>
        <time>2026-07-18T04:57:59.000Z</time>
        <extensions>
          <ns3:TrackPointExtension>
            <ns3:atemp>26.0</ns3:atemp>
            <ns3:hr>79</ns3:hr>
            <ns3:cad>50</ns3:cad>
          </ns3:TrackPointExtension>
        </extensions>
      </trkpt>
      <trkpt lat="55.80450830049812793731689453125" lon="14.2080031335353851318359375">
        <ele>5</ele>
        <time>2026-07-18T04:58:03.000Z</time>
        <extensions>
          <ns3:TrackPointExtension>
            <ns3:atemp>26.0</ns3:atemp>
            <ns3:hr>76</ns3:hr>
            <ns3:cad>50</ns3:cad>
          </ns3:TrackPointExtension>
        </extensions>
      </trkpt>
      <trkpt lat="55.80443722195923328399658203125" lon="14.2079577036201953887939453125">
        <ele>5</ele>
        <time>2026-07-18T04:58:09.000Z</time>
        <extensions>
          <ns3:TrackPointExtension>
            <ns3:atemp>26.0</ns3:atemp>
            <ns3:hr>75</ns3:hr>
            <ns3:cad>50</ns3:cad>
          </ns3:TrackPointExtension>
        </extensions>
      </trkpt>
      <trkpt lat="55.80436849035322666168212890625" lon="14.20794077217578887939453125">
        <ele>4.80000019073486328125</ele>
        <time>2026-07-18T04:58:14.000Z</time>
        <extensions>
          <ns3:TrackPointExtension>
            <ns3:atemp>26.0</ns3:atemp>
            <ns3:hr>75</ns3:hr>
            <ns3:cad>51</ns3:cad>
          </ns3:TrackPointExtension>
        </extensions>
      </trkpt>
      <trkpt lat="55.8042931370437145233154296875" lon="14.207899533212184906005859375">
        <ele>4.80000019073486328125</ele>
        <time>2026-07-18T04:58:20.000Z</time>
        <extensions>
          <ns3:TrackPointExtension>
            <ns3:atemp>26.0</ns3:atemp>
            <ns3:hr>75</ns3:hr>
            <ns3:cad>50</ns3:cad>
          </ns3:TrackPointExtension>
        </extensions>
      </trkpt>
      <trkpt lat="55.80421979539096355438232421875" lon="14.2078614793717861175537109375">
        <ele>5</ele>
        <time>2026-07-18T04:58:26.000Z</time>
        <extensions>
          <ns3:TrackPointExtension>
            <ns3:atemp>26.0</ns3:atemp>
            <ns3:hr>74</ns3:hr>
            <ns3:cad>50</ns3:cad>
          </ns3:TrackPointExtension>
        </extensions>
      </trkpt>
      <trkpt lat="55.8041446097195148468017578125" lon="14.2078269459307193756103515625">
        <ele>4.80000019073486328125</ele>
        <time>2026-07-18T04:58:32.000Z</time>
        <extensions>
          <ns3:TrackPointExtension>
            <ns3:atemp>26.0</ns3:atemp>
            <ns3:hr>74</ns3:hr>
            <ns3:cad>50</ns3:cad>
          </ns3:TrackPointExtension>
        </extensions>
      </trkpt>
      <trkpt lat="55.80410529859364032745361328125" lon="14.2078168876469135284423828125">
        <ele>4.80000019073486328125</ele>
        <time>2026-07-18T04:58:35.000Z</time>
        <extensions>
          <ns3:TrackPointExtension>
            <ns3:atemp>26.0</ns3:atemp>
            <ns3:hr>73</ns3:hr>
            <ns3:cad>51</ns3:cad>
          </ns3:TrackPointExtension>
        </extensions>
      </trkpt>
      <trkpt lat="55.8040312863886356353759765625" lon="14.20779350213706493377685546875">
        <ele>4.80000019073486328125</ele>
        <time>2026-07-18T04:58:41.000Z</time>
        <extensions>
          <ns3:TrackPointExtension>
            <ns3:atemp>26.0</ns3:atemp>
            <ns3:hr>73</ns3:hr>
            <ns3:cad>50</ns3:cad>
          </ns3:TrackPointExtension>
        </extensions>
      </trkpt>
      <trkpt lat="55.80399222671985626220703125" lon="14.207781851291656494140625">
        <ele>4.80000019073486328125</ele>
        <time>2026-07-18T04:58:44.000Z</time>
        <extensions>
          <ns3:TrackPointExtension>
            <ns3:atemp>26.0</ns3:atemp>
            <ns3:hr>73</ns3:hr>
            <ns3:cad>50</ns3:cad>
          </ns3:TrackPointExtension>
        </extensions>
      </trkpt>
      <trkpt lat="55.80393799580633640289306640625" lon="14.207754023373126983642578125">
        <ele>4.80000019073486328125</ele>
        <time>2026-07-18T04:58:48.000Z</time>
        <extensions>
          <ns3:TrackPointExtension>
            <ns3:atemp>26.0</ns3:atemp>
            <ns3:hr>70</ns3:hr>
            <ns3:cad>50</ns3:cad>
          </ns3:TrackPointExtension>
        </extensions>
      </trkpt>
      <trkpt lat="55.80390698276460170745849609375" lon="14.207728542387485504150390625">
        <ele>4.80000019073486328125</ele>
        <time>2026-07-18T04:58:51.000Z</time>
        <extensions>
          <ns3:TrackPointExtension>
            <ns3:atemp>26.0</ns3:atemp>
            <ns3:hr>70</ns3:hr>
            <ns3:cad>50</ns3:cad>
          </ns3:TrackPointExtension>
        </extensions>
      </trkpt>
      <trkpt lat="55.80383422784507274627685546875" lon="14.2076901532709598541259765625">
        <ele>4.80000019073486328125</ele>
        <time>2026-07-18T04:58:57.000Z</time>
        <extensions>
          <ns3:TrackPointExtension>
            <ns3:atemp>26.0</ns3:atemp>
            <ns3:hr>72</ns3:hr>
            <ns3:cad>50</ns3:cad>
          </ns3:TrackPointExtension>
        </extensions>
      </trkpt>
      <trkpt lat="55.80379483290016651153564453125" lon="14.2076774127781391143798828125">
        <ele>4.80000019073486328125</ele>
        <time>2026-07-18T04:59:00.000Z</time>
        <extensions>
          <ns3:TrackPointExtension>
            <ns3:atemp>26.0</ns3:atemp>
            <ns3:hr>71</ns3:hr>
            <ns3:cad>48</ns3:cad>
          </ns3:TrackPointExtension>
        </extensions>
      </trkpt>
      <trkpt lat="55.80372308380901813507080078125" lon="14.20762016437947750091552734375">
        <ele>5</ele>
        <time>2026-07-18T04:59:06.000Z</time>
        <extensions>
          <ns3:TrackPointExtension>
            <ns3:atemp>26.0</ns3:atemp>
            <ns3:hr>73</ns3:hr>
            <ns3:cad>50</ns3:cad>
          </ns3:TrackPointExtension>
        </extensions>
      </trkpt>
      <trkpt lat="55.8036482334136962890625" lon="14.2075939290225505828857421875">
        <ele>4.80000019073486328125</ele>
        <time>2026-07-18T04:59:11.000Z</time>
        <extensions>
          <ns3:TrackPointExtension>
            <ns3:atemp>26.0</ns3:atemp>
            <ns3:hr>71</ns3:hr>
            <ns3:cad>50</ns3:cad>
          </ns3:TrackPointExtension>
        </extensions>
      </trkpt>
      <trkpt lat="55.8035712875425815582275390625" lon="14.207556881010532379150390625">
        <ele>4.80000019073486328125</ele>
        <time>2026-07-18T04:59:17.000Z</time>
        <extensions>
          <ns3:TrackPointExtension>
            <ns3:atemp>26.0</ns3:atemp>
            <ns3:hr>71</ns3:hr>
            <ns3:cad>49</ns3:cad>
          </ns3:TrackPointExtension>
        </extensions>
      </trkpt>
      <trkpt lat="55.8035119436681270599365234375" lon="14.207526706159114837646484375">
        <ele>5</ele>
        <time>2026-07-18T04:59:22.000Z</time>
        <extensions>
          <ns3:TrackPointExtension>
            <ns3:atemp>26.0</ns3:atemp>
            <ns3:hr>73</ns3:hr>
            <ns3:cad>50</ns3:cad>
          </ns3:TrackPointExtension>
        </extensions>
      </trkpt>
      <trkpt lat="55.8034349977970123291015625" lon="14.2075002193450927734375">
        <ele>5</ele>
        <time>2026-07-18T04:59:28.000Z</time>
        <extensions>
          <ns3:TrackPointExtension>
            <ns3:atemp>26.0</ns3:atemp>
            <ns3:hr>74</ns3:hr>
            <ns3:cad>50</ns3:cad>
          </ns3:TrackPointExtension>
        </extensions>
      </trkpt>
      <trkpt lat="55.8033546991646289825439453125" lon="14.20749862678349018096923828125">
        <ele>4.80000019073486328125</ele>
        <time>2026-07-18T04:59:34.000Z</time>
        <extensions>
          <ns3:TrackPointExtension>
            <ns3:atemp>26.0</ns3:atemp>
            <ns3:hr>77</ns3:hr>
            <ns3:cad>50</ns3:cad>
          </ns3:TrackPointExtension>
        </extensions>
      </trkpt>
      <trkpt lat="55.803279764950275421142578125" lon="14.20748345553874969482421875">
        <ele>4.80000019073486328125</ele>
        <time>2026-07-18T04:59:40.000Z</time>
        <extensions>
          <ns3:TrackPointExtension>
            <ns3:atemp>26.0</ns3:atemp>
            <ns3:hr>77</ns3:hr>
            <ns3:cad>50</ns3:cad>
          </ns3:TrackPointExtension>
        </extensions>
      </trkpt>
      <trkpt lat="55.80320097506046295166015625" lon="14.20746065676212310791015625">
        <ele>4.599999904632568359375</ele>
        <time>2026-07-18T04:59:46.000Z</time>
        <extensions>
          <ns3:TrackPointExtension>
            <ns3:atemp>26.0</ns3:atemp>
            <ns3:hr>78</ns3:hr>
            <ns3:cad>50</ns3:cad>
          </ns3:TrackPointExtension>
        </extensions>
      </trkpt>
      <trkpt lat="55.80318890511989593505859375" lon="14.20745395123958587646484375">
        <ele>4.599999904632568359375</ele>
        <time>2026-07-18T04:59:47.000Z</time>
        <extensions>
          <ns3:TrackPointExtension>
            <ns3:atemp>26.0</ns3:atemp>
            <ns3:hr>77</ns3:hr>
            <ns3:cad>50</ns3:cad>
          </ns3:TrackPointExtension>
        </extensions>
      </trkpt>
      <trkpt lat="55.803117491304874420166015625" lon="14.20743425376713275909423828125">
        <ele>4.80000019073486328125</ele>
        <time>2026-07-18T04:59:53.000Z</time>
        <extensions>
          <ns3:TrackPointExtension>
            <ns3:atemp>26.0</ns3:atemp>
            <ns3:hr>78</ns3:hr>
            <ns3:cad>50</ns3:cad>
          </ns3:TrackPointExtension>
        </extensions>
      </trkpt>
      <trkpt lat="55.80308874137699604034423828125" lon="14.20742285437881946563720703125">
        <ele>4.80000019073486328125</ele>
        <time>2026-07-18T04:59:55.000Z</time>
        <extensions>
          <ns3:TrackPointExtension>
            <ns3:atemp>26.0</ns3:atemp>
            <ns3:hr>78</ns3:hr>
            <ns3:cad>50</ns3:cad>
          </ns3:TrackPointExtension>
        </extensions>
      </trkpt>
      <trkpt lat="55.80307549796998500823974609375" lon="14.20741799287497997283935546875">
        <ele>4.80000019073486328125</ele>
        <time>2026-07-18T04:59:56.000Z</time>
        <extensions>
          <ns3:TrackPointExtension>
            <ns3:atemp>26.0</ns3:atemp>
            <ns3:hr>78</ns3:hr>
            <ns3:cad>50</ns3:cad>
          </ns3:TrackPointExtension>
        </extensions>
      </trkpt>
      <trkpt lat="55.80299687571823596954345703125" lon="14.207363426685333251953125">
        <ele>4.80000019073486328125</ele>
        <time>2026-07-18T05:00:02.000Z</time>
        <extensions>
          <ns3:TrackPointExtension>
            <ns3:atemp>25.0</ns3:atemp>
            <ns3:hr>78</ns3:hr>
            <ns3:cad>49</ns3:cad>
          </ns3:TrackPointExtension>
        </extensions>
      </trkpt>
      <trkpt lat="55.80291976220905780792236328125" lon="14.2073176614940166473388671875">
        <ele>4.80000019073486328125</ele>
        <time>2026-07-18T05:00:08.000Z</time>
        <extensions>
          <ns3:TrackPointExtension>
            <ns3:atemp>25.0</ns3:atemp>
            <ns3:hr>78</ns3:hr>
            <ns3:cad>50</ns3:cad>
          </ns3:TrackPointExtension>
        </extensions>
      </trkpt>
      <trkpt lat="55.80289578996598720550537109375" lon="14.20731053687632083892822265625">
        <ele>5</ele>
        <time>2026-07-18T05:00:10.000Z</time>
        <extensions>
          <ns3:TrackPointExtension>
            <ns3:atemp>25.0</ns3:atemp>
            <ns3:hr>78</ns3:hr>
            <ns3:cad>50</ns3:cad>
          </ns3:TrackPointExtension>
        </extensions>
      </trkpt>
      <trkpt lat="55.80282085575163364410400390625" lon="14.20727298595011234283447265625">
        <ele>5</ele>
        <time>2026-07-18T05:00:16.000Z</time>
        <extensions>
          <ns3:TrackPointExtension>
            <ns3:atemp>25.0</ns3:atemp>
            <ns3:hr>77</ns3:hr>
            <ns3:cad>50</ns3:cad>
          </ns3:TrackPointExtension>
        </extensions>
      </trkpt>
      <trkpt lat="55.8027595840394496917724609375" lon="14.20724281109869480133056640625">
        <ele>5</ele>
        <time>2026-07-18T05:00:21.000Z</time>
        <extensions>
          <ns3:TrackPointExtension>
            <ns3:atemp>25.0</ns3:atemp>
            <ns3:hr>75</ns3:hr>
            <ns3:cad>50</ns3:cad>
          </ns3:TrackPointExtension>
        </extensions>
      </trkpt>
      <trkpt lat="55.80267853103578090667724609375" lon="14.20721347443759441375732421875">
        <ele>4.80000019073486328125</ele>
        <time>2026-07-18T05:00:27.000Z</time>
        <extensions>
          <ns3:TrackPointExtension>
            <ns3:atemp>25.0</ns3:atemp>
            <ns3:hr>75</ns3:hr>
            <ns3:cad>51</ns3:cad>
          </ns3:TrackPointExtension>
        </extensions>
      </trkpt>
      <trkpt lat="55.8026549778878688812255859375" lon="14.20719536952674388885498046875">
        <ele>4.80000019073486328125</ele>
        <time>2026-07-18T05:00:29.000Z</time>
        <extensions>
          <ns3:TrackPointExtension>
            <ns3:atemp>25.0</ns3:atemp>
            <ns3:hr>75</ns3:hr>
            <ns3:cad>51</ns3:cad>
          </ns3:TrackPointExtension>
        </extensions>
      </trkpt>
      <trkpt lat="55.8025808818638324737548828125" lon="14.2071449942886829376220703125">
        <ele>4.80000019073486328125</ele>
        <time>2026-07-18T05:00:35.000Z</time>
        <extensions>
          <ns3:TrackPointExtension>
            <ns3:atemp>25.0</ns3:atemp>
            <ns3:hr>74</ns3:hr>
            <ns3:cad>51</ns3:cad>
          </ns3:TrackPointExtension>
        </extensions>
      </trkpt>
      <trkpt lat="55.80250703729689121246337890625" lon="14.20709646306931972503662109375">
        <ele>4.80000019073486328125</ele>
        <time>2026-07-18T05:00:41.000Z</time>
        <extensions>
          <ns3:TrackPointExtension>
            <ns3:atemp>25.0</ns3:atemp>
            <ns3:hr>73</ns3:hr>
            <ns3:cad>50</ns3:cad>
          </ns3:TrackPointExtension>
        </extensions>
      </trkpt>
      <trkpt lat="55.8024246431887149810791015625" lon="14.2070745863020420074462890625">
        <ele>4.80000019073486328125</ele>
        <time>2026-07-18T05:00:47.000Z</time>
        <extensions>
          <ns3:TrackPointExtension>
            <ns3:atemp>25.0</ns3:atemp>
            <ns3:hr>73</ns3:hr>
            <ns3:cad>50</ns3:cad>
          </ns3:TrackPointExtension>
        </extensions>
      </trkpt>
      <trkpt lat="55.8023609407246112823486328125" lon="14.20703510753810405731201171875">
        <ele>4.80000019073486328125</ele>
        <time>2026-07-18T05:00:52.000Z</time>
        <extensions>
          <ns3:TrackPointExtension>
            <ns3:atemp>26.0</ns3:atemp>
            <ns3:hr>72</ns3:hr>
            <ns3:cad>51</ns3:cad>
          </ns3:TrackPointExtension>
        </extensions>
      </trkpt>
      <trkpt lat="55.8022784627974033355712890625" lon="14.2070048488676548004150390625">
        <ele>5</ele>
        <time>2026-07-18T05:00:58.000Z</time>
        <extensions>
          <ns3:TrackPointExtension>
            <ns3:atemp>25.0</ns3:atemp>
            <ns3:hr>72</ns3:hr>
            <ns3:cad>50</ns3:cad>
          </ns3:TrackPointExtension>
        </extensions>
      </trkpt>
      <trkpt lat="55.80222666263580322265625" lon="14.2069753445684909820556640625">
        <ele>5</ele>
        <time>2026-07-18T05:01:02.000Z</time>
        <extensions>
          <ns3:TrackPointExtension>
            <ns3:atemp>26.0</ns3:atemp>
            <ns3:hr>73</ns3:hr>
            <ns3:cad>50</ns3:cad>
          </ns3:TrackPointExtension>
        </extensions>
      </trkpt>
      <trkpt lat="55.8021460287272930145263671875" lon="14.20695908367633819580078125">
        <ele>4.80000019073486328125</ele>
        <time>2026-07-18T05:01:08.000Z</time>
        <extensions>
          <ns3:TrackPointExtension>
            <ns3:atemp>25.0</ns3:atemp>
            <ns3:hr>74</ns3:hr>
            <ns3:cad>50</ns3:cad>
          </ns3:TrackPointExtension>
        </extensions>
      </trkpt>
      <trkpt lat="55.80206497572362422943115234375" lon="14.2069304175674915313720703125">
        <ele>4.80000019073486328125</ele>
        <time>2026-07-18T05:01:14.000Z</time>
        <extensions>
          <ns3:TrackPointExtension>
            <ns3:atemp>25.0</ns3:atemp>
            <ns3:hr>74</ns3:hr>
            <ns3:cad>50</ns3:cad>
          </ns3:TrackPointExtension>
        </extensions>
      </trkpt>
      <trkpt lat="55.80199171788990497589111328125" lon="14.20689010061323642730712890625">
        <ele>4.80000019073486328125</ele>
        <time>2026-07-18T05:01:20.000Z</time>
        <extensions>
          <ns3:TrackPointExtension>
            <ns3:atemp>26.0</ns3:atemp>
            <ns3:hr>74</ns3:hr>
            <ns3:cad>49</ns3:cad>
          </ns3:TrackPointExtension>
        </extensions>
      </trkpt>
      <trkpt lat="55.80194058828055858612060546875" lon="14.20687870122492313385009765625">
        <ele>4.80000019073486328125</ele>
        <time>2026-07-18T05:01:24.000Z</time>
        <extensions>
          <ns3:TrackPointExtension>
            <ns3:atemp>26.0</ns3:atemp>
            <ns3:hr>74</ns3:hr>
            <ns3:cad>50</ns3:cad>
          </ns3:TrackPointExtension>
        </extensions>
      </trkpt>
      <trkpt lat="55.80189834348857402801513671875" lon="14.2068658769130706787109375">
        <ele>4.80000019073486328125</ele>
        <time>2026-07-18T05:01:27.000Z</time>
        <extensions>
          <ns3:TrackPointExtension>
            <ns3:atemp>25.0</ns3:atemp>
            <ns3:hr>71</ns3:hr>
            <ns3:cad>50</ns3:cad>
          </ns3:TrackPointExtension>
        </extensions>
      </trkpt>
      <trkpt lat="55.80188392661511898040771484375" lon="14.20686026103794574737548828125">
        <ele>4.80000019073486328125</ele>
        <time>2026-07-18T05:01:28.000Z</time>
        <extensions>
          <ns3:TrackPointExtension>
            <ns3:atemp>26.0</ns3:atemp>
            <ns3:hr>75</ns3:hr>
            <ns3:cad>50</ns3:cad>
          </ns3:TrackPointExtension>
        </extensions>
      </trkpt>
      <trkpt lat="55.801846794784069061279296875" lon="14.20684047974646091461181640625">
        <ele>4.80000019073486328125</ele>
        <time>2026-07-18T05:01:31.000Z</time>
        <extensions>
          <ns3:TrackPointExtension>
            <ns3:atemp>26.0</ns3:atemp>
            <ns3:hr>78</ns3:hr>
            <ns3:cad>50</ns3:cad>
          </ns3:TrackPointExtension>
        </extensions>
      </trkpt>
      <trkpt lat="55.80177244730293750762939453125" lon="14.20680259354412555694580078125">
        <ele>4.80000019073486328125</ele>
        <time>2026-07-18T05:01:37.000Z</time>
        <extensions>
          <ns3:TrackPointExtension>
            <ns3:atemp>25.0</ns3:atemp>
            <ns3:hr>78</ns3:hr>
            <ns3:cad>50</ns3:cad>
          </ns3:TrackPointExtension>
        </extensions>
      </trkpt>
      <trkpt lat="55.80175249837338924407958984375" lon="14.20679789967834949493408203125">
        <ele>4.80000019073486328125</ele>
        <time>2026-07-18T05:01:38.000Z</time>
        <extensions>
          <ns3:TrackPointExtension>
            <ns3:atemp>26.0</ns3:atemp>
            <ns3:hr>78</ns3:hr>
            <ns3:cad>50</ns3:cad>
          </ns3:TrackPointExtension>
        </extensions>
      </trkpt>
      <trkpt lat="55.8016803301870822906494140625" lon="14.2067684791982173919677734375">
        <ele>4.80000019073486328125</ele>
        <time>2026-07-18T05:01:43.000Z</time>
        <extensions>
          <ns3:TrackPointExtension>
            <ns3:atemp>26.0</ns3:atemp>
            <ns3:hr>81</ns3:hr>
            <ns3:cad>50</ns3:cad>
          </ns3:TrackPointExtension>
        </extensions>
      </trkpt>
      <trkpt lat="55.801617801189422607421875" lon="14.2067332752048969268798828125">
        <ele>4.80000019073486328125</ele>
        <time>2026-07-18T05:01:48.000Z</time>
        <extensions>
          <ns3:TrackPointExtension>
            <ns3:atemp>25.0</ns3:atemp>
            <ns3:hr>79</ns3:hr>
            <ns3:cad>49</ns3:cad>
          </ns3:TrackPointExtension>
        </extensions>
      </trkpt>
      <trkpt lat="55.801541022956371307373046875" lon="14.20669949613511562347412109375">
        <ele>5</ele>
        <time>2026-07-18T05:01:54.000Z</time>
        <extensions>
          <ns3:TrackPointExtension>
            <ns3:atemp>26.0</ns3:atemp>
            <ns3:hr>75</ns3:hr>
            <ns3:cad>50</ns3:cad>
          </ns3:TrackPointExtension>
        </extensions>
      </trkpt>
      <trkpt lat="55.8014949224889278411865234375" lon="14.206657670438289642333984375">
        <ele>5.19999980926513671875</ele>
        <time>2026-07-18T05:01:58.000Z</time>
        <extensions>
          <ns3:TrackPointExtension>
            <ns3:atemp>25.0</ns3:atemp>
            <ns3:hr>76</ns3:hr>
            <ns3:cad>49</ns3:cad>
          </ns3:TrackPointExtension>
        </extensions>
      </trkpt>
      <trkpt lat="55.80141655169427394866943359375" lon="14.2066306807100772857666015625">
        <ele>5</ele>
        <time>2026-07-18T05:02:04.000Z</time>
        <extensions>
          <ns3:TrackPointExtension>
            <ns3:atemp>26.0</ns3:atemp>
            <ns3:hr>77</ns3:hr>
            <ns3:cad>51</ns3:cad>
          </ns3:TrackPointExtension>
        </extensions>
      </trkpt>
      <trkpt lat="55.80134513787925243377685546875" lon="14.2066279985010623931884765625">
        <ele>5</ele>
        <time>2026-07-18T05:02:09.000Z</time>
        <extensions>
          <ns3:TrackPointExtension>
            <ns3:atemp>25.0</ns3:atemp>
            <ns3:hr>78</ns3:hr>
            <ns3:cad>50</ns3:cad>
          </ns3:TrackPointExtension>
        </extensions>
      </trkpt>
      <trkpt lat="55.80127037130296230316162109375" lon="14.20660276897251605987548828125">
        <ele>5</ele>
        <time>2026-07-18T05:02:15.000Z</time>
        <extensions>
          <ns3:TrackPointExtension>
            <ns3:atemp>25.0</ns3:atemp>
            <ns3:hr>80</ns3:hr>
            <ns3:cad>50</ns3:cad>
          </ns3:TrackPointExtension>
        </extensions>
      </trkpt>
      <trkpt lat="55.8012458123266696929931640625" lon="14.20660109259188175201416015625">
        <ele>5</ele>
        <time>2026-07-18T05:02:17.000Z</time>
        <extensions>
          <ns3:TrackPointExtension>
            <ns3:atemp>26.0</ns3:atemp>
            <ns3:hr>83</ns3:hr>
            <ns3:cad>50</ns3:cad>
          </ns3:TrackPointExtension>
        </extensions>
      </trkpt>
      <trkpt lat="55.80122309736907482147216796875" lon="14.2066015116870403289794921875">
        <ele>5</ele>
        <time>2026-07-18T05:02:19.000Z</time>
        <extensions>
          <ns3:TrackPointExtension>
            <ns3:atemp>26.0</ns3:atemp>
            <ns3:hr>81</ns3:hr>
            <ns3:cad>50</ns3:cad>
          </ns3:TrackPointExtension>
        </extensions>
      </trkpt>
      <trkpt lat="55.8011774159967899322509765625" lon="14.20659388415515422821044921875">
        <ele>5</ele>
        <time>2026-07-18T05:02:22.000Z</time>
        <extensions>
          <ns3:TrackPointExtension>
            <ns3:atemp>26.0</ns3:atemp>
            <ns3:hr>78</ns3:hr>
            <ns3:cad>50</ns3:cad>
          </ns3:TrackPointExtension>
        </extensions>
      </trkpt>
      <trkpt lat="55.801126621663570404052734375" lon="14.2066008411347866058349609375">
        <ele>5</ele>
        <time>2026-07-18T05:02:26.000Z</time>
        <extensions>
          <ns3:TrackPointExtension>
            <ns3:atemp>25.0</ns3:atemp>
            <ns3:hr>81</ns3:hr>
            <ns3:cad>50</ns3:cad>
          </ns3:TrackPointExtension>
        </extensions>
      </trkpt>
      <trkpt lat="55.80108513124287128448486328125" lon="14.2065896093845367431640625">
        <ele>5</ele>
        <time>2026-07-18T05:02:29.000Z</time>
        <extensions>
          <ns3:TrackPointExtension>
            <ns3:atemp>25.0</ns3:atemp>
            <ns3:hr>78</ns3:hr>
            <ns3:cad>50</ns3:cad>
          </ns3:TrackPointExtension>
        </extensions>
      </trkpt>
      <trkpt lat="55.801074989140033721923828125" lon="14.2065817303955554962158203125">
        <ele>5</ele>
        <time>2026-07-18T05:02:30.000Z</time>
        <extensions>
          <ns3:TrackPointExtension>
            <ns3:atemp>25.0</ns3:atemp>
            <ns3:hr>79</ns3:hr>
            <ns3:cad>50</ns3:cad>
          </ns3:TrackPointExtension>
        </extensions>
      </trkpt>
      <trkpt lat="55.80099980346858501434326171875" lon="14.20656002126634120941162109375">
        <ele>5</ele>
        <time>2026-07-18T05:02:36.000Z</time>
        <extensions>
          <ns3:TrackPointExtension>
            <ns3:atemp>25.0</ns3:atemp>
            <ns3:hr>79</ns3:hr>
            <ns3:cad>50</ns3:cad>
          </ns3:TrackPointExtension>
        </extensions>
      </trkpt>
      <trkpt lat="55.8009735681116580963134765625" lon="14.20655717141926288604736328125">
        <ele>5</ele>
        <time>2026-07-18T05:02:38.000Z</time>
        <extensions>
          <ns3:TrackPointExtension>
            <ns3:atemp>25.0</ns3:atemp>
            <ns3:hr>80</ns3:hr>
            <ns3:cad>50</ns3:cad>
          </ns3:TrackPointExtension>
        </extensions>
      </trkpt>
      <trkpt lat="55.80089989118278026580810546875" lon="14.2065378092229366302490234375">
        <ele>5</ele>
        <time>2026-07-18T05:02:44.000Z</time>
        <extensions>
          <ns3:TrackPointExtension>
            <ns3:atemp>26.0</ns3:atemp>
            <ns3:hr>79</ns3:hr>
            <ns3:cad>49</ns3:cad>
          </ns3:TrackPointExtension>
        </extensions>
      </trkpt>
      <trkpt lat="55.8008361048996448516845703125" lon="14.20654091052711009979248046875">
        <ele>5.19999980926513671875</ele>
        <time>2026-07-18T05:02:49.000Z</time>
        <extensions>
          <ns3:TrackPointExtension>
            <ns3:atemp>25.0</ns3:atemp>
            <ns3:hr>79</ns3:hr>
            <ns3:cad>49</ns3:cad>
          </ns3:TrackPointExtension>
        </extensions>
      </trkpt>
      <trkpt lat="55.800753124058246612548828125" lon="14.20652850531041622161865234375">
        <ele>5.19999980926513671875</ele>
        <time>2026-07-18T05:02:55.000Z</time>
        <extensions>
          <ns3:TrackPointExtension>
            <ns3:atemp>26.0</ns3:atemp>
            <ns3:hr>79</ns3:hr>
            <ns3:cad>50</ns3:cad>
          </ns3:TrackPointExtension>
        </extensions>
      </trkpt>
      <trkpt lat="55.800723619759082794189453125" lon="14.20652314089238643646240234375">
        <ele>5.19999980926513671875</ele>
        <time>2026-07-18T05:02:57.000Z</time>
        <extensions>
          <ns3:TrackPointExtension>
            <ns3:atemp>26.0</ns3:atemp>
            <ns3:hr>82</ns3:hr>
            <ns3:cad>50</ns3:cad>
          </ns3:TrackPointExtension>
        </extensions>
      </trkpt>
      <trkpt lat="55.800697803497314453125" lon="14.20652263797819614410400390625">
        <ele>5.19999980926513671875</ele>
        <time>2026-07-18T05:02:59.000Z</time>
        <extensions>
          <ns3:TrackPointExtension>
            <ns3:atemp>25.0</ns3:atemp>
            <ns3:hr>81</ns3:hr>
            <ns3:cad>50</ns3:cad>
          </ns3:TrackPointExtension>
        </extensions>
      </trkpt>
      <trkpt lat="55.80062395893037319183349609375" lon="14.20648827217519283294677734375">
        <ele>5.400000095367431640625</ele>
        <time>2026-07-18T05:03:05.000Z</time>
        <extensions>
          <ns3:TrackPointExtension>
            <ns3:atemp>26.0</ns3:atemp>
            <ns3:hr>80</ns3:hr>
            <ns3:cad>50</ns3:cad>
          </ns3:TrackPointExtension>
        </extensions>
      </trkpt>
      <trkpt lat="55.80057634972035884857177734375" lon="14.20646765269339084625244140625">
        <ele>5.19999980926513671875</ele>
        <time>2026-07-18T05:03:09.000Z</time>
        <extensions>
          <ns3:TrackPointExtension>
            <ns3:atemp>25.0</ns3:atemp>
            <ns3:hr>81</ns3:hr>
            <ns3:cad>50</ns3:cad>
          </ns3:TrackPointExtension>
        </extensions>
      </trkpt>
      <trkpt lat="55.80050493590533733367919921875" lon="14.20642959885299205780029296875">
        <ele>5.19999980926513671875</ele>
        <time>2026-07-18T05:03:15.000Z</time>
        <extensions>
          <ns3:TrackPointExtension>
            <ns3:atemp>26.0</ns3:atemp>
            <ns3:hr>79</ns3:hr>
            <ns3:cad>50</ns3:cad>
          </ns3:TrackPointExtension>
        </extensions>
      </trkpt>
      <trkpt lat="55.80048247240483760833740234375" lon="14.20640361495316028594970703125">
        <ele>5</ele>
        <time>2026-07-18T05:03:17.000Z</time>
        <extensions>
          <ns3:TrackPointExtension>
            <ns3:atemp>26.0</ns3:atemp>
            <ns3:hr>83</ns3:hr>
            <ns3:cad>50</ns3:cad>
          </ns3:TrackPointExtension>
        </extensions>
      </trkpt>
      <trkpt lat="55.80047191120684146881103515625" lon="14.20639313757419586181640625">
        <ele>5</ele>
        <time>2026-07-18T05:03:18.000Z</time>
        <extensions>
          <ns3:TrackPointExtension>
            <ns3:atemp>25.0</ns3:atemp>
            <ns3:hr>78</ns3:hr>
            <ns3:cad>50</ns3:cad>
          </ns3:TrackPointExtension>
        </extensions>
      </trkpt>
      <trkpt lat="55.80044810660183429718017578125" lon="14.20637746341526508331298828125">
        <ele>5</ele>
        <time>2026-07-18T05:03:20.000Z</time>
        <extensions>
          <ns3:TrackPointExtension>
            <ns3:atemp>25.0</ns3:atemp>
            <ns3:hr>75</ns3:hr>
            <ns3:cad>50</ns3:cad>
          </ns3:TrackPointExtension>
        </extensions>
      </trkpt>
      <trkpt lat="55.80043469555675983428955078125" lon="14.20636765658855438232421875">
        <ele>5</ele>
        <time>2026-07-18T05:03:21.000Z</time>
        <extensions>
          <ns3:TrackPointExtension>
            <ns3:atemp>25.0</ns3:atemp>
            <ns3:hr>78</ns3:hr>
            <ns3:cad>50</ns3:cad>
          </ns3:TrackPointExtension>
        </extensions>
      </trkpt>
      <trkpt lat="55.800355486571788787841796875" lon="14.20631946064531803131103515625">
        <ele>5</ele>
        <time>2026-07-18T05:03:27.000Z</time>
        <extensions>
          <ns3:TrackPointExtension>
            <ns3:atemp>26.0</ns3:atemp>
            <ns3:hr>76</ns3:hr>
            <ns3:cad>50</ns3:cad>
          </ns3:TrackPointExtension>
        </extensions>
      </trkpt>
      <trkpt lat="55.80034039914608001708984375" lon="14.20630998909473419189453125">
        <ele>5</ele>
        <time>2026-07-18T05:03:28.000Z</time>
        <extensions>
          <ns3:TrackPointExtension>
            <ns3:atemp>26.0</ns3:atemp>
            <ns3:hr>76</ns3:hr>
            <ns3:cad>50</ns3:cad>
          </ns3:TrackPointExtension>
        </extensions>
      </trkpt>
      <trkpt lat="55.8002701587975025177001953125" lon="14.206248633563518524169921875">
        <ele>5</ele>
        <time>2026-07-18T05:03:34.000Z</time>
        <extensions>
          <ns3:TrackPointExtension>
            <ns3:atemp>26.0</ns3:atemp>
            <ns3:hr>73</ns3:hr>
            <ns3:cad>51</ns3:cad>
          </ns3:TrackPointExtension>
        </extensions>
      </trkpt>
      <trkpt lat="55.800205953419208526611328125" lon="14.20620211400091648101806640625">
        <ele>5.19999980926513671875</ele>
        <time>2026-07-18T05:03:39.000Z</time>
        <extensions>
          <ns3:TrackPointExtension>
            <ns3:atemp>26.0</ns3:atemp>
            <ns3:hr>72</ns3:hr>
            <ns3:cad>50</ns3:cad>
          </ns3:TrackPointExtension>
        </extensions>
      </trkpt>
      <trkpt lat="55.80013747327029705047607421875" lon="14.20614243485033512115478515625">
        <ele>5.400000095367431640625</ele>
        <time>2026-07-18T05:03:45.000Z</time>
        <extensions>
          <ns3:TrackPointExtension>
            <ns3:atemp>26.0</ns3:atemp>
            <ns3:hr>74</ns3:hr>
            <ns3:cad>50</ns3:cad>
          </ns3:TrackPointExtension>
        </extensions>
      </trkpt>
      <trkpt lat="55.80007511191070079803466796875" lon="14.20609516091644763946533203125">
        <ele>5.400000095367431640625</ele>
        <time>2026-07-18T05:03:50.000Z</time>
        <extensions>
          <ns3:TrackPointExtension>
            <ns3:atemp>26.0</ns3:atemp>
            <ns3:hr>75</ns3:hr>
            <ns3:cad>50</ns3:cad>
          </ns3:TrackPointExtension>
        </extensions>
      </trkpt>
      <trkpt lat="55.79999615438282489776611328125" lon="14.20605492778122425079345703125">
        <ele>5.400000095367431640625</ele>
        <time>2026-07-18T05:03:56.000Z</time>
        <extensions>
          <ns3:TrackPointExtension>
            <ns3:atemp>25.0</ns3:atemp>
            <ns3:hr>75</ns3:hr>
            <ns3:cad>50</ns3:cad>
          </ns3:TrackPointExtension>
        </extensions>
      </trkpt>
      <trkpt lat="55.79994209110736846923828125" lon="14.20603246428072452545166015625">
        <ele>5.400000095367431640625</ele>
        <time>2026-07-18T05:04:00.000Z</time>
        <extensions>
          <ns3:TrackPointExtension>
            <ns3:atemp>25.0</ns3:atemp>
            <ns3:hr>76</ns3:hr>
            <ns3:cad>50</ns3:cad>
          </ns3:TrackPointExtension>
        </extensions>
      </trkpt>
      <trkpt lat="55.79991585575044155120849609375" lon="14.2060263454914093017578125">
        <ele>5.400000095367431640625</ele>
        <time>2026-07-18T05:04:02.000Z</time>
        <extensions>
          <ns3:TrackPointExtension>
            <ns3:atemp>25.0</ns3:atemp>
            <ns3:hr>79</ns3:hr>
            <ns3:cad>50</ns3:cad>
          </ns3:TrackPointExtension>
        </extensions>
      </trkpt>
      <trkpt lat="55.799858272075653076171875" lon="14.206020645797252655029296875">
        <ele>5.400000095367431640625</ele>
        <time>2026-07-18T05:04:06.000Z</time>
        <extensions>
          <ns3:TrackPointExtension>
            <ns3:atemp>25.0</ns3:atemp>
            <ns3:hr>76</ns3:hr>
            <ns3:cad>50</ns3:cad>
          </ns3:TrackPointExtension>
        </extensions>
      </trkpt>
      <trkpt lat="55.7997806556522846221923828125" lon="14.206006564199924468994140625">
        <ele>5.400000095367431640625</ele>
        <time>2026-07-18T05:04:12.000Z</time>
        <extensions>
          <ns3:TrackPointExtension>
            <ns3:atemp>25.0</ns3:atemp>
            <ns3:hr>78</ns3:hr>
            <ns3:cad>50</ns3:cad>
          </ns3:TrackPointExtension>
        </extensions>
      </trkpt>
      <trkpt lat="55.79976900480687618255615234375" lon="14.2060030438005924224853515625">
        <ele>5.400000095367431640625</ele>
        <time>2026-07-18T05:04:13.000Z</time>
        <extensions>
          <ns3:TrackPointExtension>
            <ns3:atemp>25.0</ns3:atemp>
            <ns3:hr>77</ns3:hr>
            <ns3:cad>50</ns3:cad>
          </ns3:TrackPointExtension>
        </extensions>
      </trkpt>
      <trkpt lat="55.79968468286097049713134765625" lon="14.206006228923797607421875">
        <ele>5.400000095367431640625</ele>
        <time>2026-07-18T05:04:19.000Z</time>
        <extensions>
          <ns3:TrackPointExtension>
            <ns3:atemp>25.0</ns3:atemp>
            <ns3:hr>78</ns3:hr>
            <ns3:cad>50</ns3:cad>
          </ns3:TrackPointExtension>
        </extensions>
      </trkpt>
      <trkpt lat="55.79961930401623249053955078125" lon="14.20599692501127719879150390625">
        <ele>5.400000095367431640625</ele>
        <time>2026-07-18T05:04:24.000Z</time>
        <extensions>
          <ns3:TrackPointExtension>
            <ns3:atemp>25.0</ns3:atemp>
            <ns3:hr>79</ns3:hr>
            <ns3:cad>50</ns3:cad>
          </ns3:TrackPointExtension>
        </extensions>
      </trkpt>
      <trkpt lat="55.7995446212589740753173828125" lon="14.2059607990086078643798828125">
        <ele>5.400000095367431640625</ele>
        <time>2026-07-18T05:04:30.000Z</time>
        <extensions>
          <ns3:TrackPointExtension>
            <ns3:atemp>25.0</ns3:atemp>
            <ns3:hr>80</ns3:hr>
            <ns3:cad>50</ns3:cad>
          </ns3:TrackPointExtension>
        </extensions>
      </trkpt>
      <trkpt lat="55.79949592240154743194580078125" lon="14.20594613067805767059326171875">
        <ele>5.400000095367431640625</ele>
        <time>2026-07-18T05:04:34.000Z</time>
        <extensions>
          <ns3:TrackPointExtension>
            <ns3:atemp>25.0</ns3:atemp>
            <ns3:hr>77</ns3:hr>
            <ns3:cad>50</ns3:cad>
          </ns3:TrackPointExtension>
        </extensions>
      </trkpt>
      <trkpt lat="55.799482762813568115234375" lon="14.2059403471648693084716796875">
        <ele>5.400000095367431640625</ele>
        <time>2026-07-18T05:04:35.000Z</time>
        <extensions>
          <ns3:TrackPointExtension>
            <ns3:atemp>25.0</ns3:atemp>
            <ns3:hr>77</ns3:hr>
            <ns3:cad>50</ns3:cad>
          </ns3:TrackPointExtension>
        </extensions>
      </trkpt>
      <trkpt lat="55.799417383968830108642578125" lon="14.20592400245368480682373046875">
        <ele>5.400000095367431640625</ele>
        <time>2026-07-18T05:04:40.000Z</time>
        <extensions>
          <ns3:TrackPointExtension>
            <ns3:atemp>25.0</ns3:atemp>
            <ns3:hr>74</ns3:hr>
            <ns3:cad>50</ns3:cad>
          </ns3:TrackPointExtension>
        </extensions>
      </trkpt>
      <trkpt lat="55.7993390969932079315185546875" lon="14.20588142238557338714599609375">
        <ele>5.19999980926513671875</ele>
        <time>2026-07-18T05:04:46.000Z</time>
        <extensions>
          <ns3:TrackPointExtension>
            <ns3:atemp>25.0</ns3:atemp>
            <ns3:hr>73</ns3:hr>
            <ns3:cad>50</ns3:cad>
          </ns3:TrackPointExtension>
        </extensions>
      </trkpt>
      <trkpt lat="55.7993129454553127288818359375" lon="14.205867759883403778076171875">
        <ele>5.400000095367431640625</ele>
        <time>2026-07-18T05:04:48.000Z</time>
        <extensions>
          <ns3:TrackPointExtension>
            <ns3:atemp>25.0</ns3:atemp>
            <ns3:hr>74</ns3:hr>
            <ns3:cad>49</ns3:cad>
          </ns3:TrackPointExtension>
        </extensions>
      </trkpt>
      <trkpt lat="55.79924069344997406005859375" lon="14.2058330588042736053466796875">
        <ele>5.400000095367431640625</ele>
        <time>2026-07-18T05:04:54.000Z</time>
        <extensions>
          <ns3:TrackPointExtension>
            <ns3:atemp>25.0</ns3:atemp>
            <ns3:hr>72</ns3:hr>
            <ns3:cad>50</ns3:cad>
          </ns3:TrackPointExtension>
        </extensions>
      </trkpt>
      <trkpt lat="55.799163244664669036865234375" lon="14.20579190365970134735107421875">
        <ele>5.400000095367431640625</ele>
        <time>2026-07-18T05:05:00.000Z</time>
        <extensions>
          <ns3:TrackPointExtension>
            <ns3:atemp>25.0</ns3:atemp>
            <ns3:hr>72</ns3:hr>
            <ns3:cad>50</ns3:cad>
          </ns3:TrackPointExtension>
        </extensions>
      </trkpt>
      <trkpt lat="55.79909308813512325286865234375" lon="14.20575887896120548248291015625">
        <ele>5.400000095367431640625</ele>
        <time>2026-07-18T05:05:06.000Z</time>
        <extensions>
          <ns3:TrackPointExtension>
            <ns3:atemp>25.0</ns3:atemp>
            <ns3:hr>71</ns3:hr>
            <ns3:cad>50</ns3:cad>
          </ns3:TrackPointExtension>
        </extensions>
      </trkpt>
      <trkpt lat="55.79902552999556064605712890625" lon="14.20572392642498016357421875">
        <ele>5.400000095367431640625</ele>
        <time>2026-07-18T05:05:11.000Z</time>
        <extensions>
          <ns3:TrackPointExtension>
            <ns3:atemp>25.0</ns3:atemp>
            <ns3:hr>70</ns3:hr>
            <ns3:cad>50</ns3:cad>
          </ns3:TrackPointExtension>
        </extensions>
      </trkpt>
      <trkpt lat="55.79894355498254299163818359375" lon="14.20571185648441314697265625">
        <ele>5.19999980926513671875</ele>
        <time>2026-07-18T05:05:17.000Z</time>
        <extensions>
          <ns3:TrackPointExtension>
            <ns3:atemp>26.0</ns3:atemp>
            <ns3:hr>72</ns3:hr>
            <ns3:cad>50</ns3:cad>
          </ns3:TrackPointExtension>
        </extensions>
      </trkpt>
      <trkpt lat="55.79890181310474872589111328125" lon="14.205696769058704376220703125">
        <ele>5.19999980926513671875</ele>
        <time>2026-07-18T05:05:20.000Z</time>
        <extensions>
          <ns3:TrackPointExtension>
            <ns3:atemp>25.0</ns3:atemp>
            <ns3:hr>72</ns3:hr>
            <ns3:cad>50</ns3:cad>
          </ns3:TrackPointExtension>
        </extensions>
      </trkpt>
      <trkpt lat="55.79882184974849224090576171875" lon="14.20566491782665252685546875">
        <ele>5.19999980926513671875</ele>
        <time>2026-07-18T05:05:26.000Z</time>
        <extensions>
          <ns3:TrackPointExtension>
            <ns3:atemp>26.0</ns3:atemp>
            <ns3:hr>72</ns3:hr>
            <ns3:cad>50</ns3:cad>
          </ns3:TrackPointExtension>
        </extensions>
      </trkpt>
      <trkpt lat="55.7987486757338047027587890625" lon="14.20563004910945892333984375">
        <ele>5.400000095367431640625</ele>
        <time>2026-07-18T05:05:32.000Z</time>
        <extensions>
          <ns3:TrackPointExtension>
            <ns3:atemp>25.0</ns3:atemp>
            <ns3:hr>71</ns3:hr>
            <ns3:cad>50</ns3:cad>
          </ns3:TrackPointExtension>
        </extensions>
      </trkpt>
      <trkpt lat="55.79867013730108737945556640625" lon="14.20558319427073001861572265625">
        <ele>5.400000095367431640625</ele>
        <time>2026-07-18T05:05:38.000Z</time>
        <extensions>
          <ns3:TrackPointExtension>
            <ns3:atemp>26.0</ns3:atemp>
            <ns3:hr>73</ns3:hr>
            <ns3:cad>50</ns3:cad>
          </ns3:TrackPointExtension>
        </extensions>
      </trkpt>
      <trkpt lat="55.7985927723348140716552734375" lon="14.205550253391265869140625">
        <ele>5.400000095367431640625</ele>
        <time>2026-07-18T05:05:44.000Z</time>
        <extensions>
          <ns3:TrackPointExtension>
            <ns3:atemp>26.0</ns3:atemp>
            <ns3:hr>73</ns3:hr>
            <ns3:cad>50</ns3:cad>
          </ns3:TrackPointExtension>
        </extensions>
      </trkpt>
      <trkpt lat="55.798583216965198516845703125" lon="14.20554446987807750701904296875">
        <ele>5.400000095367431640625</ele>
        <time>2026-07-18T05:05:45.000Z</time>
        <extensions>
          <ns3:TrackPointExtension>
            <ns3:atemp>26.0</ns3:atemp>
            <ns3:hr>73</ns3:hr>
            <ns3:cad>50</ns3:cad>
          </ns3:TrackPointExtension>
        </extensions>
      </trkpt>
      <trkpt lat="55.79850199632346630096435546875" lon="14.20551479794085025787353515625">
        <ele>5.400000095367431640625</ele>
        <time>2026-07-18T05:05:51.000Z</time>
        <extensions>
          <ns3:TrackPointExtension>
            <ns3:atemp>26.0</ns3:atemp>
            <ns3:hr>75</ns3:hr>
            <ns3:cad>50</ns3:cad>
          </ns3:TrackPointExtension>
        </extensions>
      </trkpt>
      <trkpt lat="55.79842655919492244720458984375" lon="14.20548118650913238525390625">
        <ele>5.400000095367431640625</ele>
        <time>2026-07-18T05:05:57.000Z</time>
        <extensions>
          <ns3:TrackPointExtension>
            <ns3:atemp>26.0</ns3:atemp>
            <ns3:hr>77</ns3:hr>
            <ns3:cad>50</ns3:cad>
          </ns3:TrackPointExtension>
        </extensions>
      </trkpt>
      <trkpt lat="55.79834793694317340850830078125" lon="14.2054686136543750762939453125">
        <ele>5.19999980926513671875</ele>
        <time>2026-07-18T05:06:03.000Z</time>
        <extensions>
          <ns3:TrackPointExtension>
            <ns3:atemp>26.0</ns3:atemp>
            <ns3:hr>79</ns3:hr>
            <ns3:cad>50</ns3:cad>
          </ns3:TrackPointExtension>
        </extensions>
      </trkpt>
      <trkpt lat="55.7982685603201389312744140625" lon="14.20543768443167209625244140625">
        <ele>5.19999980926513671875</ele>
        <time>2026-07-18T05:06:09.000Z</time>
        <extensions>
          <ns3:TrackPointExtension>
            <ns3:atemp>26.0</ns3:atemp>
            <ns3:hr>81</ns3:hr>
            <ns3:cad>49</ns3:cad>
          </ns3:TrackPointExtension>
        </extensions>
      </trkpt>
      <trkpt lat="55.79825707711279392242431640625" lon="14.20543030835688114166259765625">
        <ele>5.19999980926513671875</ele>
        <time>2026-07-18T05:06:10.000Z</time>
        <extensions>
          <ns3:TrackPointExtension>
            <ns3:atemp>26.0</ns3:atemp>
            <ns3:hr>78</ns3:hr>
            <ns3:cad>49</ns3:cad>
          </ns3:TrackPointExtension>
        </extensions>
      </trkpt>
      <trkpt lat="55.798187255859375" lon="14.2053933441638946533203125">
        <ele>5.19999980926513671875</ele>
        <time>2026-07-18T05:06:16.000Z</time>
        <extensions>
          <ns3:TrackPointExtension>
            <ns3:atemp>26.0</ns3:atemp>
            <ns3:hr>78</ns3:hr>
            <ns3:cad>48</ns3:cad>
          </ns3:TrackPointExtension>
        </extensions>
      </trkpt>
      <trkpt lat="55.7981756888329982757568359375" lon="14.20538571663200855255126953125">
        <ele>5.19999980926513671875</ele>
        <time>2026-07-18T05:06:17.000Z</time>
        <extensions>
          <ns3:TrackPointExtension>
            <ns3:atemp>26.0</ns3:atemp>
            <ns3:hr>77</ns3:hr>
            <ns3:cad>48</ns3:cad>
          </ns3:TrackPointExtension>
        </extensions>
      </trkpt>
      <trkpt lat="55.7981173507869243621826171875" lon="14.20533391647040843963623046875">
        <ele>5.19999980926513671875</ele>
        <time>2026-07-18T05:06:22.000Z</time>
        <extensions>
          <ns3:TrackPointExtension>
            <ns3:atemp>26.0</ns3:atemp>
            <ns3:hr>80</ns3:hr>
            <ns3:cad>49</ns3:cad>
          </ns3:TrackPointExtension>
        </extensions>
      </trkpt>
      <trkpt lat="55.79809136688709259033203125" lon="14.20532427728176116943359375">
        <ele>5.19999980926513671875</ele>
        <time>2026-07-18T05:06:24.000Z</time>
        <extensions>
          <ns3:TrackPointExtension>
            <ns3:atemp>26.0</ns3:atemp>
            <ns3:hr>77</ns3:hr>
            <ns3:cad>50</ns3:cad>
          </ns3:TrackPointExtension>
        </extensions>
      </trkpt>
      <trkpt lat="55.79801199026405811309814453125" lon="14.2052909173071384429931640625">
        <ele>5.19999980926513671875</ele>
        <time>2026-07-18T05:06:30.000Z</time>
        <extensions>
          <ns3:TrackPointExtension>
            <ns3:atemp>26.0</ns3:atemp>
            <ns3:hr>78</ns3:hr>
            <ns3:cad>50</ns3:cad>
          </ns3:TrackPointExtension>
        </extensions>
      </trkpt>
      <trkpt lat="55.7979674823582172393798828125" lon="14.20527557842433452606201171875">
        <ele>5.19999980926513671875</ele>
        <time>2026-07-18T05:06:33.000Z</time>
        <extensions>
          <ns3:TrackPointExtension>
            <ns3:atemp>26.0</ns3:atemp>
            <ns3:hr>79</ns3:hr>
            <ns3:cad>50</ns3:cad>
          </ns3:TrackPointExtension>
        </extensions>
      </trkpt>
      <trkpt lat="55.79789229668676853179931640625" lon="14.205242805182933807373046875">
        <ele>5.19999980926513671875</ele>
        <time>2026-07-18T05:06:39.000Z</time>
        <extensions>
          <ns3:TrackPointExtension>
            <ns3:atemp>26.0</ns3:atemp>
            <ns3:hr>77</ns3:hr>
            <ns3:cad>50</ns3:cad>
          </ns3:TrackPointExtension>
        </extensions>
      </trkpt>
      <trkpt lat="55.797820128500461578369140625" lon="14.20521371997892856597900390625">
        <ele>5.19999980926513671875</ele>
        <time>2026-07-18T05:06:45.000Z</time>
        <extensions>
          <ns3:TrackPointExtension>
            <ns3:atemp>26.0</ns3:atemp>
            <ns3:hr>77</ns3:hr>
            <ns3:cad>50</ns3:cad>
          </ns3:TrackPointExtension>
        </extensions>
      </trkpt>
      <trkpt lat="55.79781048931181430816650390625" lon="14.2052094452083110809326171875">
        <ele>5.19999980926513671875</ele>
        <time>2026-07-18T05:06:46.000Z</time>
        <extensions>
          <ns3:TrackPointExtension>
            <ns3:atemp>26.0</ns3:atemp>
            <ns3:hr>77</ns3:hr>
            <ns3:cad>50</ns3:cad>
          </ns3:TrackPointExtension>
        </extensions>
      </trkpt>
      <trkpt lat="55.79772382043302059173583984375" lon="14.20520869083702564239501953125">
        <ele>5.400000095367431640625</ele>
        <time>2026-07-18T05:06:52.000Z</time>
        <extensions>
          <ns3:TrackPointExtension>
            <ns3:atemp>26.0</ns3:atemp>
            <ns3:hr>77</ns3:hr>
            <ns3:cad>50</ns3:cad>
          </ns3:TrackPointExtension>
        </extensions>
      </trkpt>
      <trkpt lat="55.79768626950681209564208984375" lon="14.20521941967308521270751953125">
        <ele>5.19999980926513671875</ele>
        <time>2026-07-18T05:06:55.000Z</time>
        <extensions>
          <ns3:TrackPointExtension>
            <ns3:atemp>26.0</ns3:atemp>
            <ns3:hr>75</ns3:hr>
            <ns3:cad>50</ns3:cad>
          </ns3:TrackPointExtension>
        </extensions>
      </trkpt>
      <trkpt lat="55.79760186374187469482421875" lon="14.20523232780396938323974609375">
        <ele>5.19999980926513671875</ele>
        <time>2026-07-18T05:07:01.000Z</time>
        <extensions>
          <ns3:TrackPointExtension>
            <ns3:atemp>26.0</ns3:atemp>
            <ns3:hr>73</ns3:hr>
            <ns3:cad>50</ns3:cad>
          </ns3:TrackPointExtension>
        </extensions>
      </trkpt>
      <trkpt lat="55.79752785153687000274658203125" lon="14.20523978769779205322265625">
        <ele>5</ele>
        <time>2026-07-18T05:07:07.000Z</time>
        <extensions>
          <ns3:TrackPointExtension>
            <ns3:atemp>26.0</ns3:atemp>
            <ns3:hr>75</ns3:hr>
            <ns3:cad>50</ns3:cad>
          </ns3:TrackPointExtension>
        </extensions>
      </trkpt>
      <trkpt lat="55.79750421456992626190185546875" lon="14.20525076799094676971435546875">
        <ele>5</ele>
        <time>2026-07-18T05:07:09.000Z</time>
        <extensions>
          <ns3:TrackPointExtension>
            <ns3:atemp>26.0</ns3:atemp>
            <ns3:hr>76</ns3:hr>
            <ns3:cad>50</ns3:cad>
          </ns3:TrackPointExtension>
        </extensions>
      </trkpt>
      <trkpt lat="55.7974250055849552154541015625" lon="14.20525227673351764678955078125">
        <ele>4.80000019073486328125</ele>
        <time>2026-07-18T05:07:15.000Z</time>
        <extensions>
          <ns3:TrackPointExtension>
            <ns3:atemp>26.0</ns3:atemp>
            <ns3:hr>74</ns3:hr>
            <ns3:cad>50</ns3:cad>
          </ns3:TrackPointExtension>
        </extensions>
      </trkpt>
      <trkpt lat="55.797412432730197906494140625" lon="14.2052553780376911163330078125">
        <ele>5</ele>
        <time>2026-07-18T05:07:16.000Z</time>
        <extensions>
          <ns3:TrackPointExtension>
            <ns3:atemp>26.0</ns3:atemp>
            <ns3:hr>78</ns3:hr>
            <ns3:cad>50</ns3:cad>
          </ns3:TrackPointExtension>
        </extensions>
      </trkpt>
      <trkpt lat="55.7973385043442249298095703125" lon="14.2052198387682437896728515625">
        <ele>5</ele>
        <time>2026-07-18T05:07:22.000Z</time>
        <extensions>
          <ns3:TrackPointExtension>
            <ns3:atemp>26.0</ns3:atemp>
            <ns3:hr>77</ns3:hr>
            <ns3:cad>50</ns3:cad>
          </ns3:TrackPointExtension>
        </extensions>
      </trkpt>
      <trkpt lat="55.7972674258053302764892578125" lon="14.20515873469412326812744140625">
        <ele>4.80000019073486328125</ele>
        <time>2026-07-18T05:07:28.000Z</time>
        <extensions>
          <ns3:TrackPointExtension>
            <ns3:atemp>26.0</ns3:atemp>
            <ns3:hr>76</ns3:hr>
            <ns3:cad>50</ns3:cad>
          </ns3:TrackPointExtension>
        </extensions>
      </trkpt>
      <trkpt lat="55.79718452878296375274658203125" lon="14.205094613134860992431640625">
        <ele>5</ele>
        <time>2026-07-18T05:07:34.000Z</time>
        <extensions>
          <ns3:TrackPointExtension>
            <ns3:atemp>26.0</ns3:atemp>
            <ns3:hr>76</ns3:hr>
            <ns3:cad>50</ns3:cad>
          </ns3:TrackPointExtension>
        </extensions>
      </trkpt>
      <trkpt lat="55.79710020683705806732177734375" lon="14.2050465010106563568115234375">
        <ele>5</ele>
        <time>2026-07-18T05:07:40.000Z</time>
        <extensions>
          <ns3:TrackPointExtension>
            <ns3:atemp>26.0</ns3:atemp>
            <ns3:hr>76</ns3:hr>
            <ns3:cad>49</ns3:cad>
          </ns3:TrackPointExtension>
        </extensions>
      </trkpt>
      <trkpt lat="55.79705242998898029327392578125" lon="14.20501490123569965362548828125">
        <ele>5</ele>
        <time>2026-07-18T05:07:44.000Z</time>
        <extensions>
          <ns3:TrackPointExtension>
            <ns3:atemp>26.0</ns3:atemp>
            <ns3:hr>77</ns3:hr>
            <ns3:cad>49</ns3:cad>
          </ns3:TrackPointExtension>
        </extensions>
      </trkpt>
      <trkpt lat="55.79698269255459308624267578125" lon="14.20496209524571895599365234375">
        <ele>5.19999980926513671875</ele>
        <time>2026-07-18T05:07:50.000Z</time>
        <extensions>
          <ns3:TrackPointExtension>
            <ns3:atemp>26.0</ns3:atemp>
            <ns3:hr>78</ns3:hr>
            <ns3:cad>50</ns3:cad>
          </ns3:TrackPointExtension>
        </extensions>
      </trkpt>
      <trkpt lat="55.79696894623339176177978515625" lon="14.20495547354221343994140625">
        <ele>5.19999980926513671875</ele>
        <time>2026-07-18T05:07:51.000Z</time>
        <extensions>
          <ns3:TrackPointExtension>
            <ns3:atemp>26.0</ns3:atemp>
            <ns3:hr>78</ns3:hr>
            <ns3:cad>49</ns3:cad>
          </ns3:TrackPointExtension>
        </extensions>
      </trkpt>
      <trkpt lat="55.79695335589349269866943359375" lon="14.20495086349546909332275390625">
        <ele>5.19999980926513671875</ele>
        <time>2026-07-18T05:07:52.000Z</time>
        <extensions>
          <ns3:TrackPointExtension>
            <ns3:atemp>26.0</ns3:atemp>
            <ns3:hr>81</ns3:hr>
            <ns3:cad>49</ns3:cad>
          </ns3:TrackPointExtension>
        </extensions>
      </trkpt>
      <trkpt lat="55.79694111831486225128173828125" lon="14.2049479298293590545654296875">
        <ele>5.19999980926513671875</ele>
        <time>2026-07-18T05:07:53.000Z</time>
        <extensions>
          <ns3:TrackPointExtension>
            <ns3:atemp>26.0</ns3:atemp>
            <ns3:hr>78</ns3:hr>
            <ns3:cad>49</ns3:cad>
          </ns3:TrackPointExtension>
        </extensions>
      </trkpt>
      <trkpt lat="55.79685889184474945068359375" lon="14.2049382068216800689697265625">
        <ele>5.19999980926513671875</ele>
        <time>2026-07-18T05:07:59.000Z</time>
        <extensions>
          <ns3:TrackPointExtension>
            <ns3:atemp>25.0</ns3:atemp>
            <ns3:hr>77</ns3:hr>
            <ns3:cad>50</ns3:cad>
          </ns3:TrackPointExtension>
        </extensions>
      </trkpt>
      <trkpt lat="55.7968111149966716766357421875" lon="14.2049147374927997589111328125">
        <ele>5.19999980926513671875</ele>
        <time>2026-07-18T05:08:03.000Z</time>
        <extensions>
          <ns3:TrackPointExtension>
            <ns3:atemp>26.0</ns3:atemp>
            <ns3:hr>77</ns3:hr>
            <ns3:cad>50</ns3:cad>
          </ns3:TrackPointExtension>
        </extensions>
      </trkpt>
      <trkpt lat="55.79677448607981204986572265625" lon="14.2048976384103298187255859375">
        <ele>5.19999980926513671875</ele>
        <time>2026-07-18T05:08:06.000Z</time>
        <extensions>
          <ns3:TrackPointExtension>
            <ns3:atemp>26.0</ns3:atemp>
            <ns3:hr>80</ns3:hr>
            <ns3:cad>50</ns3:cad>
          </ns3:TrackPointExtension>
        </extensions>
      </trkpt>
      <trkpt lat="55.79674783162772655487060546875" lon="14.20488716103136539459228515625">
        <ele>5.19999980926513671875</ele>
        <time>2026-07-18T05:08:08.000Z</time>
        <extensions>
          <ns3:TrackPointExtension>
            <ns3:atemp>26.0</ns3:atemp>
            <ns3:hr>83</ns3:hr>
            <ns3:cad>50</ns3:cad>
          </ns3:TrackPointExtension>
        </extensions>
      </trkpt>
      <trkpt lat="55.79673358239233493804931640625" lon="14.20488431118428707122802734375">
        <ele>5.19999980926513671875</ele>
        <time>2026-07-18T05:08:09.000Z</time>
        <extensions>
          <ns3:TrackPointExtension>
            <ns3:atemp>26.0</ns3:atemp>
            <ns3:hr>79</ns3:hr>
            <ns3:cad>50</ns3:cad>
          </ns3:TrackPointExtension>
        </extensions>
      </trkpt>
      <trkpt lat="55.79669401980936527252197265625" lon="14.20486603863537311553955078125">
        <ele>5.19999980926513671875</ele>
        <time>2026-07-18T05:08:12.000Z</time>
        <extensions>
          <ns3:TrackPointExtension>
            <ns3:atemp>26.0</ns3:atemp>
            <ns3:hr>78</ns3:hr>
            <ns3:cad>50</ns3:cad>
          </ns3:TrackPointExtension>
        </extensions>
      </trkpt>
      <trkpt lat="55.7966592349112033843994140625" lon="14.2048503644764423370361328125">
        <ele>5.19999980926513671875</ele>
        <time>2026-07-18T05:08:15.000Z</time>
        <extensions>
          <ns3:TrackPointExtension>
            <ns3:atemp>26.0</ns3:atemp>
            <ns3:hr>81</ns3:hr>
            <ns3:cad>50</ns3:cad>
          </ns3:TrackPointExtension>
        </extensions>
      </trkpt>
      <trkpt lat="55.796576924622058868408203125" lon="14.20483611524105072021484375">
        <ele>5</ele>
        <time>2026-07-18T05:08:21.000Z</time>
        <extensions>
          <ns3:TrackPointExtension>
            <ns3:atemp>26.0</ns3:atemp>
            <ns3:hr>79</ns3:hr>
            <ns3:cad>50</ns3:cad>
          </ns3:TrackPointExtension>
        </extensions>
      </trkpt>
      <trkpt lat="55.79652654938399791717529296875" lon="14.204825051128864288330078125">
        <ele>5</ele>
        <time>2026-07-18T05:08:25.000Z</time>
        <extensions>
          <ns3:TrackPointExtension>
            <ns3:atemp>26.0</ns3:atemp>
            <ns3:hr>78</ns3:hr>
            <ns3:cad>50</ns3:cad>
          </ns3:TrackPointExtension>
        </extensions>
      </trkpt>
      <trkpt lat="55.79645262099802494049072265625" lon="14.20480703003704547882080078125">
        <ele>5</ele>
        <time>2026-07-18T05:08:31.000Z</time>
        <extensions>
          <ns3:TrackPointExtension>
            <ns3:atemp>26.0</ns3:atemp>
            <ns3:hr>78</ns3:hr>
            <ns3:cad>49</ns3:cad>
          </ns3:TrackPointExtension>
        </extensions>
      </trkpt>
      <trkpt lat="55.79642831347882747650146484375" lon="14.20478993095457553863525390625">
        <ele>5</ele>
        <time>2026-07-18T05:08:33.000Z</time>
        <extensions>
          <ns3:TrackPointExtension>
            <ns3:atemp>26.0</ns3:atemp>
            <ns3:hr>78</ns3:hr>
            <ns3:cad>49</ns3:cad>
          </ns3:TrackPointExtension>
        </extensions>
      </trkpt>
      <trkpt lat="55.796355642378330230712890625" lon="14.20475875027477741241455078125">
        <ele>5</ele>
        <time>2026-07-18T05:08:39.000Z</time>
        <extensions>
          <ns3:TrackPointExtension>
            <ns3:atemp>26.0</ns3:atemp>
            <ns3:hr>77</ns3:hr>
            <ns3:cad>50</ns3:cad>
          </ns3:TrackPointExtension>
        </extensions>
      </trkpt>
      <trkpt lat="55.796312727034091949462890625" lon="14.204758666455745697021484375">
        <ele>5</ele>
        <time>2026-07-18T05:08:42.000Z</time>
        <extensions>
          <ns3:TrackPointExtension>
            <ns3:atemp>26.0</ns3:atemp>
            <ns3:hr>77</ns3:hr>
            <ns3:cad>50</ns3:cad>
          </ns3:TrackPointExtension>
        </extensions>
      </trkpt>
      <trkpt lat="55.79623552970588207244873046875" lon="14.20473209582269191741943359375">
        <ele>4.80000019073486328125</ele>
        <time>2026-07-18T05:08:48.000Z</time>
        <extensions>
          <ns3:TrackPointExtension>
            <ns3:atemp>26.0</ns3:atemp>
            <ns3:hr>80</ns3:hr>
            <ns3:cad>51</ns3:cad>
          </ns3:TrackPointExtension>
        </extensions>
      </trkpt>
      <trkpt lat="55.7961955480277538299560546875" lon="14.20471608638763427734375">
        <ele>4.80000019073486328125</ele>
        <time>2026-07-18T05:08:51.000Z</time>
        <extensions>
          <ns3:TrackPointExtension>
            <ns3:atemp>26.0</ns3:atemp>
            <ns3:hr>77</ns3:hr>
            <ns3:cad>50</ns3:cad>
          </ns3:TrackPointExtension>
        </extensions>
      </trkpt>
      <trkpt lat="55.79615171067416667938232421875" lon="14.20471608638763427734375">
        <ele>4.80000019073486328125</ele>
        <time>2026-07-18T05:08:54.000Z</time>
        <extensions>
          <ns3:TrackPointExtension>
            <ns3:atemp>26.0</ns3:atemp>
            <ns3:hr>75</ns3:hr>
            <ns3:cad>50</ns3:cad>
          </ns3:TrackPointExtension>
        </extensions>
      </trkpt>
      <trkpt lat="55.7961408980190753936767578125" lon="14.20470695011317729949951171875">
        <ele>4.80000019073486328125</ele>
        <time>2026-07-18T05:08:55.000Z</time>
        <extensions>
          <ns3:TrackPointExtension>
            <ns3:atemp>26.0</ns3:atemp>
            <ns3:hr>70</ns3:hr>
            <ns3:cad>50</ns3:cad>
          </ns3:TrackPointExtension>
        </extensions>
      </trkpt>
      <trkpt lat="55.79612941481173038482666015625" lon="14.2046994902193546295166015625">
        <ele>4.80000019073486328125</ele>
        <time>2026-07-18T05:08:56.000Z</time>
        <extensions>
          <ns3:TrackPointExtension>
            <ns3:atemp>26.0</ns3:atemp>
            <ns3:hr>67</ns3:hr>
            <ns3:cad>50</ns3:cad>
          </ns3:TrackPointExtension>
        </extensions>
      </trkpt>
      <trkpt lat="55.7960862480103969573974609375" lon="14.20468079857528209686279296875">
        <ele>4.80000019073486328125</ele>
        <time>2026-07-18T05:08:59.000Z</time>
        <extensions>
          <ns3:TrackPointExtension>
            <ns3:atemp>26.0</ns3:atemp>
            <ns3:hr>64</ns3:hr>
            <ns3:cad>50</ns3:cad>
          </ns3:TrackPointExtension>
        </extensions>
      </trkpt>
      <trkpt lat="55.796023048460483551025390625" lon="14.20465464703738689422607421875">
        <ele>4.80000019073486328125</ele>
        <time>2026-07-18T05:09:04.000Z</time>
        <extensions>
          <ns3:TrackPointExtension>
            <ns3:atemp>26.0</ns3:atemp>
            <ns3:hr>64</ns3:hr>
            <ns3:cad>50</ns3:cad>
          </ns3:TrackPointExtension>
        </extensions>
      </trkpt>
      <trkpt lat="55.79594417475163936614990234375" lon="14.20462313108146190643310546875">
        <ele>5</ele>
        <time>2026-07-18T05:09:10.000Z</time>
        <extensions>
          <ns3:TrackPointExtension>
            <ns3:atemp>26.0</ns3:atemp>
            <ns3:hr>66</ns3:hr>
            <ns3:cad>50</ns3:cad>
          </ns3:TrackPointExtension>
        </extensions>
      </trkpt>
      <trkpt lat="55.79586647450923919677734375" lon="14.20460418798029422760009765625">
        <ele>5</ele>
        <time>2026-07-18T05:09:16.000Z</time>
        <extensions>
          <ns3:TrackPointExtension>
            <ns3:atemp>26.0</ns3:atemp>
            <ns3:hr>66</ns3:hr>
            <ns3:cad>50</ns3:cad>
          </ns3:TrackPointExtension>
        </extensions>
      </trkpt>
      <trkpt lat="55.7957771234214305877685546875" lon="14.20460619963705539703369140625">
        <ele>5</ele>
        <time>2026-07-18T05:09:22.000Z</time>
        <extensions>
          <ns3:TrackPointExtension>
            <ns3:atemp>26.0</ns3:atemp>
            <ns3:hr>67</ns3:hr>
            <ns3:cad>50</ns3:cad>
          </ns3:TrackPointExtension>
        </extensions>
      </trkpt>
      <trkpt lat="55.79573563300073146820068359375" lon="14.20459446497261524200439453125">
        <ele>5</ele>
        <time>2026-07-18T05:09:25.000Z</time>
        <extensions>
          <ns3:TrackPointExtension>
            <ns3:atemp>26.0</ns3:atemp>
            <ns3:hr>70</ns3:hr>
            <ns3:cad>51</ns3:cad>
          </ns3:TrackPointExtension>
        </extensions>
      </trkpt>
      <trkpt lat="55.7956539094448089599609375" lon="14.20456521213054656982421875">
        <ele>5.400000095367431640625</ele>
        <time>2026-07-18T05:09:31.000Z</time>
        <extensions>
          <ns3:TrackPointExtension>
            <ns3:atemp>26.0</ns3:atemp>
            <ns3:hr>69</ns3:hr>
            <ns3:cad>49</ns3:cad>
          </ns3:TrackPointExtension>
        </extensions>
      </trkpt>
      <trkpt lat="55.79563790000975131988525390625" lon="14.20456445775926113128662109375">
        <ele>5.400000095367431640625</ele>
        <time>2026-07-18T05:09:32.000Z</time>
        <extensions>
          <ns3:TrackPointExtension>
            <ns3:atemp>26.0</ns3:atemp>
            <ns3:hr>70</ns3:hr>
            <ns3:cad>49</ns3:cad>
          </ns3:TrackPointExtension>
        </extensions>
      </trkpt>
      <trkpt lat="55.795588530600070953369140625" lon="14.204530678689479827880859375">
        <ele>5.400000095367431640625</ele>
        <time>2026-07-18T05:09:36.000Z</time>
        <extensions>
          <ns3:TrackPointExtension>
            <ns3:atemp>26.0</ns3:atemp>
            <ns3:hr>73</ns3:hr>
            <ns3:cad>51</ns3:cad>
          </ns3:TrackPointExtension>
        </extensions>
      </trkpt>
      <trkpt lat="55.79552717506885528564453125" lon="14.204503856599330902099609375">
        <ele>5.400000095367431640625</ele>
        <time>2026-07-18T05:09:41.000Z</time>
        <extensions>
          <ns3:TrackPointExtension>
            <ns3:atemp>26.0</ns3:atemp>
            <ns3:hr>76</ns3:hr>
            <ns3:cad>50</ns3:cad>
          </ns3:TrackPointExtension>
        </extensions>
      </trkpt>
      <trkpt lat="55.79544964246451854705810546875" lon="14.20446957461535930633544921875">
        <ele>5.19999980926513671875</ele>
        <time>2026-07-18T05:09:47.000Z</time>
        <extensions>
          <ns3:TrackPointExtension>
            <ns3:atemp>26.0</ns3:atemp>
            <ns3:hr>77</ns3:hr>
            <ns3:cad>50</ns3:cad>
          </ns3:TrackPointExtension>
        </extensions>
      </trkpt>
      <trkpt lat="55.79537965357303619384765625" lon="14.20444359071552753448486328125">
        <ele>5</ele>
        <time>2026-07-18T05:09:52.000Z</time>
        <extensions>
          <ns3:TrackPointExtension>
            <ns3:atemp>26.0</ns3:atemp>
            <ns3:hr>78</ns3:hr>
            <ns3:cad>50</ns3:cad>
          </ns3:TrackPointExtension>
        </extensions>
      </trkpt>
      <trkpt lat="55.79529675655066967010498046875" lon="14.20443219132721424102783203125">
        <ele>5</ele>
        <time>2026-07-18T05:09:58.000Z</time>
        <extensions>
          <ns3:TrackPointExtension>
            <ns3:atemp>26.0</ns3:atemp>
            <ns3:hr>78</ns3:hr>
            <ns3:cad>51</ns3:cad>
          </ns3:TrackPointExtension>
        </extensions>
      </trkpt>
      <trkpt lat="55.7952259294688701629638671875" lon="14.204423725605010986328125">
        <ele>5</ele>
        <time>2026-07-18T05:10:03.000Z</time>
        <extensions>
          <ns3:TrackPointExtension>
            <ns3:atemp>26.0</ns3:atemp>
            <ns3:hr>77</ns3:hr>
            <ns3:cad>51</ns3:cad>
          </ns3:TrackPointExtension>
        </extensions>
      </trkpt>
      <trkpt lat="55.795146636664867401123046875" lon="14.2043984122574329376220703125">
        <ele>5</ele>
        <time>2026-07-18T05:10:09.000Z</time>
        <extensions>
          <ns3:TrackPointExtension>
            <ns3:atemp>26.0</ns3:atemp>
            <ns3:hr>75</ns3:hr>
            <ns3:cad>51</ns3:cad>
          </ns3:TrackPointExtension>
        </extensions>
      </trkpt>
      <trkpt lat="55.795067846775054931640625" lon="14.2044021002948284149169921875">
        <ele>5</ele>
        <time>2026-07-18T05:10:15.000Z</time>
        <extensions>
          <ns3:TrackPointExtension>
            <ns3:atemp>26.0</ns3:atemp>
            <ns3:hr>75</ns3:hr>
            <ns3:cad>51</ns3:cad>
          </ns3:TrackPointExtension>
        </extensions>
      </trkpt>
      <trkpt lat="55.7949892245233058929443359375" lon="14.2043709196150302886962890625">
        <ele>5.19999980926513671875</ele>
        <time>2026-07-18T05:10:21.000Z</time>
        <extensions>
          <ns3:TrackPointExtension>
            <ns3:atemp>26.0</ns3:atemp>
            <ns3:hr>75</ns3:hr>
            <ns3:cad>50</ns3:cad>
          </ns3:TrackPointExtension>
        </extensions>
      </trkpt>
      <trkpt lat="55.79496365971863269805908203125" lon="14.20435189269483089447021484375">
        <ele>5.19999980926513671875</ele>
        <time>2026-07-18T05:10:23.000Z</time>
        <extensions>
          <ns3:TrackPointExtension>
            <ns3:atemp>26.0</ns3:atemp>
            <ns3:hr>75</ns3:hr>
            <ns3:cad>50</ns3:cad>
          </ns3:TrackPointExtension>
        </extensions>
      </trkpt>
      <trkpt lat="55.794888474047183990478515625" lon="14.20431333594024181365966796875">
        <ele>5.19999980926513671875</ele>
        <time>2026-07-18T05:10:29.000Z</time>
        <extensions>
          <ns3:TrackPointExtension>
            <ns3:atemp>26.0</ns3:atemp>
            <ns3:hr>75</ns3:hr>
            <ns3:cad>50</ns3:cad>
          </ns3:TrackPointExtension>
        </extensions>
      </trkpt>
      <trkpt lat="55.79485259950160980224609375" lon="14.20429741032421588897705078125">
        <ele>5.400000095367431640625</ele>
        <time>2026-07-18T05:10:32.000Z</time>
        <extensions>
          <ns3:TrackPointExtension>
            <ns3:atemp>26.0</ns3:atemp>
            <ns3:hr>73</ns3:hr>
            <ns3:cad>50</ns3:cad>
          </ns3:TrackPointExtension>
        </extensions>
      </trkpt>
      <trkpt lat="55.7948095165193080902099609375" lon="14.204280562698841094970703125">
        <ele>5.400000095367431640625</ele>
        <time>2026-07-18T05:10:35.000Z</time>
        <extensions>
          <ns3:TrackPointExtension>
            <ns3:atemp>26.0</ns3:atemp>
            <ns3:hr>76</ns3:hr>
            <ns3:cad>50</ns3:cad>
          </ns3:TrackPointExtension>
        </extensions>
      </trkpt>
      <trkpt lat="55.7947297208011150360107421875" lon="14.20425382442772388458251953125">
        <ele>5.400000095367431640625</ele>
        <time>2026-07-18T05:10:41.000Z</time>
        <extensions>
          <ns3:TrackPointExtension>
            <ns3:atemp>26.0</ns3:atemp>
            <ns3:hr>77</ns3:hr>
            <ns3:cad>50</ns3:cad>
          </ns3:TrackPointExtension>
        </extensions>
      </trkpt>
      <trkpt lat="55.79470465891063213348388671875" lon="14.20424594543874263763427734375">
        <ele>5.400000095367431640625</ele>
        <time>2026-07-18T05:10:43.000Z</time>
        <extensions>
          <ns3:TrackPointExtension>
            <ns3:atemp>26.0</ns3:atemp>
            <ns3:hr>76</ns3:hr>
            <ns3:cad>50</ns3:cad>
          </ns3:TrackPointExtension>
        </extensions>
      </trkpt>
      <trkpt lat="55.7946241088211536407470703125" lon="14.2042104899883270263671875">
        <ele>5.400000095367431640625</ele>
        <time>2026-07-18T05:10:49.000Z</time>
        <extensions>
          <ns3:TrackPointExtension>
            <ns3:atemp>26.0</ns3:atemp>
            <ns3:hr>77</ns3:hr>
            <ns3:cad>51</ns3:cad>
          </ns3:TrackPointExtension>
        </extensions>
      </trkpt>
      <trkpt lat="55.7945651002228260040283203125" lon="14.20417637564241886138916015625">
        <ele>5.400000095367431640625</ele>
        <time>2026-07-18T05:10:54.000Z</time>
        <extensions>
          <ns3:TrackPointExtension>
            <ns3:atemp>26.0</ns3:atemp>
            <ns3:hr>77</ns3:hr>
            <ns3:cad>50</ns3:cad>
          </ns3:TrackPointExtension>
        </extensions>
      </trkpt>
      <trkpt lat="55.794488489627838134765625" lon="14.20413262210786342620849609375">
        <ele>5.400000095367431640625</ele>
        <time>2026-07-18T05:11:00.000Z</time>
        <extensions>
          <ns3:TrackPointExtension>
            <ns3:atemp>26.0</ns3:atemp>
            <ns3:hr>79</ns3:hr>
            <ns3:cad>50</ns3:cad>
          </ns3:TrackPointExtension>
        </extensions>
      </trkpt>
      <trkpt lat="55.794407688081264495849609375" lon="14.2040929757058620452880859375">
        <ele>5.400000095367431640625</ele>
        <time>2026-07-18T05:11:06.000Z</time>
        <extensions>
          <ns3:TrackPointExtension>
            <ns3:atemp>26.0</ns3:atemp>
            <ns3:hr>78</ns3:hr>
            <ns3:cad>50</ns3:cad>
          </ns3:TrackPointExtension>
        </extensions>
      </trkpt>
      <trkpt lat="55.79433199949562549591064453125" lon="14.204056262969970703125">
        <ele>5.400000095367431640625</ele>
        <time>2026-07-18T05:11:12.000Z</time>
        <extensions>
          <ns3:TrackPointExtension>
            <ns3:atemp>26.0</ns3:atemp>
            <ns3:hr>76</ns3:hr>
            <ns3:cad>50</ns3:cad>
          </ns3:TrackPointExtension>
        </extensions>
      </trkpt>
      <trkpt lat="55.79427919350564479827880859375" lon="14.20404008589684963226318359375">
        <ele>5.400000095367431640625</ele>
        <time>2026-07-18T05:11:16.000Z</time>
        <extensions>
          <ns3:TrackPointExtension>
            <ns3:atemp>26.0</ns3:atemp>
            <ns3:hr>77</ns3:hr>
            <ns3:cad>50</ns3:cad>
          </ns3:TrackPointExtension>
        </extensions>
      </trkpt>
      <trkpt lat="55.7941919378936290740966796875" lon="14.20402516610920429229736328125">
        <ele>5.19999980926513671875</ele>
        <time>2026-07-18T05:11:22.000Z</time>
        <extensions>
          <ns3:TrackPointExtension>
            <ns3:atemp>26.0</ns3:atemp>
            <ns3:hr>77</ns3:hr>
            <ns3:cad>51</ns3:cad>
          </ns3:TrackPointExtension>
        </extensions>
      </trkpt>
      <trkpt lat="55.79412840306758880615234375" lon="14.2040011100471019744873046875">
        <ele>5.19999980926513671875</ele>
        <time>2026-07-18T05:11:27.000Z</time>
        <extensions>
          <ns3:TrackPointExtension>
            <ns3:atemp>26.0</ns3:atemp>
            <ns3:hr>77</ns3:hr>
            <ns3:cad>51</ns3:cad>
          </ns3:TrackPointExtension>
        </extensions>
      </trkpt>
      <trkpt lat="55.7940517924726009368896484375" lon="14.2039664089679718017578125">
        <ele>5.19999980926513671875</ele>
        <time>2026-07-18T05:11:33.000Z</time>
        <extensions>
          <ns3:TrackPointExtension>
            <ns3:atemp>26.0</ns3:atemp>
            <ns3:hr>79</ns3:hr>
            <ns3:cad>50</ns3:cad>
          </ns3:TrackPointExtension>
        </extensions>
      </trkpt>
      <trkpt lat="55.79400963149964809417724609375" lon="14.20394537039101123809814453125">
        <ele>5.19999980926513671875</ele>
        <time>2026-07-18T05:11:36.000Z</time>
        <extensions>
          <ns3:TrackPointExtension>
            <ns3:atemp>26.0</ns3:atemp>
            <ns3:hr>76</ns3:hr>
            <ns3:cad>50</ns3:cad>
          </ns3:TrackPointExtension>
        </extensions>
      </trkpt>
      <trkpt lat="55.7939719967544078826904296875" lon="14.203931875526905059814453125">
        <ele>5.19999980926513671875</ele>
        <time>2026-07-18T05:11:39.000Z</time>
        <extensions>
          <ns3:TrackPointExtension>
            <ns3:atemp>26.0</ns3:atemp>
            <ns3:hr>75</ns3:hr>
            <ns3:cad>50</ns3:cad>
          </ns3:TrackPointExtension>
        </extensions>
      </trkpt>
      <trkpt lat="55.79395682550966739654541015625" lon="14.203926511108875274658203125">
        <ele>5.19999980926513671875</ele>
        <time>2026-07-18T05:11:40.000Z</time>
        <extensions>
          <ns3:TrackPointExtension>
            <ns3:atemp>26.0</ns3:atemp>
            <ns3:hr>78</ns3:hr>
            <ns3:cad>50</ns3:cad>
          </ns3:TrackPointExtension>
        </extensions>
      </trkpt>
      <trkpt lat="55.7939441688358783721923828125" lon="14.2039223201572895050048828125">
        <ele>5.19999980926513671875</ele>
        <time>2026-07-18T05:11:41.000Z</time>
        <extensions>
          <ns3:TrackPointExtension>
            <ns3:atemp>26.0</ns3:atemp>
            <ns3:hr>75</ns3:hr>
            <ns3:cad>50</ns3:cad>
          </ns3:TrackPointExtension>
        </extensions>
      </trkpt>
      <trkpt lat="55.7939062826335430145263671875" lon="14.20391217805445194244384765625">
        <ele>5.19999980926513671875</ele>
        <time>2026-07-18T05:11:44.000Z</time>
        <extensions>
          <ns3:TrackPointExtension>
            <ns3:atemp>26.0</ns3:atemp>
            <ns3:hr>79</ns3:hr>
            <ns3:cad>50</ns3:cad>
          </ns3:TrackPointExtension>
        </extensions>
      </trkpt>
      <trkpt lat="55.7938251458108425140380859375" lon="14.203890301287174224853515625">
        <ele>5.400000095367431640625</ele>
        <time>2026-07-18T05:11:50.000Z</time>
        <extensions>
          <ns3:TrackPointExtension>
            <ns3:atemp>26.0</ns3:atemp>
            <ns3:hr>76</ns3:hr>
            <ns3:cad>51</ns3:cad>
          </ns3:TrackPointExtension>
        </extensions>
      </trkpt>
      <trkpt lat="55.7938137464225292205810546875" lon="14.2038847692310810089111328125">
        <ele>5.400000095367431640625</ele>
        <time>2026-07-18T05:11:51.000Z</time>
        <extensions>
          <ns3:TrackPointExtension>
            <ns3:atemp>26.0</ns3:atemp>
            <ns3:hr>77</ns3:hr>
            <ns3:cad>51</ns3:cad>
          </ns3:TrackPointExtension>
        </extensions>
      </trkpt>
      <trkpt lat="55.79374711029231548309326171875" lon="14.2038529179990291595458984375">
        <ele>5.400000095367431640625</ele>
        <time>2026-07-18T05:11:56.000Z</time>
        <extensions>
          <ns3:TrackPointExtension>
            <ns3:atemp>26.0</ns3:atemp>
            <ns3:hr>80</ns3:hr>
            <ns3:cad>51</ns3:cad>
          </ns3:TrackPointExtension>
        </extensions>
      </trkpt>
      <trkpt lat="55.79370729625225067138671875" lon="14.20384906232357025146484375">
        <ele>5.19999980926513671875</ele>
        <time>2026-07-18T05:11:59.000Z</time>
        <extensions>
          <ns3:TrackPointExtension>
            <ns3:atemp>26.0</ns3:atemp>
            <ns3:hr>79</ns3:hr>
            <ns3:cad>51</ns3:cad>
          </ns3:TrackPointExtension>
        </extensions>
      </trkpt>
      <trkpt lat="55.7936642132699489593505859375" lon="14.20383841730654239654541015625">
        <ele>5.19999980926513671875</ele>
        <time>2026-07-18T05:12:02.000Z</time>
        <extensions>
          <ns3:TrackPointExtension>
            <ns3:atemp>26.0</ns3:atemp>
            <ns3:hr>76</ns3:hr>
            <ns3:cad>51</ns3:cad>
          </ns3:TrackPointExtension>
        </extensions>
      </trkpt>
      <trkpt lat="55.793584920465946197509765625" lon="14.203820563852787017822265625">
        <ele>5.19999980926513671875</ele>
        <time>2026-07-18T05:12:08.000Z</time>
        <extensions>
          <ns3:TrackPointExtension>
            <ns3:atemp>26.0</ns3:atemp>
            <ns3:hr>78</ns3:hr>
            <ns3:cad>51</ns3:cad>
          </ns3:TrackPointExtension>
        </extensions>
      </trkpt>
      <trkpt lat="55.79357025213539600372314453125" lon="14.20381578616797924041748046875">
        <ele>5.19999980926513671875</ele>
        <time>2026-07-18T05:12:09.000Z</time>
        <extensions>
          <ns3:TrackPointExtension>
            <ns3:atemp>26.0</ns3:atemp>
            <ns3:hr>78</ns3:hr>
            <ns3:cad>51</ns3:cad>
          </ns3:TrackPointExtension>
        </extensions>
      </trkpt>
      <trkpt lat="55.79349062405526638031005859375" lon="14.20378242619335651397705078125">
        <ele>5.19999980926513671875</ele>
        <time>2026-07-18T05:12:15.000Z</time>
        <extensions>
          <ns3:TrackPointExtension>
            <ns3:atemp>26.0</ns3:atemp>
            <ns3:hr>80</ns3:hr>
            <ns3:cad>50</ns3:cad>
          </ns3:TrackPointExtension>
        </extensions>
      </trkpt>
      <trkpt lat="55.79344335012137889862060546875" lon="14.203769601881504058837890625">
        <ele>5.400000095367431640625</ele>
        <time>2026-07-18T05:12:19.000Z</time>
        <extensions>
          <ns3:TrackPointExtension>
            <ns3:atemp>26.0</ns3:atemp>
            <ns3:hr>81</ns3:hr>
            <ns3:cad>50</ns3:cad>
          </ns3:TrackPointExtension>
        </extensions>
      </trkpt>
      <trkpt lat="55.7933755405247211456298828125" lon="14.20372995547950267791748046875">
        <ele>5.400000095367431640625</ele>
        <time>2026-07-18T05:12:25.000Z</time>
        <extensions>
          <ns3:TrackPointExtension>
            <ns3:atemp>26.0</ns3:atemp>
            <ns3:hr>78</ns3:hr>
            <ns3:cad>50</ns3:cad>
          </ns3:TrackPointExtension>
        </extensions>
      </trkpt>
      <trkpt lat="55.79330957494676113128662109375" lon="14.20369684696197509765625">
        <ele>5.19999980926513671875</ele>
        <time>2026-07-18T05:12:30.000Z</time>
        <extensions>
          <ns3:TrackPointExtension>
            <ns3:atemp>26.0</ns3:atemp>
            <ns3:hr>78</ns3:hr>
            <ns3:cad>50</ns3:cad>
          </ns3:TrackPointExtension>
        </extensions>
      </trkpt>
      <trkpt lat="55.7932293601334095001220703125" lon="14.203677065670490264892578125">
        <ele>5.19999980926513671875</ele>
        <time>2026-07-18T05:12:36.000Z</time>
        <extensions>
          <ns3:TrackPointExtension>
            <ns3:atemp>26.0</ns3:atemp>
            <ns3:hr>77</ns3:hr>
            <ns3:cad>50</ns3:cad>
          </ns3:TrackPointExtension>
        </extensions>
      </trkpt>
      <trkpt lat="55.793157108128070831298828125" lon="14.2036574520170688629150390625">
        <ele>5.19999980926513671875</ele>
        <time>2026-07-18T05:12:41.000Z</time>
        <extensions>
          <ns3:TrackPointExtension>
            <ns3:atemp>26.0</ns3:atemp>
            <ns3:hr>75</ns3:hr>
            <ns3:cad>49</ns3:cad>
          </ns3:TrackPointExtension>
        </extensions>
      </trkpt>
      <trkpt lat="55.79308032989501953125" lon="14.2036158777773380279541015625">
        <ele>5</ele>
        <time>2026-07-18T05:12:47.000Z</time>
        <extensions>
          <ns3:TrackPointExtension>
            <ns3:atemp>26.0</ns3:atemp>
            <ns3:hr>76</ns3:hr>
            <ns3:cad>49</ns3:cad>
          </ns3:TrackPointExtension>
        </extensions>
      </trkpt>
      <trkpt lat="55.79302928410470485687255859375" lon="14.2036034725606441497802734375">
        <ele>5</ele>
        <time>2026-07-18T05:12:51.000Z</time>
        <extensions>
          <ns3:TrackPointExtension>
            <ns3:atemp>26.0</ns3:atemp>
            <ns3:hr>76</ns3:hr>
            <ns3:cad>50</ns3:cad>
          </ns3:TrackPointExtension>
        </extensions>
      </trkpt>
      <trkpt lat="55.7929527573287487030029296875" lon="14.20356952585279941558837890625">
        <ele>5</ele>
        <time>2026-07-18T05:12:57.000Z</time>
        <extensions>
          <ns3:TrackPointExtension>
            <ns3:atemp>26.0</ns3:atemp>
            <ns3:hr>76</ns3:hr>
            <ns3:cad>51</ns3:cad>
          </ns3:TrackPointExtension>
        </extensions>
      </trkpt>
      <trkpt lat="55.79291797243058681488037109375" lon="14.20355536043643951416015625">
        <ele>5</ele>
        <time>2026-07-18T05:13:00.000Z</time>
        <extensions>
          <ns3:TrackPointExtension>
            <ns3:atemp>26.0</ns3:atemp>
            <ns3:hr>75</ns3:hr>
            <ns3:cad>51</ns3:cad>
          </ns3:TrackPointExtension>
        </extensions>
      </trkpt>
      <trkpt lat="55.79283331520855426788330078125" lon="14.2035203240811824798583984375">
        <ele>5</ele>
        <time>2026-07-18T05:13:06.000Z</time>
        <extensions>
          <ns3:TrackPointExtension>
            <ns3:atemp>26.0</ns3:atemp>
            <ns3:hr>73</ns3:hr>
            <ns3:cad>50</ns3:cad>
          </ns3:TrackPointExtension>
        </extensions>
      </trkpt>
      <trkpt lat="55.7928027212619781494140625" lon="14.2035149596631526947021484375">
        <ele>5</ele>
        <time>2026-07-18T05:13:08.000Z</time>
        <extensions>
          <ns3:TrackPointExtension>
            <ns3:atemp>26.0</ns3:atemp>
            <ns3:hr>72</ns3:hr>
            <ns3:cad>50</ns3:cad>
          </ns3:TrackPointExtension>
        </extensions>
      </trkpt>
      <trkpt lat="55.79275938682258129119873046875" lon="14.20349660329520702362060546875">
        <ele>5</ele>
        <time>2026-07-18T05:13:11.000Z</time>
        <extensions>
          <ns3:TrackPointExtension>
            <ns3:atemp>26.0</ns3:atemp>
            <ns3:hr>75</ns3:hr>
            <ns3:cad>51</ns3:cad>
          </ns3:TrackPointExtension>
        </extensions>
      </trkpt>
      <trkpt lat="55.792681686580181121826171875" lon="14.20345603488385677337646484375">
        <ele>5</ele>
        <time>2026-07-18T05:13:17.000Z</time>
        <extensions>
          <ns3:TrackPointExtension>
            <ns3:atemp>26.0</ns3:atemp>
            <ns3:hr>74</ns3:hr>
            <ns3:cad>50</ns3:cad>
          </ns3:TrackPointExtension>
        </extensions>
      </trkpt>
      <trkpt lat="55.79265310429036617279052734375" lon="14.2034505866467952728271484375">
        <ele>5</ele>
        <time>2026-07-18T05:13:19.000Z</time>
        <extensions>
          <ns3:TrackPointExtension>
            <ns3:atemp>26.0</ns3:atemp>
            <ns3:hr>72</ns3:hr>
            <ns3:cad>50</ns3:cad>
          </ns3:TrackPointExtension>
        </extensions>
      </trkpt>
      <trkpt lat="55.79256593249738216400146484375" lon="14.2034220881760120391845703125">
        <ele>5</ele>
        <time>2026-07-18T05:13:25.000Z</time>
        <extensions>
          <ns3:TrackPointExtension>
            <ns3:atemp>26.0</ns3:atemp>
            <ns3:hr>74</ns3:hr>
            <ns3:cad>50</ns3:cad>
          </ns3:TrackPointExtension>
        </extensions>
      </trkpt>
      <trkpt lat="55.79251916147768497467041015625" lon="14.20340113341808319091796875">
        <ele>5</ele>
        <time>2026-07-18T05:13:29.000Z</time>
        <extensions>
          <ns3:TrackPointExtension>
            <ns3:atemp>26.0</ns3:atemp>
            <ns3:hr>74</ns3:hr>
            <ns3:cad>51</ns3:cad>
          </ns3:TrackPointExtension>
        </extensions>
      </trkpt>
      <trkpt lat="55.7924325764179229736328125" lon="14.20335796661674976348876953125">
        <ele>5</ele>
        <time>2026-07-18T05:13:35.000Z</time>
        <extensions>
          <ns3:TrackPointExtension>
            <ns3:atemp>26.0</ns3:atemp>
            <ns3:hr>75</ns3:hr>
            <ns3:cad>50</ns3:cad>
          </ns3:TrackPointExtension>
        </extensions>
      </trkpt>
      <trkpt lat="55.79237465746700763702392578125" lon="14.2033446393907070159912109375">
        <ele>5</ele>
        <time>2026-07-18T05:13:39.000Z</time>
        <extensions>
          <ns3:TrackPointExtension>
            <ns3:atemp>26.0</ns3:atemp>
            <ns3:hr>75</ns3:hr>
            <ns3:cad>50</ns3:cad>
          </ns3:TrackPointExtension>
        </extensions>
      </trkpt>
      <trkpt lat="55.79230257309973239898681640625" lon="14.20332376845180988311767578125">
        <ele>5</ele>
        <time>2026-07-18T05:13:45.000Z</time>
        <extensions>
          <ns3:TrackPointExtension>
            <ns3:atemp>25.0</ns3:atemp>
            <ns3:hr>76</ns3:hr>
            <ns3:cad>50</ns3:cad>
          </ns3:TrackPointExtension>
        </extensions>
      </trkpt>
      <trkpt lat="55.7922459952533245086669921875" lon="14.2033201642334461212158203125">
        <ele>5</ele>
        <time>2026-07-18T05:13:49.000Z</time>
        <extensions>
          <ns3:TrackPointExtension>
            <ns3:atemp>25.0</ns3:atemp>
            <ns3:hr>77</ns3:hr>
            <ns3:cad>51</ns3:cad>
          </ns3:TrackPointExtension>
        </extensions>
      </trkpt>
      <trkpt lat="55.7921832986176013946533203125" lon="14.2032651789486408233642578125">
        <ele>5</ele>
        <time>2026-07-18T05:13:55.000Z</time>
        <extensions>
          <ns3:TrackPointExtension>
            <ns3:atemp>25.0</ns3:atemp>
            <ns3:hr>77</ns3:hr>
            <ns3:cad>50</ns3:cad>
          </ns3:TrackPointExtension>
        </extensions>
      </trkpt>
      <trkpt lat="55.79211615957319736480712890625" lon="14.20325352810323238372802734375">
        <ele>5</ele>
        <time>2026-07-18T05:14:00.000Z</time>
        <extensions>
          <ns3:TrackPointExtension>
            <ns3:atemp>25.0</ns3:atemp>
            <ns3:hr>79</ns3:hr>
            <ns3:cad>49</ns3:cad>
          </ns3:TrackPointExtension>
        </extensions>
      </trkpt>
      <trkpt lat="55.7920357771217823028564453125" lon="14.20324866659939289093017578125">
        <ele>5</ele>
        <time>2026-07-18T05:14:06.000Z</time>
        <extensions>
          <ns3:TrackPointExtension>
            <ns3:atemp>25.0</ns3:atemp>
            <ns3:hr>80</ns3:hr>
            <ns3:cad>50</ns3:cad>
          </ns3:TrackPointExtension>
        </extensions>
      </trkpt>
      <trkpt lat="55.7919900119304656982421875" lon="14.20324028469622135162353515625">
        <ele>5</ele>
        <time>2026-07-18T05:14:10.000Z</time>
        <extensions>
          <ns3:TrackPointExtension>
            <ns3:atemp>25.0</ns3:atemp>
            <ns3:hr>79</ns3:hr>
            <ns3:cad>50</ns3:cad>
          </ns3:TrackPointExtension>
        </extensions>
      </trkpt>
      <trkpt lat="55.79190828837454319000244140625" lon="14.203231818974018096923828125">
        <ele>5</ele>
        <time>2026-07-18T05:14:16.000Z</time>
        <extensions>
          <ns3:TrackPointExtension>
            <ns3:atemp>25.0</ns3:atemp>
            <ns3:hr>78</ns3:hr>
            <ns3:cad>50</ns3:cad>
          </ns3:TrackPointExtension>
        </extensions>
      </trkpt>
      <trkpt lat="55.79186755232512950897216796875" lon="14.2032215930521488189697265625">
        <ele>5</ele>
        <time>2026-07-18T05:14:19.000Z</time>
        <extensions>
          <ns3:TrackPointExtension>
            <ns3:atemp>25.0</ns3:atemp>
            <ns3:hr>78</ns3:hr>
            <ns3:cad>49</ns3:cad>
          </ns3:TrackPointExtension>
        </extensions>
      </trkpt>
      <trkpt lat="55.791789181530475616455078125" lon="14.20321094803512096405029296875">
        <ele>5</ele>
        <time>2026-07-18T05:14:25.000Z</time>
        <extensions>
          <ns3:TrackPointExtension>
            <ns3:atemp>25.0</ns3:atemp>
            <ns3:hr>76</ns3:hr>
            <ns3:cad>49</ns3:cad>
          </ns3:TrackPointExtension>
        </extensions>
      </trkpt>
      <trkpt lat="55.79170594923198223114013671875" lon="14.20322268269956111907958984375">
        <ele>5</ele>
        <time>2026-07-18T05:14:31.000Z</time>
        <extensions>
          <ns3:TrackPointExtension>
            <ns3:atemp>25.0</ns3:atemp>
            <ns3:hr>75</ns3:hr>
            <ns3:cad>50</ns3:cad>
          </ns3:TrackPointExtension>
        </extensions>
      </trkpt>
      <trkpt lat="55.7916207052767276763916015625" lon="14.20321530662477016448974609375">
        <ele>5</ele>
        <time>2026-07-18T05:14:37.000Z</time>
        <extensions>
          <ns3:TrackPointExtension>
            <ns3:atemp>25.0</ns3:atemp>
            <ns3:hr>77</ns3:hr>
            <ns3:cad>49</ns3:cad>
          </ns3:TrackPointExtension>
        </extensions>
      </trkpt>
      <trkpt lat="55.79158357344567775726318359375" lon="14.20321463607251644134521484375">
        <ele>5.19999980926513671875</ele>
        <time>2026-07-18T05:14:40.000Z</time>
        <extensions>
          <ns3:TrackPointExtension>
            <ns3:atemp>25.0</ns3:atemp>
            <ns3:hr>77</ns3:hr>
            <ns3:cad>49</ns3:cad>
          </ns3:TrackPointExtension>
        </extensions>
      </trkpt>
      <trkpt lat="55.79149874858558177947998046875" lon="14.20321010984480381011962890625">
        <ele>5.19999980926513671875</ele>
        <time>2026-07-18T05:14:46.000Z</time>
        <extensions>
          <ns3:TrackPointExtension>
            <ns3:atemp>25.0</ns3:atemp>
            <ns3:hr>78</ns3:hr>
            <ns3:cad>50</ns3:cad>
          </ns3:TrackPointExtension>
        </extensions>
      </trkpt>
      <trkpt lat="55.79147360287606716156005859375" lon="14.20320122502744197845458984375">
        <ele>5.19999980926513671875</ele>
        <time>2026-07-18T05:14:48.000Z</time>
        <extensions>
          <ns3:TrackPointExtension>
            <ns3:atemp>25.0</ns3:atemp>
            <ns3:hr>80</ns3:hr>
            <ns3:cad>50</ns3:cad>
          </ns3:TrackPointExtension>
        </extensions>
      </trkpt>
      <trkpt lat="55.79140218906104564666748046875" lon="14.2031649313867092132568359375">
        <ele>5.19999980926513671875</ele>
        <time>2026-07-18T05:14:54.000Z</time>
        <extensions>
          <ns3:TrackPointExtension>
            <ns3:atemp>26.0</ns3:atemp>
            <ns3:hr>80</ns3:hr>
            <ns3:cad>50</ns3:cad>
          </ns3:TrackPointExtension>
        </extensions>
      </trkpt>
      <trkpt lat="55.79132474027574062347412109375" lon="14.20313199050724506378173828125">
        <ele>5</ele>
        <time>2026-07-18T05:15:00.000Z</time>
        <extensions>
          <ns3:TrackPointExtension>
            <ns3:atemp>26.0</ns3:atemp>
            <ns3:hr>82</ns3:hr>
            <ns3:cad>50</ns3:cad>
          </ns3:TrackPointExtension>
        </extensions>
      </trkpt>
      <trkpt lat="55.7912968285381793975830078125" lon="14.20311681926250457763671875">
        <ele>5</ele>
        <time>2026-07-18T05:15:02.000Z</time>
        <extensions>
          <ns3:TrackPointExtension>
            <ns3:atemp>26.0</ns3:atemp>
            <ns3:hr>81</ns3:hr>
            <ns3:cad>50</ns3:cad>
          </ns3:TrackPointExtension>
        </extensions>
      </trkpt>
      <trkpt lat="55.7912148535251617431640625" lon="14.20309603214263916015625">
        <ele>4.80000019073486328125</ele>
        <time>2026-07-18T05:15:08.000Z</time>
        <extensions>
          <ns3:TrackPointExtension>
            <ns3:atemp>26.0</ns3:atemp>
            <ns3:hr>83</ns3:hr>
            <ns3:cad>51</ns3:cad>
          </ns3:TrackPointExtension>
        </extensions>
      </trkpt>
      <trkpt lat="55.7911907136440277099609375" lon="14.20308639295399188995361328125">
        <ele>4.80000019073486328125</ele>
        <time>2026-07-18T05:15:10.000Z</time>
        <extensions>
          <ns3:TrackPointExtension>
            <ns3:atemp>26.0</ns3:atemp>
            <ns3:hr>85</ns3:hr>
            <ns3:cad>51</ns3:cad>
          </ns3:TrackPointExtension>
        </extensions>
      </trkpt>
      <trkpt lat="55.79117788933217525482177734375" lon="14.2030814476311206817626953125">
        <ele>4.80000019073486328125</ele>
        <time>2026-07-18T05:15:11.000Z</time>
        <extensions>
          <ns3:TrackPointExtension>
            <ns3:atemp>26.0</ns3:atemp>
            <ns3:hr>81</ns3:hr>
            <ns3:cad>51</ns3:cad>
          </ns3:TrackPointExtension>
        </extensions>
      </trkpt>
      <trkpt lat="55.7911633886396884918212890625" lon="14.20308019034564495086669921875">
        <ele>4.80000019073486328125</ele>
        <time>2026-07-18T05:15:12.000Z</time>
        <extensions>
          <ns3:TrackPointExtension>
            <ns3:atemp>26.0</ns3:atemp>
            <ns3:hr>84</ns3:hr>
            <ns3:cad>51</ns3:cad>
          </ns3:TrackPointExtension>
        </extensions>
      </trkpt>
      <trkpt lat="55.79111133702099323272705078125" lon="14.20305856503546237945556640625">
        <ele>4.80000019073486328125</ele>
        <time>2026-07-18T05:15:16.000Z</time>
        <extensions>
          <ns3:TrackPointExtension>
            <ns3:atemp>26.0</ns3:atemp>
            <ns3:hr>81</ns3:hr>
            <ns3:cad>51</ns3:cad>
          </ns3:TrackPointExtension>
        </extensions>
      </trkpt>
      <trkpt lat="55.79105668701231479644775390625" lon="14.2030281387269496917724609375">
        <ele>4.80000019073486328125</ele>
        <time>2026-07-18T05:15:20.000Z</time>
        <extensions>
          <ns3:TrackPointExtension>
            <ns3:atemp>26.0</ns3:atemp>
            <ns3:hr>81</ns3:hr>
            <ns3:cad>50</ns3:cad>
          </ns3:TrackPointExtension>
        </extensions>
      </trkpt>
      <trkpt lat="55.7909843511879444122314453125" lon="14.2029999755322933197021484375">
        <ele>4.80000019073486328125</ele>
        <time>2026-07-18T05:15:26.000Z</time>
        <extensions>
          <ns3:TrackPointExtension>
            <ns3:atemp>26.0</ns3:atemp>
            <ns3:hr>82</ns3:hr>
            <ns3:cad>51</ns3:cad>
          </ns3:TrackPointExtension>
        </extensions>
      </trkpt>
      <trkpt lat="55.790938921272754669189453125" lon="14.20297591947019100189208984375">
        <ele>4.80000019073486328125</ele>
        <time>2026-07-18T05:15:30.000Z</time>
        <extensions>
          <ns3:TrackPointExtension>
            <ns3:atemp>26.0</ns3:atemp>
            <ns3:hr>82</ns3:hr>
            <ns3:cad>50</ns3:cad>
          </ns3:TrackPointExtension>
        </extensions>
      </trkpt>
      <trkpt lat="55.7909293659031391143798828125" lon="14.20296669937670230865478515625">
        <ele>4.80000019073486328125</ele>
        <time>2026-07-18T05:15:31.000Z</time>
        <extensions>
          <ns3:TrackPointExtension>
            <ns3:atemp>26.0</ns3:atemp>
            <ns3:hr>82</ns3:hr>
            <ns3:cad>50</ns3:cad>
          </ns3:TrackPointExtension>
        </extensions>
      </trkpt>
      <trkpt lat="55.79085887409746646881103515625" lon="14.20294038020074367523193359375">
        <ele>4.80000019073486328125</ele>
        <time>2026-07-18T05:15:37.000Z</time>
        <extensions>
          <ns3:TrackPointExtension>
            <ns3:atemp>26.0</ns3:atemp>
            <ns3:hr>81</ns3:hr>
            <ns3:cad>51</ns3:cad>
          </ns3:TrackPointExtension>
        </extensions>
      </trkpt>
      <trkpt lat="55.7907768152654170989990234375" lon="14.2029429785907268524169921875">
        <ele>4.80000019073486328125</ele>
        <time>2026-07-18T05:15:43.000Z</time>
        <extensions>
          <ns3:TrackPointExtension>
            <ns3:atemp>26.0</ns3:atemp>
            <ns3:hr>80</ns3:hr>
            <ns3:cad>50</ns3:cad>
          </ns3:TrackPointExtension>
        </extensions>
      </trkpt>
      <trkpt lat="55.79076365567743778228759765625" lon="14.2029386200010776519775390625">
        <ele>4.80000019073486328125</ele>
        <time>2026-07-18T05:15:44.000Z</time>
        <extensions>
          <ns3:TrackPointExtension>
            <ns3:atemp>26.0</ns3:atemp>
            <ns3:hr>77</ns3:hr>
            <ns3:cad>50</ns3:cad>
          </ns3:TrackPointExtension>
        </extensions>
      </trkpt>
      <trkpt lat="55.79073800705373287200927734375" lon="14.20292395167052745819091796875">
        <ele>4.80000019073486328125</ele>
        <time>2026-07-18T05:15:46.000Z</time>
        <extensions>
          <ns3:TrackPointExtension>
            <ns3:atemp>26.0</ns3:atemp>
            <ns3:hr>80</ns3:hr>
            <ns3:cad>50</ns3:cad>
          </ns3:TrackPointExtension>
        </extensions>
      </trkpt>
      <trkpt lat="55.79072560183703899383544921875" lon="14.20291624031960964202880859375">
        <ele>4.80000019073486328125</ele>
        <time>2026-07-18T05:15:47.000Z</time>
        <extensions>
          <ns3:TrackPointExtension>
            <ns3:atemp>26.0</ns3:atemp>
            <ns3:hr>79</ns3:hr>
            <ns3:cad>50</ns3:cad>
          </ns3:TrackPointExtension>
        </extensions>
      </trkpt>
      <trkpt lat="55.7906326465308666229248046875" lon="14.2029181681573390960693359375">
        <ele>4.80000019073486328125</ele>
        <time>2026-07-18T05:15:53.000Z</time>
        <extensions>
          <ns3:TrackPointExtension>
            <ns3:atemp>26.0</ns3:atemp>
            <ns3:hr>78</ns3:hr>
            <ns3:cad>50</ns3:cad>
          </ns3:TrackPointExtension>
        </extensions>
      </trkpt>
      <trkpt lat="55.79058897681534290313720703125" lon="14.2029195092618465423583984375">
        <ele>4.80000019073486328125</ele>
        <time>2026-07-18T05:15:56.000Z</time>
        <extensions>
          <ns3:TrackPointExtension>
            <ns3:atemp>26.0</ns3:atemp>
            <ns3:hr>76</ns3:hr>
            <ns3:cad>51</ns3:cad>
          </ns3:TrackPointExtension>
        </extensions>
      </trkpt>
      <trkpt lat="55.79050465486943721771240234375" lon="14.2029138095676898956298828125">
        <ele>4.80000019073486328125</ele>
        <time>2026-07-18T05:16:02.000Z</time>
        <extensions>
          <ns3:TrackPointExtension>
            <ns3:atemp>26.0</ns3:atemp>
            <ns3:hr>77</ns3:hr>
            <ns3:cad>51</ns3:cad>
          </ns3:TrackPointExtension>
        </extensions>
      </trkpt>
      <trkpt lat="55.7904415391385555267333984375" lon="14.20288304798305034637451171875">
        <ele>4.80000019073486328125</ele>
        <time>2026-07-18T05:16:07.000Z</time>
        <extensions>
          <ns3:TrackPointExtension>
            <ns3:atemp>26.0</ns3:atemp>
            <ns3:hr>77</ns3:hr>
            <ns3:cad>50</ns3:cad>
          </ns3:TrackPointExtension>
        </extensions>
      </trkpt>
      <trkpt lat="55.79036300070583820343017578125" lon="14.202861003577709197998046875">
        <ele>5</ele>
        <time>2026-07-18T05:16:13.000Z</time>
        <extensions>
          <ns3:TrackPointExtension>
            <ns3:atemp>26.0</ns3:atemp>
            <ns3:hr>76</ns3:hr>
            <ns3:cad>49</ns3:cad>
          </ns3:TrackPointExtension>
        </extensions>
      </trkpt>
      <trkpt lat="55.790307261049747467041015625" lon="14.2028467543423175811767578125">
        <ele>5</ele>
        <time>2026-07-18T05:16:17.000Z</time>
        <extensions>
          <ns3:TrackPointExtension>
            <ns3:atemp>26.0</ns3:atemp>
            <ns3:hr>79</ns3:hr>
            <ns3:cad>50</ns3:cad>
          </ns3:TrackPointExtension>
        </extensions>
      </trkpt>
      <trkpt lat="55.7902936823666095733642578125" lon="14.2028439044952392578125">
        <ele>5</ele>
        <time>2026-07-18T05:16:18.000Z</time>
        <extensions>
          <ns3:TrackPointExtension>
            <ns3:atemp>26.0</ns3:atemp>
            <ns3:hr>82</ns3:hr>
            <ns3:cad>50</ns3:cad>
          </ns3:TrackPointExtension>
        </extensions>
      </trkpt>
      <trkpt lat="55.7902812771499156951904296875" lon="14.202839545905590057373046875">
        <ele>5</ele>
        <time>2026-07-18T05:16:19.000Z</time>
        <extensions>
          <ns3:TrackPointExtension>
            <ns3:atemp>26.0</ns3:atemp>
            <ns3:hr>78</ns3:hr>
            <ns3:cad>50</ns3:cad>
          </ns3:TrackPointExtension>
        </extensions>
      </trkpt>
      <trkpt lat="55.79025453887879848480224609375" lon="14.20283309184014797210693359375">
        <ele>5</ele>
        <time>2026-07-18T05:16:21.000Z</time>
        <extensions>
          <ns3:TrackPointExtension>
            <ns3:atemp>26.0</ns3:atemp>
            <ns3:hr>78</ns3:hr>
            <ns3:cad>50</ns3:cad>
          </ns3:TrackPointExtension>
        </extensions>
      </trkpt>
      <trkpt lat="55.79021371901035308837890625" lon="14.202818088233470916748046875">
        <ele>5</ele>
        <time>2026-07-18T05:16:24.000Z</time>
        <extensions>
          <ns3:TrackPointExtension>
            <ns3:atemp>26.0</ns3:atemp>
            <ns3:hr>81</ns3:hr>
            <ns3:cad>50</ns3:cad>
          </ns3:TrackPointExtension>
        </extensions>
      </trkpt>
      <trkpt lat="55.7901478372514247894287109375" lon="14.202793277800083160400390625">
        <ele>5</ele>
        <time>2026-07-18T05:16:29.000Z</time>
        <extensions>
          <ns3:TrackPointExtension>
            <ns3:atemp>26.0</ns3:atemp>
            <ns3:hr>77</ns3:hr>
            <ns3:cad>50</ns3:cad>
          </ns3:TrackPointExtension>
        </extensions>
      </trkpt>
      <trkpt lat="55.7901089452207088470458984375" lon="14.20277659781277179718017578125">
        <ele>5</ele>
        <time>2026-07-18T05:16:32.000Z</time>
        <extensions>
          <ns3:TrackPointExtension>
            <ns3:atemp>26.0</ns3:atemp>
            <ns3:hr>79</ns3:hr>
            <ns3:cad>50</ns3:cad>
          </ns3:TrackPointExtension>
        </extensions>
      </trkpt>
      <trkpt lat="55.790026299655437469482421875" lon="14.202747344970703125">
        <ele>5</ele>
        <time>2026-07-18T05:16:38.000Z</time>
        <extensions>
          <ns3:TrackPointExtension>
            <ns3:atemp>26.0</ns3:atemp>
            <ns3:hr>79</ns3:hr>
            <ns3:cad>51</ns3:cad>
          </ns3:TrackPointExtension>
        </extensions>
      </trkpt>
      <trkpt lat="55.78997508622705936431884765625" lon="14.202721528708934783935546875">
        <ele>5</ele>
        <time>2026-07-18T05:16:42.000Z</time>
        <extensions>
          <ns3:TrackPointExtension>
            <ns3:atemp>26.0</ns3:atemp>
            <ns3:hr>79</ns3:hr>
            <ns3:cad>50</ns3:cad>
          </ns3:TrackPointExtension>
        </extensions>
      </trkpt>
      <trkpt lat="55.7898967154324054718017578125" lon="14.20269546099007129669189453125">
        <ele>4.80000019073486328125</ele>
        <time>2026-07-18T05:16:48.000Z</time>
        <extensions>
          <ns3:TrackPointExtension>
            <ns3:atemp>26.0</ns3:atemp>
            <ns3:hr>82</ns3:hr>
            <ns3:cad>50</ns3:cad>
          </ns3:TrackPointExtension>
        </extensions>
      </trkpt>
      <trkpt lat="55.78986964188516139984130859375" lon="14.20268791727721691131591796875">
        <ele>4.80000019073486328125</ele>
        <time>2026-07-18T05:16:50.000Z</time>
        <extensions>
          <ns3:TrackPointExtension>
            <ns3:atemp>26.0</ns3:atemp>
            <ns3:hr>80</ns3:hr>
            <ns3:cad>51</ns3:cad>
          </ns3:TrackPointExtension>
        </extensions>
      </trkpt>
      <trkpt lat="55.7898450829088687896728515625" lon="14.202686659991741180419921875">
        <ele>4.80000019073486328125</ele>
        <time>2026-07-18T05:16:52.000Z</time>
        <extensions>
          <ns3:TrackPointExtension>
            <ns3:atemp>26.0</ns3:atemp>
            <ns3:hr>84</ns3:hr>
            <ns3:cad>50</ns3:cad>
          </ns3:TrackPointExtension>
        </extensions>
      </trkpt>
      <trkpt lat="55.7898199371993541717529296875" lon="14.202684648334980010986328125">
        <ele>4.80000019073486328125</ele>
        <time>2026-07-18T05:16:54.000Z</time>
        <extensions>
          <ns3:TrackPointExtension>
            <ns3:atemp>26.0</ns3:atemp>
            <ns3:hr>81</ns3:hr>
            <ns3:cad>51</ns3:cad>
          </ns3:TrackPointExtension>
        </extensions>
      </trkpt>
      <trkpt lat="55.7898065261542797088623046875" lon="14.20267869718372821807861328125">
        <ele>4.80000019073486328125</ele>
        <time>2026-07-18T05:16:55.000Z</time>
        <extensions>
          <ns3:TrackPointExtension>
            <ns3:atemp>26.0</ns3:atemp>
            <ns3:hr>82</ns3:hr>
            <ns3:cad>51</ns3:cad>
          </ns3:TrackPointExtension>
        </extensions>
      </trkpt>
      <trkpt lat="55.78975447453558444976806640625" lon="14.20267836190760135650634765625">
        <ele>5</ele>
        <time>2026-07-18T05:16:59.000Z</time>
        <extensions>
          <ns3:TrackPointExtension>
            <ns3:atemp>26.0</ns3:atemp>
            <ns3:hr>79</ns3:hr>
            <ns3:cad>50</ns3:cad>
          </ns3:TrackPointExtension>
        </extensions>
      </trkpt>
      <trkpt lat="55.7897247187793254852294921875" lon="14.202675931155681610107421875">
        <ele>5</ele>
        <time>2026-07-18T05:17:01.000Z</time>
        <extensions>
          <ns3:TrackPointExtension>
            <ns3:atemp>26.0</ns3:atemp>
            <ns3:hr>80</ns3:hr>
            <ns3:cad>50</ns3:cad>
          </ns3:TrackPointExtension>
        </extensions>
      </trkpt>
      <trkpt lat="55.78970217145979404449462890625" lon="14.202663861215114593505859375">
        <ele>5</ele>
        <time>2026-07-18T05:17:03.000Z</time>
        <extensions>
          <ns3:TrackPointExtension>
            <ns3:atemp>26.0</ns3:atemp>
            <ns3:hr>75</ns3:hr>
            <ns3:cad>50</ns3:cad>
          </ns3:TrackPointExtension>
        </extensions>
      </trkpt>
      <trkpt lat="55.78969161026179790496826171875" lon="14.2026616819202899932861328125">
        <ele>5</ele>
        <time>2026-07-18T05:17:04.000Z</time>
        <extensions>
          <ns3:TrackPointExtension>
            <ns3:atemp>26.0</ns3:atemp>
            <ns3:hr>79</ns3:hr>
            <ns3:cad>50</ns3:cad>
          </ns3:TrackPointExtension>
        </extensions>
      </trkpt>
      <trkpt lat="55.78961600549519062042236328125" lon="14.20264382846653461456298828125">
        <ele>5.19999980926513671875</ele>
        <time>2026-07-18T05:17:10.000Z</time>
        <extensions>
          <ns3:TrackPointExtension>
            <ns3:atemp>26.0</ns3:atemp>
            <ns3:hr>77</ns3:hr>
            <ns3:cad>49</ns3:cad>
          </ns3:TrackPointExtension>
        </extensions>
      </trkpt>
      <trkpt lat="55.7896023429930210113525390625" lon="14.20264047570526599884033203125">
        <ele>5.19999980926513671875</ele>
        <time>2026-07-18T05:17:11.000Z</time>
        <extensions>
          <ns3:TrackPointExtension>
            <ns3:atemp>26.0</ns3:atemp>
            <ns3:hr>81</ns3:hr>
            <ns3:cad>50</ns3:cad>
          </ns3:TrackPointExtension>
        </extensions>
      </trkpt>
      <trkpt lat="55.78957644291222095489501953125" lon="14.20262387953698635101318359375">
        <ele>5.19999980926513671875</ele>
        <time>2026-07-18T05:17:13.000Z</time>
        <extensions>
          <ns3:TrackPointExtension>
            <ns3:atemp>26.0</ns3:atemp>
            <ns3:hr>81</ns3:hr>
            <ns3:cad>50</ns3:cad>
          </ns3:TrackPointExtension>
        </extensions>
      </trkpt>
      <trkpt lat="55.7895044423639774322509765625" lon="14.2025859095156192779541015625">
        <ele>5.599999904632568359375</ele>
        <time>2026-07-18T05:17:19.000Z</time>
        <extensions>
          <ns3:TrackPointExtension>
            <ns3:atemp>26.0</ns3:atemp>
            <ns3:hr>80</ns3:hr>
            <ns3:cad>50</ns3:cad>
          </ns3:TrackPointExtension>
        </extensions>
      </trkpt>
      <trkpt lat="55.7894487865269184112548828125" lon="14.20252648182213306427001953125">
        <ele>5.400000095367431640625</ele>
        <time>2026-07-18T05:17:24.000Z</time>
        <extensions>
          <ns3:TrackPointExtension>
            <ns3:atemp>26.0</ns3:atemp>
            <ns3:hr>81</ns3:hr>
            <ns3:cad>48</ns3:cad>
          </ns3:TrackPointExtension>
        </extensions>
      </trkpt>
      <trkpt lat="55.7893909513950347900390625" lon="14.2024709098041057586669921875">
        <ele>5.400000095367431640625</ele>
        <time>2026-07-18T05:17:30.000Z</time>
        <extensions>
          <ns3:TrackPointExtension>
            <ns3:atemp>26.0</ns3:atemp>
            <ns3:hr>80</ns3:hr>
            <ns3:cad>48</ns3:cad>
          </ns3:TrackPointExtension>
        </extensions>
      </trkpt>
      <trkpt lat="55.78935767523944377899169921875" lon="14.20248339883983135223388671875">
        <ele>5.400000095367431640625</ele>
        <time>2026-07-18T05:17:33.000Z</time>
        <extensions>
          <ns3:TrackPointExtension>
            <ns3:atemp>26.0</ns3:atemp>
            <ns3:hr>80</ns3:hr>
            <ns3:cad>46</ns3:cad>
          </ns3:TrackPointExtension>
        </extensions>
      </trkpt>
      <trkpt lat="55.78932146541774272918701171875" lon="14.20251675881445407867431640625">
        <ele>5.19999980926513671875</ele>
        <time>2026-07-18T05:17:36.000Z</time>
        <extensions>
          <ns3:TrackPointExtension>
            <ns3:atemp>26.0</ns3:atemp>
            <ns3:hr>83</ns3:hr>
            <ns3:cad>51</ns3:cad>
          </ns3:TrackPointExtension>
        </extensions>
      </trkpt>
      <trkpt lat="55.78926698304712772369384765625" lon="14.20259387232363224029541015625">
        <ele>5.400000095367431640625</ele>
        <time>2026-07-18T05:17:42.000Z</time>
        <extensions>
          <ns3:TrackPointExtension>
            <ns3:atemp>26.0</ns3:atemp>
            <ns3:hr>84</ns3:hr>
            <ns3:cad>49</ns3:cad>
          </ns3:TrackPointExtension>
        </extensions>
      </trkpt>
      <trkpt lat="55.78924887813627719879150390625" lon="14.20266377739608287811279296875">
        <ele>5.80000019073486328125</ele>
        <time>2026-07-18T05:17:46.000Z</time>
        <extensions>
          <ns3:TrackPointExtension>
            <ns3:atemp>26.0</ns3:atemp>
            <ns3:hr>84</ns3:hr>
            <ns3:cad>48</ns3:cad>
          </ns3:TrackPointExtension>
        </extensions>
      </trkpt>
      <trkpt lat="55.789222307503223419189453125" lon="14.20277374796569347381591796875">
        <ele>5.80000019073486328125</ele>
        <time>2026-07-18T05:17:52.000Z</time>
        <extensions>
          <ns3:TrackPointExtension>
            <ns3:atemp>26.0</ns3:atemp>
            <ns3:hr>83</ns3:hr>
            <ns3:cad>47</ns3:cad>
          </ns3:TrackPointExtension>
        </extensions>
      </trkpt>
      <trkpt lat="55.78920747153460979461669921875" lon="14.202814400196075439453125">
        <ele>5.80000019073486328125</ele>
        <time>2026-07-18T05:17:55.000Z</time>
        <extensions>
          <ns3:TrackPointExtension>
            <ns3:atemp>26.0</ns3:atemp>
            <ns3:hr>83</ns3:hr>
            <ns3:cad>48</ns3:cad>
          </ns3:TrackPointExtension>
        </extensions>
      </trkpt>
      <trkpt lat="55.789182744920253753662109375" lon="14.2028769291937351226806640625">
        <ele>5.80000019073486328125</ele>
        <time>2026-07-18T05:18:01.000Z</time>
        <extensions>
          <ns3:TrackPointExtension>
            <ns3:atemp>26.0</ns3:atemp>
            <ns3:hr>82</ns3:hr>
            <ns3:cad>43</ns3:cad>
          </ns3:TrackPointExtension>
        </extensions>
      </trkpt>
      <trkpt lat="55.7891752012073993682861328125" lon="14.20288757421076297760009765625">
        <ele>5.80000019073486328125</ele>
        <time>2026-07-18T05:18:02.000Z</time>
        <extensions>
          <ns3:TrackPointExtension>
            <ns3:atemp>26.0</ns3:atemp>
            <ns3:hr>82</ns3:hr>
            <ns3:cad>43</ns3:cad>
          </ns3:TrackPointExtension>
        </extensions>
      </trkpt>
      <trkpt lat="55.78914192505180835723876953125" lon="14.20289595611393451690673828125">
        <ele>5.80000019073486328125</ele>
        <time>2026-07-18T05:18:05.000Z</time>
        <extensions>
          <ns3:TrackPointExtension>
            <ns3:atemp>26.0</ns3:atemp>
            <ns3:hr>83</ns3:hr>
            <ns3:cad>45</ns3:cad>
          </ns3:TrackPointExtension>
        </extensions>
      </trkpt>
      <trkpt lat="55.7891084812581539154052734375" lon="14.20289394445717334747314453125">
        <ele>5.599999904632568359375</ele>
        <time>2026-07-18T05:18:08.000Z</time>
        <extensions>
          <ns3:TrackPointExtension>
            <ns3:atemp>26.0</ns3:atemp>
            <ns3:hr>84</ns3:hr>
            <ns3:cad>46</ns3:cad>
          </ns3:TrackPointExtension>
        </extensions>
      </trkpt>
      <trkpt lat="55.78906229697167873382568359375" lon="14.20284918509423732757568359375">
        <ele>5.19999980926513671875</ele>
        <time>2026-07-18T05:18:13.000Z</time>
        <extensions>
          <ns3:TrackPointExtension>
            <ns3:atemp>26.0</ns3:atemp>
            <ns3:hr>80</ns3:hr>
            <ns3:cad>46</ns3:cad>
          </ns3:TrackPointExtension>
        </extensions>
      </trkpt>
      <trkpt lat="55.7890529930591583251953125" lon="14.20283795334398746490478515625">
        <ele>5.19999980926513671875</ele>
        <time>2026-07-18T05:18:14.000Z</time>
        <extensions>
          <ns3:TrackPointExtension>
            <ns3:atemp>26.0</ns3:atemp>
            <ns3:hr>84</ns3:hr>
            <ns3:cad>47</ns3:cad>
          </ns3:TrackPointExtension>
        </extensions>
      </trkpt>
      <trkpt lat="55.789025835692882537841796875" lon="14.2028142325580120086669921875">
        <ele>5.19999980926513671875</ele>
        <time>2026-07-18T05:18:17.000Z</time>
        <extensions>
          <ns3:TrackPointExtension>
            <ns3:atemp>26.0</ns3:atemp>
            <ns3:hr>83</ns3:hr>
            <ns3:cad>49</ns3:cad>
          </ns3:TrackPointExtension>
        </extensions>
      </trkpt>
      <trkpt lat="55.78900228254497051239013671875" lon="14.202780537307262420654296875">
        <ele>5.19999980926513671875</ele>
        <time>2026-07-18T05:18:20.000Z</time>
        <extensions>
          <ns3:TrackPointExtension>
            <ns3:atemp>26.0</ns3:atemp>
            <ns3:hr>83</ns3:hr>
            <ns3:cad>49</ns3:cad>
          </ns3:TrackPointExtension>
        </extensions>
      </trkpt>
      <trkpt lat="55.788973867893218994140625" lon="14.2027615942060947418212890625">
        <ele>5</ele>
        <time>2026-07-18T05:18:23.000Z</time>
        <extensions>
          <ns3:TrackPointExtension>
            <ns3:atemp>26.0</ns3:atemp>
            <ns3:hr>83</ns3:hr>
            <ns3:cad>0</ns3:cad>
          </ns3:TrackPointExtension>
        </extensions>
      </trkpt>
      <trkpt lat="55.7889599539339542388916015625" lon="14.2027580738067626953125">
        <ele>5</ele>
        <time>2026-07-18T05:18:24.000Z</time>
        <extensions>
          <ns3:TrackPointExtension>
            <ns3:atemp>26.0</ns3:atemp>
            <ns3:hr>82</ns3:hr>
            <ns3:cad>0</ns3:cad>
          </ns3:TrackPointExtension>
        </extensions>
      </trkpt>
      <trkpt lat="55.78894461505115032196044921875" lon="14.20275530777871608734130859375">
        <ele>4.80000019073486328125</ele>
        <time>2026-07-18T05:18:25.000Z</time>
        <extensions>
          <ns3:TrackPointExtension>
            <ns3:atemp>26.0</ns3:atemp>
            <ns3:hr>82</ns3:hr>
            <ns3:cad>50</ns3:cad>
          </ns3:TrackPointExtension>
        </extensions>
      </trkpt>
      <trkpt lat="55.78886917792260646820068359375" lon="14.202742986381053924560546875">
        <ele>4.599999904632568359375</ele>
        <time>2026-07-18T05:18:31.000Z</time>
        <extensions>
          <ns3:TrackPointExtension>
            <ns3:atemp>26.0</ns3:atemp>
            <ns3:hr>81</ns3:hr>
            <ns3:cad>49</ns3:cad>
          </ns3:TrackPointExtension>
        </extensions>
      </trkpt>
      <trkpt lat="55.78884202055633068084716796875" lon="14.2027498595416545867919921875">
        <ele>4.599999904632568359375</ele>
        <time>2026-07-18T05:18:34.000Z</time>
        <extensions>
          <ns3:TrackPointExtension>
            <ns3:atemp>26.0</ns3:atemp>
            <ns3:hr>80</ns3:hr>
            <ns3:cad>48</ns3:cad>
          </ns3:TrackPointExtension>
        </extensions>
      </trkpt>
      <trkpt lat="55.78878770582377910614013671875" lon="14.20272479765117168426513671875">
        <ele>5</ele>
        <time>2026-07-18T05:18:40.000Z</time>
        <extensions>
          <ns3:TrackPointExtension>
            <ns3:atemp>26.0</ns3:atemp>
            <ns3:hr>80</ns3:hr>
            <ns3:cad>49</ns3:cad>
          </ns3:TrackPointExtension>
        </extensions>
      </trkpt>
      <trkpt lat="55.78877211548388004302978515625" lon="14.20270652510225772857666015625">
        <ele>5.19999980926513671875</ele>
        <time>2026-07-18T05:18:42.000Z</time>
        <extensions>
          <ns3:TrackPointExtension>
            <ns3:atemp>26.0</ns3:atemp>
            <ns3:hr>79</ns3:hr>
            <ns3:cad>47</ns3:cad>
          </ns3:TrackPointExtension>
        </extensions>
      </trkpt>
      <trkpt lat="55.7887487299740314483642578125" lon="14.20266126282513141632080078125">
        <ele>5.19999980926513671875</ele>
        <time>2026-07-18T05:18:45.000Z</time>
        <extensions>
          <ns3:TrackPointExtension>
            <ns3:atemp>26.0</ns3:atemp>
            <ns3:hr>75</ns3:hr>
            <ns3:cad>47</ns3:cad>
          </ns3:TrackPointExtension>
        </extensions>
      </trkpt>
      <trkpt lat="55.78873221762478351593017578125" lon="14.20264584012329578399658203125">
        <ele>5.400000095367431640625</ele>
        <time>2026-07-18T05:18:47.000Z</time>
        <extensions>
          <ns3:TrackPointExtension>
            <ns3:atemp>26.0</ns3:atemp>
            <ns3:hr>79</ns3:hr>
            <ns3:cad>48</ns3:cad>
          </ns3:TrackPointExtension>
        </extensions>
      </trkpt>
      <trkpt lat="55.78870573081076145172119140625" lon="14.20261298306286334991455078125">
        <ele>5.599999904632568359375</ele>
        <time>2026-07-18T05:18:50.000Z</time>
        <extensions>
          <ns3:TrackPointExtension>
            <ns3:atemp>26.0</ns3:atemp>
            <ns3:hr>79</ns3:hr>
            <ns3:cad>49</ns3:cad>
          </ns3:TrackPointExtension>
        </extensions>
      </trkpt>
      <trkpt lat="55.78866432420909404754638671875" lon="14.2025590874254703521728515625">
        <ele>5.80000019073486328125</ele>
        <time>2026-07-18T05:18:55.000Z</time>
        <extensions>
          <ns3:TrackPointExtension>
            <ns3:atemp>26.0</ns3:atemp>
            <ns3:hr>81</ns3:hr>
            <ns3:cad>48</ns3:cad>
          </ns3:TrackPointExtension>
        </extensions>
      </trkpt>
      <trkpt lat="55.7886292040348052978515625" lon="14.202508293092250823974609375">
        <ele>6</ele>
        <time>2026-07-18T05:19:00.000Z</time>
        <extensions>
          <ns3:TrackPointExtension>
            <ns3:atemp>26.0</ns3:atemp>
            <ns3:hr>82</ns3:hr>
            <ns3:cad>48</ns3:cad>
          </ns3:TrackPointExtension>
        </extensions>
      </trkpt>
      <trkpt lat="55.7886206544935703277587890625" lon="14.20251038856804370880126953125">
        <ele>6</ele>
        <time>2026-07-18T05:19:01.000Z</time>
        <extensions>
          <ns3:TrackPointExtension>
            <ns3:atemp>26.0</ns3:atemp>
            <ns3:hr>83</ns3:hr>
            <ns3:cad>48</ns3:cad>
          </ns3:TrackPointExtension>
        </extensions>
      </trkpt>
      <trkpt lat="55.788587294518947601318359375" lon="14.2024906910955905914306640625">
        <ele>6.19999980926513671875</ele>
        <time>2026-07-18T05:19:06.000Z</time>
        <extensions>
          <ns3:TrackPointExtension>
            <ns3:atemp>26.0</ns3:atemp>
            <ns3:hr>85</ns3:hr>
            <ns3:cad>47</ns3:cad>
          </ns3:TrackPointExtension>
        </extensions>
      </trkpt>
      <trkpt lat="55.7885291241109371185302734375" lon="14.202486835420131683349609375">
        <ele>6.599999904632568359375</ele>
        <time>2026-07-18T05:19:12.000Z</time>
        <extensions>
          <ns3:TrackPointExtension>
            <ns3:atemp>26.0</ns3:atemp>
            <ns3:hr>87</ns3:hr>
            <ns3:cad>48</ns3:cad>
          </ns3:TrackPointExtension>
        </extensions>
      </trkpt>
      <trkpt lat="55.788493417203426361083984375" lon="14.2024890147149562835693359375">
        <ele>6.599999904632568359375</ele>
        <time>2026-07-18T05:19:15.000Z</time>
        <extensions>
          <ns3:TrackPointExtension>
            <ns3:atemp>26.0</ns3:atemp>
            <ns3:hr>88</ns3:hr>
            <ns3:cad>47</ns3:cad>
          </ns3:TrackPointExtension>
        </extensions>
      </trkpt>
      <trkpt lat="55.78847430646419525146484375" lon="14.2024786211550235748291015625">
        <ele>6.599999904632568359375</ele>
        <time>2026-07-18T05:19:17.000Z</time>
        <extensions>
          <ns3:TrackPointExtension>
            <ns3:atemp>26.0</ns3:atemp>
            <ns3:hr>87</ns3:hr>
            <ns3:cad>46</ns3:cad>
          </ns3:TrackPointExtension>
        </extensions>
      </trkpt>
      <trkpt lat="55.7884288765490055084228515625" lon="14.20241550542414188385009765625">
        <ele>6.19999980926513671875</ele>
        <time>2026-07-18T05:19:22.000Z</time>
        <extensions>
          <ns3:TrackPointExtension>
            <ns3:atemp>26.0</ns3:atemp>
            <ns3:hr>86</ns3:hr>
            <ns3:cad>48</ns3:cad>
          </ns3:TrackPointExtension>
        </extensions>
      </trkpt>
      <trkpt lat="55.78837749548256397247314453125" lon="14.20232422649860382080078125">
        <ele>5.599999904632568359375</ele>
        <time>2026-07-18T05:19:28.000Z</time>
        <extensions>
          <ns3:TrackPointExtension>
            <ns3:atemp>26.0</ns3:atemp>
            <ns3:hr>86</ns3:hr>
            <ns3:cad>50</ns3:cad>
          </ns3:TrackPointExtension>
        </extensions>
      </trkpt>
      <trkpt lat="55.78836006112396717071533203125" lon="14.202295057475566864013671875">
        <ele>5.599999904632568359375</ele>
        <time>2026-07-18T05:19:30.000Z</time>
        <extensions>
          <ns3:TrackPointExtension>
            <ns3:atemp>26.0</ns3:atemp>
            <ns3:hr>87</ns3:hr>
            <ns3:cad>49</ns3:cad>
          </ns3:TrackPointExtension>
        </extensions>
      </trkpt>
      <trkpt lat="55.788319408893585205078125" lon="14.20221584849059581756591796875">
        <ele>5.400000095367431640625</ele>
        <time>2026-07-18T05:19:36.000Z</time>
        <extensions>
          <ns3:TrackPointExtension>
            <ns3:atemp>26.0</ns3:atemp>
            <ns3:hr>85</ns3:hr>
            <ns3:cad>49</ns3:cad>
          </ns3:TrackPointExtension>
        </extensions>
      </trkpt>
      <trkpt lat="55.7883175648748874664306640625" lon="14.20220226980745792388916015625">
        <ele>5.400000095367431640625</ele>
        <time>2026-07-18T05:19:37.000Z</time>
        <extensions>
          <ns3:TrackPointExtension>
            <ns3:atemp>26.0</ns3:atemp>
            <ns3:hr>84</ns3:hr>
            <ns3:cad>47</ns3:cad>
          </ns3:TrackPointExtension>
        </extensions>
      </trkpt>
      <trkpt lat="55.7883180677890777587890625" lon="14.2021881043910980224609375">
        <ele>5.400000095367431640625</ele>
        <time>2026-07-18T05:19:38.000Z</time>
        <extensions>
          <ns3:TrackPointExtension>
            <ns3:atemp>26.0</ns3:atemp>
            <ns3:hr>83</ns3:hr>
            <ns3:cad>47</ns3:cad>
          </ns3:TrackPointExtension>
        </extensions>
      </trkpt>
      <trkpt lat="55.7883242703974246978759765625" lon="14.202061705291271209716796875">
        <ele>5.599999904632568359375</ele>
        <time>2026-07-18T05:19:44.000Z</time>
        <extensions>
          <ns3:TrackPointExtension>
            <ns3:atemp>26.0</ns3:atemp>
            <ns3:hr>83</ns3:hr>
            <ns3:cad>48</ns3:cad>
          </ns3:TrackPointExtension>
        </extensions>
      </trkpt>
      <trkpt lat="55.78833642415702342987060546875" lon="14.20195408165454864501953125">
        <ele>5.599999904632568359375</ele>
        <time>2026-07-18T05:19:49.000Z</time>
        <extensions>
          <ns3:TrackPointExtension>
            <ns3:atemp>26.0</ns3:atemp>
            <ns3:hr>85</ns3:hr>
            <ns3:cad>47</ns3:cad>
          </ns3:TrackPointExtension>
        </extensions>
      </trkpt>
      <trkpt lat="55.78834681771695613861083984375" lon="14.20182441361248493194580078125">
        <ele>6</ele>
        <time>2026-07-18T05:19:55.000Z</time>
        <extensions>
          <ns3:TrackPointExtension>
            <ns3:atemp>26.0</ns3:atemp>
            <ns3:hr>82</ns3:hr>
            <ns3:cad>48</ns3:cad>
          </ns3:TrackPointExtension>
        </extensions>
      </trkpt>
      <trkpt lat="55.7883529365062713623046875" lon="14.20169985853135585784912109375">
        <ele>6.400000095367431640625</ele>
        <time>2026-07-18T05:20:01.000Z</time>
        <extensions>
          <ns3:TrackPointExtension>
            <ns3:atemp>26.0</ns3:atemp>
            <ns3:hr>83</ns3:hr>
            <ns3:cad>48</ns3:cad>
          </ns3:TrackPointExtension>
        </extensions>
      </trkpt>
      <trkpt lat="55.78836810775101184844970703125" lon="14.20157052576541900634765625">
        <ele>6.599999904632568359375</ele>
        <time>2026-07-18T05:20:07.000Z</time>
        <extensions>
          <ns3:TrackPointExtension>
            <ns3:atemp>26.0</ns3:atemp>
            <ns3:hr>85</ns3:hr>
            <ns3:cad>47</ns3:cad>
          </ns3:TrackPointExtension>
        </extensions>
      </trkpt>
      <trkpt lat="55.7883755676448345184326171875" lon="14.201501794159412384033203125">
        <ele>6.599999904632568359375</ele>
        <time>2026-07-18T05:20:10.000Z</time>
        <extensions>
          <ns3:TrackPointExtension>
            <ns3:atemp>26.0</ns3:atemp>
            <ns3:hr>85</ns3:hr>
            <ns3:cad>48</ns3:cad>
          </ns3:TrackPointExtension>
        </extensions>
      </trkpt>
      <trkpt lat="55.78837833367288112640380859375" lon="14.20148067176342010498046875">
        <ele>6.599999904632568359375</ele>
        <time>2026-07-18T05:20:11.000Z</time>
        <extensions>
          <ns3:TrackPointExtension>
            <ns3:atemp>26.0</ns3:atemp>
            <ns3:hr>88</ns3:hr>
            <ns3:cad>48</ns3:cad>
          </ns3:TrackPointExtension>
        </extensions>
      </trkpt>
      <trkpt lat="55.788391493260860443115234375" lon="14.20140079222619533538818359375">
        <ele>6.599999904632568359375</ele>
        <time>2026-07-18T05:20:15.000Z</time>
        <extensions>
          <ns3:TrackPointExtension>
            <ns3:atemp>26.0</ns3:atemp>
            <ns3:hr>88</ns3:hr>
            <ns3:cad>48</ns3:cad>
          </ns3:TrackPointExtension>
        </extensions>
      </trkpt>
      <trkpt lat="55.7883953489363193511962890625" lon="14.2013886384665966033935546875">
        <ele>6.599999904632568359375</ele>
        <time>2026-07-18T05:20:16.000Z</time>
        <extensions>
          <ns3:TrackPointExtension>
            <ns3:atemp>26.0</ns3:atemp>
            <ns3:hr>85</ns3:hr>
            <ns3:cad>0</ns3:cad>
          </ns3:TrackPointExtension>
        </extensions>
      </trkpt>
      <trkpt lat="55.7883980311453342437744140625" lon="14.20138386078178882598876953125">
        <ele>6.599999904632568359375</ele>
        <time>2026-07-18T05:20:17.000Z</time>
        <extensions>
          <ns3:TrackPointExtension>
            <ns3:atemp>26.0</ns3:atemp>
            <ns3:hr>84</ns3:hr>
            <ns3:cad>0</ns3:cad>
          </ns3:TrackPointExtension>
        </extensions>
      </trkpt>
      <trkpt lat="55.78839895315468311309814453125" lon="14.20135033316910266876220703125">
        <ele>6.599999904632568359375</ele>
        <time>2026-07-18T05:20:23.000Z</time>
        <extensions>
          <ns3:TrackPointExtension>
            <ns3:atemp>26.0</ns3:atemp>
            <ns3:hr>82</ns3:hr>
            <ns3:cad>0</ns3:cad>
          </ns3:TrackPointExtension>
        </extensions>
      </trkpt>
      <trkpt lat="55.788401551544666290283203125" lon="14.20132937841117382049560546875">
        <ele>6.599999904632568359375</ele>
        <time>2026-07-18T05:20:24.000Z</time>
        <extensions>
          <ns3:TrackPointExtension>
            <ns3:atemp>26.0</ns3:atemp>
            <ns3:hr>82</ns3:hr>
            <ns3:cad>0</ns3:cad>
          </ns3:TrackPointExtension>
        </extensions>
      </trkpt>
      <trkpt lat="55.788406245410442352294921875" lon="14.20128663070499897003173828125">
        <ele>6.599999904632568359375</ele>
        <time>2026-07-18T05:20:26.000Z</time>
        <extensions>
          <ns3:TrackPointExtension>
            <ns3:atemp>26.0</ns3:atemp>
            <ns3:hr>79</ns3:hr>
            <ns3:cad>0</ns3:cad>
          </ns3:TrackPointExtension>
        </extensions>
      </trkpt>
      <trkpt lat="55.7884080894291400909423828125" lon="14.20126601122319698333740234375">
        <ele>6.599999904632568359375</ele>
        <time>2026-07-18T05:20:27.000Z</time>
        <extensions>
          <ns3:TrackPointExtension>
            <ns3:atemp>26.0</ns3:atemp>
            <ns3:hr>82</ns3:hr>
            <ns3:cad>46</ns3:cad>
          </ns3:TrackPointExtension>
        </extensions>
      </trkpt>
      <trkpt lat="55.7884174771606922149658203125" lon="14.20119610615074634552001953125">
        <ele>6.80000019073486328125</ele>
        <time>2026-07-18T05:20:30.000Z</time>
        <extensions>
          <ns3:TrackPointExtension>
            <ns3:atemp>26.0</ns3:atemp>
            <ns3:hr>82</ns3:hr>
            <ns3:cad>47</ns3:cad>
          </ns3:TrackPointExtension>
        </extensions>
      </trkpt>
      <trkpt lat="55.78841806389391422271728515625" lon="14.20113223604857921600341796875">
        <ele>7</ele>
        <time>2026-07-18T05:20:33.000Z</time>
        <extensions>
          <ns3:TrackPointExtension>
            <ns3:atemp>26.0</ns3:atemp>
            <ns3:hr>80</ns3:hr>
            <ns3:cad>48</ns3:cad>
          </ns3:TrackPointExtension>
        </extensions>
      </trkpt>
      <trkpt lat="55.7884114421904087066650390625" lon="14.2010669410228729248046875">
        <ele>7</ele>
        <time>2026-07-18T05:20:36.000Z</time>
        <extensions>
          <ns3:TrackPointExtension>
            <ns3:atemp>26.0</ns3:atemp>
            <ns3:hr>85</ns3:hr>
            <ns3:cad>48</ns3:cad>
          </ns3:TrackPointExtension>
        </extensions>
      </trkpt>
      <trkpt lat="55.7884047366678714752197265625" lon="14.201053865253925323486328125">
        <ele>7</ele>
        <time>2026-07-18T05:20:37.000Z</time>
        <extensions>
          <ns3:TrackPointExtension>
            <ns3:atemp>26.0</ns3:atemp>
            <ns3:hr>81</ns3:hr>
            <ns3:cad>48</ns3:cad>
          </ns3:TrackPointExtension>
        </extensions>
      </trkpt>
      <trkpt lat="55.7883537746965885162353515625" lon="14.20098169706761837005615234375">
        <ele>6.80000019073486328125</ele>
        <time>2026-07-18T05:20:43.000Z</time>
        <extensions>
          <ns3:TrackPointExtension>
            <ns3:atemp>26.0</ns3:atemp>
            <ns3:hr>82</ns3:hr>
            <ns3:cad>48</ns3:cad>
          </ns3:TrackPointExtension>
        </extensions>
      </trkpt>
      <trkpt lat="55.78828663565218448638916015625" lon="14.2009309865534305572509765625">
        <ele>7</ele>
        <time>2026-07-18T05:20:49.000Z</time>
        <extensions>
          <ns3:TrackPointExtension>
            <ns3:atemp>26.0</ns3:atemp>
            <ns3:hr>83</ns3:hr>
            <ns3:cad>48</ns3:cad>
          </ns3:TrackPointExtension>
        </extensions>
      </trkpt>
      <trkpt lat="55.7882746495306491851806640625" lon="14.200920760631561279296875">
        <ele>7</ele>
        <time>2026-07-18T05:20:50.000Z</time>
        <extensions>
          <ns3:TrackPointExtension>
            <ns3:atemp>26.0</ns3:atemp>
            <ns3:hr>80</ns3:hr>
            <ns3:cad>48</ns3:cad>
          </ns3:TrackPointExtension>
        </extensions>
      </trkpt>
      <trkpt lat="55.78825327567756175994873046875" lon="14.200905673205852508544921875">
        <ele>7</ele>
        <time>2026-07-18T05:20:52.000Z</time>
        <extensions>
          <ns3:TrackPointExtension>
            <ns3:atemp>26.0</ns3:atemp>
            <ns3:hr>81</ns3:hr>
            <ns3:cad>49</ns3:cad>
          </ns3:TrackPointExtension>
        </extensions>
      </trkpt>
      <trkpt lat="55.788235254585742950439453125" lon="14.200879521667957305908203125">
        <ele>7</ele>
        <time>2026-07-18T05:20:58.000Z</time>
        <extensions>
          <ns3:TrackPointExtension>
            <ns3:atemp>26.0</ns3:atemp>
            <ns3:hr>83</ns3:hr>
            <ns3:cad>0</ns3:cad>
          </ns3:TrackPointExtension>
        </extensions>
      </trkpt>
      <trkpt lat="55.788234584033489227294921875" lon="14.200871475040912628173828125">
        <ele>7</ele>
        <time>2026-07-18T05:21:04.000Z</time>
        <extensions>
          <ns3:TrackPointExtension>
            <ns3:atemp>26.0</ns3:atemp>
            <ns3:hr>84</ns3:hr>
            <ns3:cad>0</ns3:cad>
          </ns3:TrackPointExtension>
        </extensions>
      </trkpt>
      <trkpt lat="55.78823382966220378875732421875" lon="14.20086988247931003570556640625">
        <ele>7.19999980926513671875</ele>
        <time>2026-07-18T05:21:10.000Z</time>
        <extensions>
          <ns3:TrackPointExtension>
            <ns3:atemp>26.0</ns3:atemp>
            <ns3:hr>85</ns3:hr>
            <ns3:cad>0</ns3:cad>
          </ns3:TrackPointExtension>
        </extensions>
      </trkpt>
      <trkpt lat="55.78823382966220378875732421875" lon="14.200871475040912628173828125">
        <ele>7.19999980926513671875</ele>
        <time>2026-07-18T05:21:16.000Z</time>
        <extensions>
          <ns3:TrackPointExtension>
            <ns3:atemp>26.0</ns3:atemp>
            <ns3:hr>85</ns3:hr>
            <ns3:cad>0</ns3:cad>
          </ns3:TrackPointExtension>
        </extensions>
      </trkpt>
      <trkpt lat="55.78823382966220378875732421875" lon="14.20087340287864208221435546875">
        <ele>7</ele>
        <time>2026-07-18T05:21:20.000Z</time>
        <extensions>
          <ns3:TrackPointExtension>
            <ns3:atemp>26.0</ns3:atemp>
            <ns3:hr>81</ns3:hr>
            <ns3:cad>0</ns3:cad>
          </ns3:TrackPointExtension>
        </extensions>
      </trkpt>
      <trkpt lat="55.78823265619575977325439453125" lon="14.2008739896118640899658203125">
        <ele>7</ele>
        <time>2026-07-18T05:21:23.000Z</time>
        <extensions>
          <ns3:TrackPointExtension>
            <ns3:atemp>26.0</ns3:atemp>
            <ns3:hr>84</ns3:hr>
            <ns3:cad>0</ns3:cad>
          </ns3:TrackPointExtension>
        </extensions>
      </trkpt>
      <trkpt lat="55.788231901824474334716796875" lon="14.20087516307830810546875">
        <ele>7</ele>
        <time>2026-07-18T05:21:29.000Z</time>
        <extensions>
          <ns3:TrackPointExtension>
            <ns3:atemp>26.0</ns3:atemp>
            <ns3:hr>82</ns3:hr>
            <ns3:cad>0</ns3:cad>
          </ns3:TrackPointExtension>
        </extensions>
      </trkpt>
      <trkpt lat="55.78823181800544261932373046875" lon="14.2008776776492595672607421875">
        <ele>7</ele>
        <time>2026-07-18T05:21:32.000Z</time>
        <extensions>
          <ns3:TrackPointExtension>
            <ns3:atemp>26.0</ns3:atemp>
            <ns3:hr>82</ns3:hr>
            <ns3:cad>0</ns3:cad>
          </ns3:TrackPointExtension>
        </extensions>
      </trkpt>
      <trkpt lat="55.7882320694625377655029296875" lon="14.200886227190494537353515625">
        <ele>7.19999980926513671875</ele>
        <time>2026-07-18T05:21:38.000Z</time>
        <extensions>
          <ns3:TrackPointExtension>
            <ns3:atemp>26.0</ns3:atemp>
            <ns3:hr>81</ns3:hr>
            <ns3:cad>0</ns3:cad>
          </ns3:TrackPointExtension>
        </extensions>
      </trkpt>
      <trkpt lat="55.78823248855769634246826171875" lon="14.20088966377079486846923828125">
        <ele>7.400000095367431640625</ele>
        <time>2026-07-18T05:21:44.000Z</time>
        <extensions>
          <ns3:TrackPointExtension>
            <ns3:atemp>26.0</ns3:atemp>
            <ns3:hr>81</ns3:hr>
            <ns3:cad>0</ns3:cad>
          </ns3:TrackPointExtension>
        </extensions>
      </trkpt>
      <trkpt lat="55.78823399730026721954345703125" lon="14.20088966377079486846923828125">
        <ele>7.19999980926513671875</ele>
        <time>2026-07-18T05:21:50.000Z</time>
        <extensions>
          <ns3:TrackPointExtension>
            <ns3:atemp>26.0</ns3:atemp>
            <ns3:hr>79</ns3:hr>
            <ns3:cad>0</ns3:cad>
          </ns3:TrackPointExtension>
        </extensions>
      </trkpt>
      <trkpt lat="55.788237266242504119873046875" lon="14.20088924467563629150390625">
        <ele>7.400000095367431640625</ele>
        <time>2026-07-18T05:21:56.000Z</time>
        <extensions>
          <ns3:TrackPointExtension>
            <ns3:atemp>26.0</ns3:atemp>
            <ns3:hr>77</ns3:hr>
            <ns3:cad>0</ns3:cad>
          </ns3:TrackPointExtension>
        </extensions>
      </trkpt>
      <trkpt lat="55.7882434688508510589599609375" lon="14.200876839458942413330078125">
        <ele>7</ele>
        <time>2026-07-18T05:22:02.000Z</time>
        <extensions>
          <ns3:TrackPointExtension>
            <ns3:atemp>26.0</ns3:atemp>
            <ns3:hr>76</ns3:hr>
            <ns3:cad>0</ns3:cad>
          </ns3:TrackPointExtension>
        </extensions>
      </trkpt>
      <trkpt lat="55.7882456481456756591796875" lon="14.20087005011737346649169921875">
        <ele>6.80000019073486328125</ele>
        <time>2026-07-18T05:22:08.000Z</time>
        <extensions>
          <ns3:TrackPointExtension>
            <ns3:atemp>26.0</ns3:atemp>
            <ns3:hr>75</ns3:hr>
            <ns3:cad>0</ns3:cad>
          </ns3:TrackPointExtension>
        </extensions>
      </trkpt>
      <trkpt lat="55.78824765980243682861328125" lon="14.2008416354656219482421875">
        <ele>6.400000095367431640625</ele>
        <time>2026-07-18T05:22:14.000Z</time>
        <extensions>
          <ns3:TrackPointExtension>
            <ns3:atemp>26.0</ns3:atemp>
            <ns3:hr>76</ns3:hr>
            <ns3:cad>0</ns3:cad>
          </ns3:TrackPointExtension>
        </extensions>
      </trkpt>
      <trkpt lat="55.7882483303546905517578125" lon="14.20084121637046337127685546875">
        <ele>6.400000095367431640625</ele>
        <time>2026-07-18T05:22:20.000Z</time>
        <extensions>
          <ns3:TrackPointExtension>
            <ns3:atemp>26.0</ns3:atemp>
            <ns3:hr>76</ns3:hr>
            <ns3:cad>0</ns3:cad>
          </ns3:TrackPointExtension>
        </extensions>
      </trkpt>
      <trkpt lat="55.78825109638273715972900390625" lon="14.20083702541887760162353515625">
        <ele>6.599999904632568359375</ele>
        <time>2026-07-18T05:22:26.000Z</time>
        <extensions>
          <ns3:TrackPointExtension>
            <ns3:atemp>26.0</ns3:atemp>
            <ns3:hr>75</ns3:hr>
            <ns3:cad>0</ns3:cad>
          </ns3:TrackPointExtension>
        </extensions>
      </trkpt>
      <trkpt lat="55.788255035877227783203125" lon="14.20083635486662387847900390625">
        <ele>6.80000019073486328125</ele>
        <time>2026-07-18T05:22:32.000Z</time>
        <extensions>
          <ns3:TrackPointExtension>
            <ns3:atemp>26.0</ns3:atemp>
            <ns3:hr>76</ns3:hr>
            <ns3:cad>0</ns3:cad>
          </ns3:TrackPointExtension>
        </extensions>
      </trkpt>
      <trkpt lat="55.78825545497238636016845703125" lon="14.20083635486662387847900390625">
        <ele>6.80000019073486328125</ele>
        <time>2026-07-18T05:22:38.000Z</time>
        <extensions>
          <ns3:TrackPointExtension>
            <ns3:atemp>26.0</ns3:atemp>
            <ns3:hr>77</ns3:hr>
            <ns3:cad>0</ns3:cad>
          </ns3:TrackPointExtension>
        </extensions>
      </trkpt>
      <trkpt lat="55.788255371153354644775390625" lon="14.200835935771465301513671875">
        <ele>6.599999904632568359375</ele>
        <time>2026-07-18T05:22:44.000Z</time>
        <extensions>
          <ns3:TrackPointExtension>
            <ns3:atemp>26.0</ns3:atemp>
            <ns3:hr>79</ns3:hr>
            <ns3:cad>0</ns3:cad>
          </ns3:TrackPointExtension>
        </extensions>
      </trkpt>
      <trkpt lat="55.788253359496593475341796875" lon="14.200835935771465301513671875">
        <ele>6.599999904632568359375</ele>
        <time>2026-07-18T05:22:50.000Z</time>
        <extensions>
          <ns3:TrackPointExtension>
            <ns3:atemp>26.0</ns3:atemp>
            <ns3:hr>77</ns3:hr>
            <ns3:cad>0</ns3:cad>
          </ns3:TrackPointExtension>
        </extensions>
      </trkpt>
      <trkpt lat="55.78825226984918117523193359375" lon="14.2008364386856555938720703125">
        <ele>6.80000019073486328125</ele>
        <time>2026-07-18T05:22:54.000Z</time>
        <extensions>
          <ns3:TrackPointExtension>
            <ns3:atemp>26.0</ns3:atemp>
            <ns3:hr>72</ns3:hr>
            <ns3:cad>0</ns3:cad>
          </ns3:TrackPointExtension>
        </extensions>
      </trkpt>
      <trkpt lat="55.788249336183071136474609375" lon="14.20084155164659023284912109375">
        <ele>6.80000019073486328125</ele>
        <time>2026-07-18T05:23:00.000Z</time>
        <extensions>
          <ns3:TrackPointExtension>
            <ns3:atemp>26.0</ns3:atemp>
            <ns3:hr>71</ns3:hr>
            <ns3:cad>0</ns3:cad>
          </ns3:TrackPointExtension>
        </extensions>
      </trkpt>
      <trkpt lat="55.7882471568882465362548828125" lon="14.20084222219884395599365234375">
        <ele>6.80000019073486328125</ele>
        <time>2026-07-18T05:23:03.000Z</time>
        <extensions>
          <ns3:TrackPointExtension>
            <ns3:atemp>26.0</ns3:atemp>
            <ns3:hr>66</ns3:hr>
            <ns3:cad>0</ns3:cad>
          </ns3:TrackPointExtension>
        </extensions>
      </trkpt>
      <trkpt lat="55.7882461510598659515380859375" lon="14.20084238983690738677978515625">
        <ele>6.80000019073486328125</ele>
        <time>2026-07-18T05:23:05.000Z</time>
        <extensions>
          <ns3:TrackPointExtension>
            <ns3:atemp>26.0</ns3:atemp>
            <ns3:hr>62</ns3:hr>
            <ns3:cad>0</ns3:cad>
          </ns3:TrackPointExtension>
        </extensions>
      </trkpt>
      <trkpt lat="55.78825528733432292938232421875" lon="14.20086242258548736572265625">
        <ele>7.19999980926513671875</ele>
        <time>2026-07-18T05:23:10.000Z</time>
        <extensions>
          <ns3:TrackPointExtension>
            <ns3:atemp>26.0</ns3:atemp>
            <ns3:hr>58</ns3:hr>
            <ns3:cad>0</ns3:cad>
          </ns3:TrackPointExtension>
        </extensions>
      </trkpt>
      <trkpt lat="55.7882719673216342926025390625" lon="14.200882203876972198486328125">
        <ele>7.19999980926513671875</ele>
        <time>2026-07-18T05:23:11.000Z</time>
        <extensions>
          <ns3:TrackPointExtension>
            <ns3:atemp>26.0</ns3:atemp>
            <ns3:hr>58</ns3:hr>
            <ns3:cad>0</ns3:cad>
          </ns3:TrackPointExtension>
        </extensions>
      </trkpt>
      <trkpt lat="55.7883889786899089813232421875" lon="14.2010064236819744110107421875">
        <ele>7.19999980926513671875</ele>
        <time>2026-07-18T05:23:17.000Z</time>
        <extensions>
          <ns3:TrackPointExtension>
            <ns3:atemp>26.0</ns3:atemp>
            <ns3:hr>55</ns3:hr>
            <ns3:cad>0</ns3:cad>
          </ns3:TrackPointExtension>
        </extensions>
      </trkpt>
      <trkpt lat="55.78851076774299144744873046875" lon="14.20094062574207782745361328125">
        <ele>7.400000095367431640625</ele>
        <time>2026-07-18T05:23:22.000Z</time>
        <extensions>
          <ns3:TrackPointExtension>
            <ns3:atemp>26.0</ns3:atemp>
            <ns3:hr>55</ns3:hr>
            <ns3:cad>0</ns3:cad>
          </ns3:TrackPointExtension>
        </extensions>
      </trkpt>
      <trkpt lat="55.788658373057842254638671875" lon="14.20064826495945453643798828125">
        <ele>7.80000019073486328125</ele>
        <time>2026-07-18T05:23:25.000Z</time>
        <extensions>
          <ns3:TrackPointExtension>
            <ns3:atemp>26.0</ns3:atemp>
            <ns3:hr>55</ns3:hr>
            <ns3:cad>0</ns3:cad>
          </ns3:TrackPointExtension>
        </extensions>
      </trkpt>
      <trkpt lat="55.78871612437069416046142578125" lon="14.20052153058350086212158203125">
        <ele>8</ele>
        <time>2026-07-18T05:23:26.000Z</time>
        <extensions>
          <ns3:TrackPointExtension>
            <ns3:atemp>26.0</ns3:atemp>
            <ns3:hr>55</ns3:hr>
            <ns3:cad>0</ns3:cad>
          </ns3:TrackPointExtension>
        </extensions>
      </trkpt>
      <trkpt lat="55.78883497975766658782958984375" lon="14.2002510465681552886962890625">
        <ele>8</ele>
        <time>2026-07-18T05:23:28.000Z</time>
        <extensions>
          <ns3:TrackPointExtension>
            <ns3:atemp>26.0</ns3:atemp>
            <ns3:hr>55</ns3:hr>
            <ns3:cad>0</ns3:cad>
          </ns3:TrackPointExtension>
        </extensions>
      </trkpt>
      <trkpt lat="55.78889398835599422454833984375" lon="14.20010293833911418914794921875">
        <ele>8.19999980926513671875</ele>
        <time>2026-07-18T05:23:29.000Z</time>
        <extensions>
          <ns3:TrackPointExtension>
            <ns3:atemp>26.0</ns3:atemp>
            <ns3:hr>55</ns3:hr>
            <ns3:cad>0</ns3:cad>
          </ns3:TrackPointExtension>
        </extensions>
      </trkpt>
      <trkpt lat="55.788950733840465545654296875" lon="14.1999603621661663055419921875">
        <ele>8.19999980926513671875</ele>
        <time>2026-07-18T05:23:30.000Z</time>
        <extensions>
          <ns3:TrackPointExtension>
            <ns3:atemp>26.0</ns3:atemp>
            <ns3:hr>57</ns3:hr>
            <ns3:cad>0</ns3:cad>
          </ns3:TrackPointExtension>
        </extensions>
      </trkpt>
    </trkseg>
  </trk>
</gpx>